file	line	kind	name
Industries/IndustryAerospace.v	66	Theorem	do_178c_compliance
Industries/IndustryAerospace.v	78	Theorem	do_326a_security
Industries/IndustryAerospace.v	85	Theorem	do_333_formal_methods
Industries/IndustryAerospace.v	92	Theorem	arp4754a_development
Industries/IndustryAerospace.v	99	Theorem	do_254_hardware
Industries/IndustryAerospace.v	106	Theorem	dal_a_mcdc_required
Industries/IndustryAerospace.v	117	Theorem	dal_objectives_monotone
Industries/IndustryAerospace.v	163	Lemma	dal_le_iff_nat
Industries/IndustryAerospace.v	172	Lemma	dal_le_refl
Industries/IndustryAerospace.v	176	Lemma	dal_le_trans
Industries/IndustryAerospace.v	185	Lemma	dal_le_antisym
Industries/IndustryAerospace.v	193	Lemma	dal_le_total
Industries/IndustryAerospace.v	198	Lemma	dal_e_bottom
Industries/IndustryAerospace.v	202	Theorem	dal_a_max_objectives
Industries/IndustryAerospace.v	209	Theorem	dal_e_zero_objectives
Industries/IndustryAerospace.v	213	Theorem	objectives_strict_ordering
Industries/IndustryAerospace.v	229	Theorem	mcdc_only_high_dal
Industries/IndustryAerospace.v	242	Theorem	decision_coverage_implies_dal_c_or_above
Industries/IndustryAerospace.v	254	Theorem	do178c_all_requires_plans
Industries/IndustryAerospace.v	263	Theorem	do178c_all_requires_verification
Industries/IndustryAerospace.v	275	Theorem	do178c_all_requires_qa
Industries/IndustryAerospace.v	292	Theorem	formal_methods_only_high_dal
Industries/IndustryAerospace.v	303	Theorem	dal_max_dominates_left
Industries/IndustryAerospace.v	312	Theorem	dal_max_dominates_right
Industries/IndustryAerospace.v	323	Theorem	dal_max_objectives
Industries/IndustryAgriculture.v	51	Theorem	fsma_compliance
Industries/IndustryAgriculture.v	61	Theorem	food_traceability
Industries/IndustryAgriculture.v	68	Theorem	precision_ag_security
Industries/IndustryAgriculture.v	75	Theorem	iso_22000_compliance
Industries/IndustryAgriculture.v	82	Theorem	supply_chain_integrity
Industries/IndustryAgriculture.v	89	Theorem	haccp_required
Industries/IndustryAgriculture.v	100	Theorem	recall_capability_required
Industries/IndustryAgriculture.v	149	Theorem	chemical_usage_highest_sensitivity
Industries/IndustryAgriculture.v	155	Theorem	agri_data_sensitivity_positive
Industries/IndustryAgriculture.v	171	Theorem	hazard_severity_bounded
Industries/IndustryAgriculture.v	177	Theorem	biological_radiological_equal
Industries/IndustryAgriculture.v	193	Theorem	higher_severity_more_frequent
Industries/IndustryAgriculture.v	200	Theorem	haccp_frequency_positive
Industries/IndustryAgriculture.v	212	Theorem	all_controls_implies_haccp
Industries/IndustryAgriculture.v	221	Theorem	all_controls_implies_recall
Industries/IndustryAgriculture.v	229	Theorem	all_controls_implies_traceability
Industries/IndustryAgriculture.v	252	Theorem	farm_area_meets_minimum
Industries/IndustryAgriculture.v	269	Theorem	traceability_dates_valid
Industries/IndustryAgriculture.v	282	Theorem	agri_effect_eq_refl
Industries/IndustryAgriculture.v	300	Theorem	risk_score_positive
Industries/IndustryAgriculture.v	307	Theorem	risk_score_bounded
Industries/IndustryAgriculture.v	323	Theorem	count_controls_bounded
Industries/IndustryAgriculture.v	332	Theorem	all_controls_count_six
Industries/IndustryEducation.v	49	Theorem	ferpa_compliance
Industries/IndustryEducation.v	59	Theorem	coppa_compliance
Industries/IndustryEducation.v	67	Theorem	cipa_compliance
Industries/IndustryEducation.v	74	Theorem	state_privacy_compliance
Industries/IndustryEducation.v	81	Theorem	vendor_data_practices
Industries/IndustryEducation.v	88	Theorem	education_record_consent
Industries/IndustryEducation.v	99	Theorem	under13_parental_consent
Industries/IndustryEducation.v	147	Theorem	special_ed_highest
Industries/IndustryEducation.v	153	Theorem	health_records_highest
Industries/IndustryEducation.v	159	Theorem	student_data_sensitivity_positive
Industries/IndustryEducation.v	173	Theorem	coppa_only_under13
Industries/IndustryEducation.v	179	Theorem	adult_no_coppa
Industries/IndustryEducation.v	185	Theorem	teen_no_coppa
Industries/IndustryEducation.v	197	Theorem	all_ferpa_implies_consent
Industries/IndustryEducation.v	210	Theorem	all_ferpa_implies_disclosure_tracking
Industries/IndustryEducation.v	218	Theorem	all_ferpa_implies_access
Industries/IndustryEducation.v	240	Theorem	student_age_meets_minimum
Industries/IndustryEducation.v	246	Theorem	student_grade_within_bounds
Industries/IndustryEducation.v	263	Theorem	retention_positive
Industries/IndustryEducation.v	269	Theorem	education_record_long_retention
Industries/IndustryEducation.v	284	Theorem	count_ferpa_bounded
Industries/IndustryEducation.v	293	Theorem	all_ferpa_count_six
Industries/IndustryEducation.v	313	Theorem	under_13_classified_correctly
Industries/IndustryEducation.v	320	Theorem	adult_classified_correctly
Industries/IndustryEducation.v	328	Theorem	directory_info_least_sensitive
Industries/IndustryEnergy.v	54	Theorem	nerc_cip_compliance
Industries/IndustryEnergy.v	64	Theorem	iec_62351_security
Industries/IndustryEnergy.v	71	Theorem	nrc_cyber_security
Industries/IndustryEnergy.v	78	Theorem	ot_security
Industries/IndustryEnergy.v	85	Theorem	substation_security
Industries/IndustryEnergy.v	92	Theorem	high_impact_all_controls
Industries/IndustryEnergy.v	103	Theorem	esp_required
Industries/IndustryEnergy.v	151	Lemma	cip_le_refl
Industries/IndustryEnergy.v	156	Lemma	cip_le_trans
Industries/IndustryEnergy.v	172	Theorem	high_impact_all_11
Industries/IndustryEnergy.v	175	Theorem	cip_requirements_monotone
Industries/IndustryEnergy.v	192	Theorem	full_cip_requires_identification
Industries/IndustryEnergy.v	201	Theorem	full_cip_requires_perimeter
Industries/IndustryEnergy.v	217	Theorem	full_cip_requires_supply_chain
Industries/IndustryEnergy.v	236	Theorem	control_center_critical
Industries/IndustryEnergy.v	239	Theorem	scada_critical
Industries/IndustryEnergy.v	242	Theorem	bes_criticality_positive
Industries/IndustryEnergy.v	253	Theorem	high_impact_fastest_response
Industries/IndustryEnergy.v	257	Theorem	response_time_decreasing
Industries/IndustryEnergy.v	273	Theorem	rto_bounded
Industries/IndustryEnergy.v	276	Theorem	high_impact_short_rto
Industries/IndustryEnergy.v	287	Theorem	assessment_more_frequent_high
Industries/IndustryEnergy.v	303	Theorem	high_medium_same_retention
Industries/IndustryFinancial.v	73	Theorem	pci_dss_compliance
Industries/IndustryFinancial.v	83	Theorem	swift_csp_compliance
Industries/IndustryFinancial.v	89	Theorem	sox_404_compliance
Industries/IndustryFinancial.v	95	Theorem	glba_safeguards
Industries/IndustryFinancial.v	101	Theorem	dora_resilience
Industries/IndustryFinancial.v	107	Theorem	cvv_not_stored
Industries/IndustryFinancial.v	118	Theorem	pan_masking
Industries/IndustryFinancial.v	126	Theorem	strong_crypto_required
Industries/IndustryFinancial.v	165	Lemma	pci_cardholder_data_dec
Industries/IndustryFinancial.v	172	Lemma	pan_is_cardholder
Industries/IndustryFinancial.v	176	Lemma	cvv_is_cardholder
Industries/IndustryFinancial.v	180	Lemma	pin_is_cardholder
Industries/IndustryFinancial.v	184	Lemma	non_card_data_not_pci
Industries/IndustryFinancial.v	205	Theorem	tx_final_not_pending
Industries/IndustryFinancial.v	211	Theorem	tx_pending_not_final
Industries/IndustryFinancial.v	217	Theorem	balance_always_valid
Industries/IndustryFinancial.v	229	Lemma	all_unique_nil
Industries/IndustryFinancial.v	232	Lemma	all_unique_singleton
Industries/IndustryFinancial.v	241	Theorem	audit_log_never_shrinks
Industries/IndustryFinancial.v	262	Theorem	kyc_requires_identity
Industries/IndustryFinancial.v	270	Theorem	kyc_requires_sanctions
Industries/IndustryFinancial.v	283	Theorem	aml_risk_bounded
Industries/IndustryFinancial.v	298	Theorem	compound_zero_periods
Industries/IndustryFinancial.v	302	Theorem	compound_monotone
Industries/IndustryFinancial.v	315	Theorem	conversion_bounded
Industries/IndustryFinancial.v	326	Theorem	fraud_score_max_1000
Industries/IndustryFinancial.v	344	Theorem	wire_requires_dual_auth
Industries/IndustryFinancial.v	355	Theorem	frozen_account_inactive
Industries/IndustryFinancial.v	359	Theorem	unfrozen_account_active
Industries/IndustryFinancial.v	367	Theorem	capital_ratio_check
Industries/IndustryGovernment.v	61	Theorem	fisma_compliance
Industries/IndustryGovernment.v	70	Theorem	fedramp_authorization
Industries/IndustryGovernment.v	77	Theorem	nist_800_53_compliance
Industries/IndustryGovernment.v	84	Theorem	cjis_compliance
Industries/IndustryGovernment.v	91	Theorem	fips_140_3_compliance
Industries/IndustryGovernment.v	98	Theorem	high_impact_all_families
Industries/IndustryGovernment.v	109	Theorem	fips_crypto_required
Industries/IndustryGovernment.v	156	Lemma	fisma_le_refl
Industries/IndustryGovernment.v	159	Lemma	fisma_le_trans
Industries/IndustryGovernment.v	182	Theorem	high_most_controls
Industries/IndustryGovernment.v	186	Theorem	controls_monotone
Industries/IndustryGovernment.v	199	Theorem	minimum_requires_access_control
Industries/IndustryGovernment.v	208	Theorem	minimum_requires_audit
Industries/IndustryGovernment.v	219	Theorem	minimum_requires_integrity
Industries/IndustryGovernment.v	232	Theorem	alignment_low
Industries/IndustryGovernment.v	235	Theorem	alignment_moderate
Industries/IndustryGovernment.v	238	Theorem	alignment_high
Industries/IndustryGovernment.v	244	Theorem	cjis_key_sufficient
Industries/IndustryGovernment.v	269	Lemma	fips_le_refl
Industries/IndustryGovernment.v	280	Theorem	high_requires_fips3
Industries/IndustryGovernment.v	283	Theorem	fips_requirement_monotone
Industries/IndustryGovernment.v	300	Theorem	scan_frequency_decreasing
Industries/IndustryGovernment.v	317	Theorem	poam_bounded
Industries/IndustryHealthcare.v	62	Theorem	hipaa_privacy_rule
Industries/IndustryHealthcare.v	72	Theorem	hipaa_security_rule
Industries/IndustryHealthcare.v	83	Theorem	fda_21_cfr_11
Industries/IndustryHealthcare.v	90	Theorem	hitech_breach_notification
Industries/IndustryHealthcare.v	97	Theorem	hl7_fhir_security
Industries/IndustryHealthcare.v	104	Theorem	phi_encryption_required
Industries/IndustryHealthcare.v	115	Theorem	minimum_necessary_access
Industries/IndustryHealthcare.v	133	Lemma	phi_sensitivity_positive
Industries/IndustryHealthcare.v	158	Lemma	max_sensitivity_categories
Industries/IndustryHealthcare.v	167	Lemma	demographics_minimum
Industries/IndustryHealthcare.v	174	Lemma	genetic_sensitivity_ordering
Industries/IndustryHealthcare.v	186	Lemma	hipaa_all_controls_access
Industries/IndustryHealthcare.v	189	Lemma	hipaa_all_controls_audit
Industries/IndustryHealthcare.v	192	Lemma	hipaa_all_controls_integrity
Industries/IndustryHealthcare.v	195	Lemma	hipaa_all_controls_transmission
Industries/IndustryHealthcare.v	198	Lemma	hipaa_all_controls_encryption
Industries/IndustryHealthcare.v	205	Theorem	hipaa_full_implies_minimum
Industries/IndustryHealthcare.v	227	Theorem	break_glass_must_be_logged
Industries/IndustryHealthcare.v	240	Theorem	high_role_accesses_demographics
Industries/IndustryHealthcare.v	248	Theorem	low_role_denied_psychotherapy
Industries/IndustryHealthcare.v	254	Theorem	role_sufficient_access
Industries/IndustryHealthcare.v	275	Theorem	consent_expired_invalid
Industries/IndustryHealthcare.v	284	Theorem	consent_not_granted_invalid
Industries/IndustryHealthcare.v	303	Theorem	retention_minimum_6_years
Industries/IndustryHealthcare.v	309	Theorem	genetic_longest_retention
Industries/IndustryHealthcare.v	319	Theorem	deidentification_removes_sensitivity
Industries/IndustryHealthcare.v	325	Theorem	non_deidentified_preserves_sensitivity
Industries/IndustryHealthcare.v	335	Theorem	dose_range_valid
Industries/IndustryHealthcare.v	349	Theorem	lab_range_bounded
Industries/IndustryLegal.v	49	Theorem	privilege_protection_axiom
Industries/IndustryLegal.v	58	Theorem	aba_model_rules
Industries/IndustryLegal.v	65	Theorem	conflict_screening_axiom
Industries/IndustryLegal.v	72	Theorem	ediscovery_compliance
Industries/IndustryLegal.v	79	Theorem	records_retention
Industries/IndustryLegal.v	86	Theorem	privilege_requires_encryption
Industries/IndustryLegal.v	97	Theorem	ethical_walls_effective
Industries/IndustryLegal.v	144	Theorem	privilege_max_sensitivity
Industries/IndustryLegal.v	148	Theorem	trust_equals_privilege_sensitivity
Industries/IndustryLegal.v	152	Theorem	legal_sensitivity_positive
Industries/IndustryLegal.v	164	Theorem	absolute_strongest
Industries/IndustryLegal.v	168	Theorem	waived_no_protection
Industries/IndustryLegal.v	178	Theorem	absolute_effective
Industries/IndustryLegal.v	181	Theorem	waived_not_effective
Industries/IndustryLegal.v	184	Theorem	qualified_effective
Industries/IndustryLegal.v	193	Theorem	all_legal_requires_privilege
Industries/IndustryLegal.v	201	Theorem	all_legal_requires_conflict_screening
Industries/IndustryLegal.v	212	Theorem	all_legal_requires_ethical_walls
Industries/IndustryLegal.v	219	Theorem	all_legal_requires_retention
Industries/IndustryLegal.v	237	Theorem	count_legal_bounded
Industries/IndustryLegal.v	246	Theorem	all_controls_count_six
Industries/IndustryLegal.v	271	Theorem	retention_minimum_3
Industries/IndustryLegal.v	275	Theorem	privilege_longest_retention
Industries/IndustryLegal.v	279	Theorem	trust_equals_privilege_retention
Industries/IndustryLegal.v	287	Theorem	same_party_conflict
Industries/IndustryLegal.v	293	Theorem	different_parties_no_conflict
Industries/IndustryLegal.v	306	Theorem	trust_balance_correct
Industries/IndustryLegal.v	317	Theorem	hold_bounds
Industries/IndustryManufacturing.v	65	Theorem	iec_62443_compliance
Industries/IndustryManufacturing.v	75	Theorem	iec_61508_safety
Industries/IndustryManufacturing.v	82	Theorem	zone_conduit_security
Industries/IndustryManufacturing.v	89	Theorem	secure_development_lifecycle
Industries/IndustryManufacturing.v	96	Theorem	nist_800_82_compliance
Industries/IndustryManufacturing.v	103	Theorem	sl4_state_level_protection
Industries/IndustryManufacturing.v	114	Theorem	zone_boundary_enforcement
Industries/IndustryManufacturing.v	163	Lemma	sl_le_refl
Industries/IndustryManufacturing.v	168	Lemma	sl_le_trans
Industries/IndustryManufacturing.v	175	Lemma	sl_le_antisym
Industries/IndustryManufacturing.v	197	Lemma	sil_le_refl
Industries/IndustryManufacturing.v	202	Lemma	sil_positive
Industries/IndustryManufacturing.v	220	Lemma	purdue_le_refl
Industries/IndustryManufacturing.v	232	Theorem	same_level_adjacent
Industries/IndustryManufacturing.v	250	Theorem	sff_minimum_60
Industries/IndustryManufacturing.v	256	Theorem	higher_sil_higher_sff
Industries/IndustryManufacturing.v	270	Theorem	full_compliance_requires_zones
Industries/IndustryManufacturing.v	281	Theorem	full_compliance_requires_secure_dev
Industries/IndustryManufacturing.v	300	Theorem	sl4_full_coverage
Industries/IndustryManufacturing.v	303	Theorem	testing_coverage_monotone
Industries/IndustryManufacturing.v	319	Theorem	process_level_isolated
Industries/IndustryManufacturing.v	322	Theorem	control_level_isolated
Industries/IndustryManufacturing.v	325	Theorem	business_level_not_ot
Industries/IndustryManufacturing.v	338	Theorem	patch_window_decreasing
Industries/IndustryMedia.v	50	Theorem	movielabs_ecp_compliance
Industries/IndustryMedia.v	61	Theorem	dci_security
Industries/IndustryMedia.v	68	Theorem	tpn_compliance
Industries/IndustryMedia.v	75	Theorem	forensic_watermark
Industries/IndustryMedia.v	82	Theorem	cdsa_compliance
Industries/IndustryMedia.v	89	Theorem	prerelease_maximum_protection
Industries/IndustryMedia.v	100	Theorem	watermark_persistence
Industries/IndustryMedia.v	145	Theorem	prerelease_highest_sensitivity
Industries/IndustryMedia.v	149	Theorem	postrelease_lowest_sensitivity
Industries/IndustryMedia.v	153	Theorem	content_sensitivity_positive
Industries/IndustryMedia.v	167	Theorem	hardware_strongest
Industries/IndustryMedia.v	171	Theorem	unencrypted_weakest
Industries/IndustryMedia.v	179	Theorem	hw_protects_any_content
Industries/IndustryMedia.v	186	Theorem	unencrypted_inadequate_for_prerelease
Industries/IndustryMedia.v	190	Theorem	postrelease_accepts_basic_drm
Industries/IndustryMedia.v	199	Theorem	ecp_all_requires_encryption
Industries/IndustryMedia.v	207	Theorem	ecp_all_requires_watermarking
Industries/IndustryMedia.v	217	Theorem	ecp_all_requires_no_copies
Industries/IndustryMedia.v	233	Theorem	count_ecp_bounded
Industries/IndustryMedia.v	242	Theorem	all_ecp_count_six
Industries/IndustryMedia.v	258	Theorem	dci_key_sufficient
Industries/IndustryMedia.v	276	Theorem	viewing_bounded
Industries/IndustryMedia.v	288	Theorem	screener_bounded
Industries/IndustryMilitary.v	56	Theorem	nist_800_171_access_control
Industries/IndustryMilitary.v	66	Theorem	cmmc_level3_compliance
Industries/IndustryMilitary.v	74	Theorem	itar_export_control
Industries/IndustryMilitary.v	81	Theorem	mil_std_882_safety
Industries/IndustryMilitary.v	88	Theorem	rmf_authorization
Industries/IndustryMilitary.v	95	Lemma	class_le_refl
Industries/IndustryMilitary.v	103	Lemma	class_le_trans
Industries/IndustryMilitary.v	113	Theorem	no_read_up
Industries/IndustryMilitary.v	159	Lemma	class_le_iff_nat
Industries/IndustryMilitary.v	168	Lemma	class_le_antisym
Industries/IndustryMilitary.v	180	Lemma	class_le_total
Industries/IndustryMilitary.v	188	Lemma	unclassified_bottom
Industries/IndustryMilitary.v	195	Lemma	ts_sci_top
Industries/IndustryMilitary.v	202	Theorem	bell_lapadula_ss
Industries/IndustryMilitary.v	211	Theorem	bell_lapadula_star
Industries/IndustryMilitary.v	224	Lemma	has_compartment_In
Industries/IndustryMilitary.v	237	Lemma	empty_need_to_know_unrestricted
Industries/IndustryMilitary.v	244	Theorem	comsec_required_for_classified_comms
Industries/IndustryMilitary.v	255	Theorem	tempest_required_for_secret
Industries/IndustryMilitary.v	266	Theorem	cross_domain_no_downgrade
Industries/IndustryMilitary.v	279	Lemma	class_max_ge_left
Industries/IndustryMilitary.v	289	Lemma	class_max_ge_right
Industries/IndustryMilitary.v	300	Theorem	aggregation_raises_classification
Industries/IndustryMilitary.v	313	Lemma	key_level_monotone
Industries/IndustryMilitary.v	323	Theorem	personnel_clearance_dominates
Industries/IndustryMilitary.v	335	Theorem	weapon_auth_requires_ts
Industries/IndustryMilitary.v	354	Theorem	redundancy_monotone
Industries/IndustryRealEstate.v	52	Theorem	smart_building_security
Industries/IndustryRealEstate.v	63	Theorem	bacnet_security
Industries/IndustryRealEstate.v	70	Theorem	access_control_security
Industries/IndustryRealEstate.v	77	Theorem	transaction_protection
Industries/IndustryRealEstate.v	84	Theorem	iot_device_security
Industries/IndustryRealEstate.v	91	Theorem	building_segmentation
Industries/IndustryRealEstate.v	102	Theorem	safety_failsafe
Industries/IndustryRealEstate.v	149	Theorem	financial_records_max_sensitivity
Industries/IndustryRealEstate.v	153	Theorem	access_credentials_max_sensitivity
Industries/IndustryRealEstate.v	157	Theorem	property_sensitivity_positive
Industries/IndustryRealEstate.v	172	Theorem	fire_safety_critical
Industries/IndustryRealEstate.v	175	Theorem	elevator_critical
Industries/IndustryRealEstate.v	178	Theorem	system_criticality_positive
Industries/IndustryRealEstate.v	182	Theorem	fire_elevator_equal_criticality
Industries/IndustryRealEstate.v	193	Theorem	fire_safety_is_critical
Industries/IndustryRealEstate.v	196	Theorem	hvac_not_safety_critical
Industries/IndustryRealEstate.v	199	Theorem	safety_critical_high_criticality
Industries/IndustryRealEstate.v	211	Theorem	all_controls_requires_segmentation
Industries/IndustryRealEstate.v	220	Theorem	all_controls_requires_auth
Industries/IndustryRealEstate.v	232	Theorem	all_controls_requires_failsafe
Industries/IndustryRealEstate.v	249	Theorem	count_building_bounded
Industries/IndustryRealEstate.v	258	Theorem	all_controls_count_six
Industries/IndustryRealEstate.v	276	Theorem	fire_safety_long_retention
Industries/IndustryRealEstate.v	280	Theorem	retention_positive
Industries/IndustryRealEstate.v	292	Theorem	firmware_no_downgrade
Industries/IndustryRealEstate.v	303	Theorem	occupancy_bounded
Industries/IndustryRetail.v	54	Theorem	ecommerce_pci_compliance
Industries/IndustryRetail.v	64	Theorem	ccpa_compliance
Industries/IndustryRetail.v	71	Theorem	gdpr_compliance
Industries/IndustryRetail.v	78	Theorem	owasp_prevention
Industries/IndustryRetail.v	88	Theorem	soc2_compliance
Industries/IndustryRetail.v	95	Theorem	tls_required
Industries/IndustryRetail.v	106	Theorem	csrf_tokens_required
Industries/IndustryRetail.v	153	Theorem	payment_biometric_highest
Industries/IndustryRetail.v	157	Theorem	payment_max_sensitivity
Industries/IndustryRetail.v	161	Theorem	consumer_sensitivity_positive
Industries/IndustryRetail.v	177	Theorem	right_to_nat_positive
Industries/IndustryRetail.v	181	Theorem	right_to_nat_bounded
Industries/IndustryRetail.v	191	Theorem	all_ecom_requires_tls
Industries/IndustryRetail.v	199	Theorem	all_ecom_requires_pci
Industries/IndustryRetail.v	206	Theorem	all_ecom_requires_sqli
Industries/IndustryRetail.v	216	Theorem	all_ecom_requires_xss
Industries/IndustryRetail.v	236	Theorem	count_ecommerce_bounded
Industries/IndustryRetail.v	246	Theorem	all_controls_count_eight
Industries/IndustryRetail.v	266	Theorem	expired_data_must_delete
Industries/IndustryRetail.v	278	Theorem	expired_session_invalid
Industries/IndustryRetail.v	289	Theorem	order_amount_positive
Industries/IndustryRetail.v	297	Theorem	order_amount_bounded
Industries/IndustryRetail.v	309	Theorem	inventory_bounded
Industries/IndustryTelecom.v	51	Theorem	security_5g_compliance
Industries/IndustryTelecom.v	62	Theorem	gsma_security
Industries/IndustryTelecom.v	69	Theorem	slice_isolation
Industries/IndustryTelecom.v	76	Theorem	signaling_security
Industries/IndustryTelecom.v	83	Theorem	nfv_security
Industries/IndustryTelecom.v	90	Theorem	integrity_mandatory_5g
Industries/IndustryTelecom.v	101	Theorem	up_integrity_available
Industries/IndustryTelecom.v	157	Theorem	core_most_critical
Industries/IndustryTelecom.v	161	Theorem	domain_criticality_positive
Industries/IndustryTelecom.v	172	Theorem	ausf_is_auth
Industries/IndustryTelecom.v	175	Theorem	amf_not_auth
Industries/IndustryTelecom.v	184	Theorem	all_sec_requires_auth
Industries/IndustryTelecom.v	193	Theorem	all_sec_requires_nas
Industries/IndustryTelecom.v	205	Theorem	all_sec_requires_slicing
Industries/IndustryTelecom.v	227	Theorem	same_slice_not_isolated
Industries/IndustryTelecom.v	238	Theorem	latency_bounded
Industries/IndustryTelecom.v	253	Theorem	supi_always_concealed_in_core
Industries/IndustryTelecom.v	257	Theorem	supi_concealed_ran_requires_encryption
Industries/IndustryTelecom.v	261	Theorem	supi_concealed_ran_with_encryption
Industries/IndustryTelecom.v	275	Theorem	ran_deepest_key_hierarchy
Industries/IndustryTelecom.v	283	Theorem	roaming_no_upgrade
Industries/IndustryTelecom.v	289	Theorem	roaming_bounded_by_visited
Industries/IndustryTelecom.v	306	Theorem	li_requires_authorization
Industries/IndustryTelecom.v	313	Theorem	li_requires_logging
Industries/IndustryTransportation.v	53	Theorem	iso_26262_compliance
Industries/IndustryTransportation.v	63	Theorem	iso_21434_cybersecurity
Industries/IndustryTransportation.v	70	Theorem	unece_r155_compliance
Industries/IndustryTransportation.v	77	Theorem	en_50128_compliance
Industries/IndustryTransportation.v	84	Theorem	imo_maritime_cyber
Industries/IndustryTransportation.v	91	Theorem	asil_d_highest_rigor
Industries/IndustryTransportation.v	101	Theorem	cyber_safety_interface
Industries/IndustryTransportation.v	151	Lemma	asil_le_refl
Industries/IndustryTransportation.v	154	Lemma	asil_le_trans
Industries/IndustryTransportation.v	161	Lemma	asil_le_antisym
Industries/IndustryTransportation.v	183	Lemma	sil_le_refl
Industries/IndustryTransportation.v	196	Theorem	asil_d_full_coverage
Industries/IndustryTransportation.v	199	Theorem	asil_coverage_monotone
Industries/IndustryTransportation.v	218	Theorem	work_products_monotone
Industries/IndustryTransportation.v	231	Theorem	asil_decomposition_valid
Industries/IndustryTransportation.v	244	Theorem	full_requires_hazard_analysis
Industries/IndustryTransportation.v	252	Theorem	full_requires_software_design
Industries/IndustryTransportation.v	263	Theorem	full_requires_cyber_interface
Industries/IndustryTransportation.v	280	Theorem	sil4_zero_tolerable_hazard
Industries/IndustryTransportation.v	284	Theorem	hazard_rate_decreasing
Industries/IndustryTransportation.v	297	Theorem	safety_critical_faster_auth
Industries/IndustryTransportation.v	305	Theorem	version_no_downgrade
compliance/DO178CCompliance.v	363	Theorem	COMPLY_003_01
compliance/DO178CCompliance.v	393	Theorem	COMPLY_003_02
compliance/DO178CCompliance.v	411	Theorem	COMPLY_003_03
compliance/DO178CCompliance.v	429	Theorem	COMPLY_003_04
compliance/DO178CCompliance.v	447	Theorem	COMPLY_003_05
compliance/DO178CCompliance.v	472	Theorem	COMPLY_003_06
compliance/DO178CCompliance.v	495	Theorem	COMPLY_003_07
compliance/DO178CCompliance.v	510	Theorem	COMPLY_003_08
compliance/DO178CCompliance.v	532	Theorem	COMPLY_003_09
compliance/DO178CCompliance.v	557	Theorem	COMPLY_003_10
compliance/DO178CCompliance.v	582	Theorem	COMPLY_003_11
compliance/DO178CCompliance.v	605	Theorem	COMPLY_003_12
compliance/DO178CCompliance.v	623	Theorem	COMPLY_003_13
compliance/DO178CCompliance.v	641	Theorem	COMPLY_003_14
compliance/DO178CCompliance.v	661	Theorem	COMPLY_003_15
compliance/DO178CCompliance.v	684	Theorem	COMPLY_003_16
compliance/DO178CCompliance.v	713	Theorem	COMPLY_003_17
compliance/DO178CCompliance.v	733	Theorem	COMPLY_003_18
compliance/DO178CCompliance.v	753	Theorem	COMPLY_003_19
compliance/DO178CCompliance.v	776	Theorem	COMPLY_003_20
compliance/DO178CCompliance.v	825	Theorem	DAL_A_Full_Compliance
compliance/HIPAACompliance.v	229	Theorem	COMPLY_001_01
compliance/HIPAACompliance.v	247	Theorem	COMPLY_001_02
compliance/HIPAACompliance.v	265	Theorem	COMPLY_001_03
compliance/HIPAACompliance.v	280	Theorem	COMPLY_001_04
compliance/HIPAACompliance.v	299	Theorem	COMPLY_001_05
compliance/HIPAACompliance.v	316	Theorem	COMPLY_001_06
compliance/HIPAACompliance.v	330	Theorem	COMPLY_001_07
compliance/HIPAACompliance.v	347	Theorem	COMPLY_001_08
compliance/HIPAACompliance.v	368	Theorem	COMPLY_001_09
compliance/HIPAACompliance.v	395	Theorem	COMPLY_001_10
compliance/HIPAACompliance.v	411	Theorem	COMPLY_001_11
compliance/HIPAACompliance.v	427	Theorem	COMPLY_001_12
compliance/HIPAACompliance.v	448	Theorem	COMPLY_001_13
compliance/HIPAACompliance.v	491	Theorem	COMPLY_001_14
compliance/HIPAACompliance.v	513	Theorem	COMPLY_001_15
compliance/PCIDSSCompliance.v	233	Theorem	COMPLY_002_01_pan_masking
compliance/PCIDSSCompliance.v	247	Theorem	COMPLY_002_01_pan_masking_valid
compliance/PCIDSSCompliance.v	253	Theorem	COMPLY_002_02_pan_encryption
compliance/PCIDSSCompliance.v	270	Theorem	COMPLY_002_02_pan_plain_forbidden
compliance/PCIDSSCompliance.v	276	Theorem	COMPLY_002_02_pan_aes128_insufficient
compliance/PCIDSSCompliance.v	282	Theorem	COMPLY_002_03_cvv_never_stored
compliance/PCIDSSCompliance.v	292	Theorem	COMPLY_002_03_cvv_no_compliant_encryption
compliance/PCIDSSCompliance.v	300	Theorem	COMPLY_002_04_pin_never_stored
compliance/PCIDSSCompliance.v	310	Theorem	COMPLY_002_04_pin_no_compliant_encryption
compliance/PCIDSSCompliance.v	318	Theorem	COMPLY_002_05_key_rotation_detection
compliance/PCIDSSCompliance.v	333	Theorem	COMPLY_002_05_key_no_rotation_needed
compliance/PCIDSSCompliance.v	344	Theorem	COMPLY_002_06_access_requires_need_to_know
compliance/PCIDSSCompliance.v	362	Theorem	COMPLY_002_06_no_access_level_denied
compliance/PCIDSSCompliance.v	388	Theorem	COMPLY_002_07_unique_ids_singleton
compliance/PCIDSSCompliance.v	398	Theorem	COMPLY_002_07_unique_ids_empty
compliance/PCIDSSCompliance.v	406	Theorem	COMPLY_002_08_mfa_required
compliance/PCIDSSCompliance.v	425	Theorem	COMPLY_002_08_access_granted_implies_mfa
compliance/PCIDSSCompliance.v	439	Theorem	COMPLY_002_09_audit_entry_has_timestamp
compliance/PCIDSSCompliance.v	453	Theorem	COMPLY_002_09_audit_entry_has_user
compliance/PCIDSSCompliance.v	463	Theorem	COMPLY_002_09_audit_entry_has_action
compliance/PCIDSSCompliance.v	473	Theorem	COMPLY_002_10_audit_has_hash
compliance/PCIDSSCompliance.v	487	Theorem	COMPLY_002_10_empty_log_valid
compliance/PCIDSSCompliance.v	496	Theorem	COMPLY_002_11_tls12_compliant
compliance/PCIDSSCompliance.v	506	Theorem	COMPLY_002_11_tls13_compliant
compliance/PCIDSSCompliance.v	512	Theorem	COMPLY_002_11_old_tls_non_compliant
compliance/PCIDSSCompliance.v	518	Theorem	COMPLY_002_11_transmission_requires_encryption
compliance/PCIDSSCompliance.v	530	Theorem	COMPLY_002_12_token_no_key_no_pan
compliance/PCIDSSCompliance.v	544	Theorem	COMPLY_002_12_tokenization_irreversible_without_key
compliance/PCIDSSCompliance.v	554	Theorem	COMPLY_002_13_past_retention_detected
compliance/PCIDSSCompliance.v	569	Theorem	COMPLY_002_13_within_retention_ok
compliance/PCIDSSCompliance.v	580	Theorem	COMPLY_002_14_secure_deletion_unrecoverable
compliance/PCIDSSCompliance.v	598	Theorem	COMPLY_002_14_not_deleted_recoverable
compliance/PCIDSSCompliance.v	604	Theorem	COMPLY_002_14_marked_still_recoverable
compliance/PCIDSSCompliance.v	610	Theorem	COMPLY_002_15_cde_requires_isolation
compliance/PCIDSSCompliance.v	628	Theorem	COMPLY_002_15_cde_requires_firewall
compliance/PCIDSSCompliance.v	642	Theorem	COMPLY_002_15_non_cde_always_compliant
compliance/PCIDSSCompliance.v	653	Theorem	COMPLY_002_15_vault_isolation
compliance/VerifiedCompliance.v	406	Theorem	AJ_001_01_gdpr_data_minimization
compliance/VerifiedCompliance.v	426	Theorem	AJ_001_02_gdpr_purpose_limitation
compliance/VerifiedCompliance.v	442	Theorem	AJ_001_03_gdpr_storage_limitation
compliance/VerifiedCompliance.v	458	Theorem	AJ_001_04_gdpr_accuracy
compliance/VerifiedCompliance.v	474	Theorem	AJ_001_05_gdpr_integrity
compliance/VerifiedCompliance.v	490	Theorem	AJ_001_06_gdpr_access_right
compliance/VerifiedCompliance.v	505	Theorem	AJ_001_07_gdpr_erasure_right
compliance/VerifiedCompliance.v	530	Theorem	AJ_001_08_gdpr_portability
compliance/VerifiedCompliance.v	546	Theorem	AJ_001_09_gdpr_consent_valid
compliance/VerifiedCompliance.v	562	Theorem	AJ_001_10_hipaa_phi_protected
compliance/VerifiedCompliance.v	580	Theorem	AJ_001_11_hipaa_access_control
compliance/VerifiedCompliance.v	594	Theorem	AJ_001_12_hipaa_audit_controls
compliance/VerifiedCompliance.v	608	Theorem	AJ_001_13_hipaa_minimum_necessary
compliance/VerifiedCompliance.v	622	Theorem	AJ_001_14_hipaa_encryption
compliance/VerifiedCompliance.v	636	Theorem	AJ_001_15_hipaa_integrity
compliance/VerifiedCompliance.v	650	Theorem	AJ_001_16_hipaa_availability
compliance/VerifiedCompliance.v	664	Theorem	AJ_001_17_hipaa_breach_notification
compliance/VerifiedCompliance.v	678	Theorem	AJ_001_18_pci_network_segmentation
compliance/VerifiedCompliance.v	697	Theorem	AJ_001_19_pci_cardholder_protection
compliance/VerifiedCompliance.v	711	Theorem	AJ_001_20_pci_encryption
compliance/VerifiedCompliance.v	725	Theorem	AJ_001_21_pci_access_restricted
compliance/VerifiedCompliance.v	740	Theorem	AJ_001_22_pci_unique_ids
compliance/VerifiedCompliance.v	751	Theorem	AJ_001_23_pci_physical_security
compliance/VerifiedCompliance.v	764	Theorem	AJ_001_24_pci_logging
compliance/VerifiedCompliance.v	775	Theorem	AJ_001_25_pci_testing
compliance/VerifiedCompliance.v	786	Theorem	AJ_001_26_control_mapping_complete
compliance/VerifiedCompliance.v	805	Theorem	AJ_001_27_evidence_chain_valid
compliance/VerifiedCompliance.v	818	Theorem	AJ_001_28_continuous_monitoring
compliance/VerifiedCompliance.v	835	Theorem	AJ_001_29_proof_as_evidence
compliance/VerifiedCompliance.v	854	Theorem	AJ_001_30_audit_trail_complete
compliance/VerifiedCompliance.v	870	Theorem	AJ_001_31_compliance_composition
compliance/VerifiedCompliance.v	887	Theorem	AJ_001_32_regulation_coverage
compliance/VerifiedCompliance.v	903	Theorem	AJ_001_33_control_effectiveness
compliance/VerifiedCompliance.v	917	Theorem	AJ_001_34_gap_detection
compliance/VerifiedCompliance.v	933	Theorem	AJ_001_35_remediation_tracked
domains/AIMLSecurity.v	192	Lemma	all_true_single
domains/AIMLSecurity.v	198	Lemma	all_true_cons
domains/AIMLSecurity.v	215	Theorem	ai_001_adversarial_examples_mitigated
domains/AIMLSecurity.v	229	Theorem	ai_001_adversarial_examples_strong_defense
domains/AIMLSecurity.v	252	Theorem	ai_002_model_poisoning_mitigated
domains/AIMLSecurity.v	265	Theorem	ai_002_model_poisoning_complete_verification
domains/AIMLSecurity.v	288	Theorem	ai_003_data_poisoning_mitigated
domains/AIMLSecurity.v	308	Theorem	ai_003_data_poisoning_with_anomaly_detection
domains/AIMLSecurity.v	329	Theorem	ai_004_model_extraction_mitigated
domains/AIMLSecurity.v	345	Theorem	ai_004_watermark_robustness
domains/AIMLSecurity.v	366	Theorem	ai_005_membership_inference_mitigated
domains/AIMLSecurity.v	386	Theorem	ai_005_strong_differential_privacy
domains/AIMLSecurity.v	405	Theorem	ai_006_model_inversion_mitigated
domains/AIMLSecurity.v	419	Theorem	ai_006_complete_privacy_protection
domains/AIMLSecurity.v	442	Theorem	ai_007_backdoor_attack_mitigated
domains/AIMLSecurity.v	464	Theorem	ai_007_backdoor_detection_complete
domains/AIMLSecurity.v	485	Theorem	ai_008_prompt_injection_mitigated
domains/AIMLSecurity.v	499	Theorem	ai_008_complete_input_validation
domains/AIMLSecurity.v	520	Theorem	ai_009_jailbreaking_mitigated
domains/AIMLSecurity.v	535	Theorem	ai_009_complete_safety_training
domains/AIMLSecurity.v	558	Theorem	ai_010_ai_generated_malware_mitigated
domains/AIMLSecurity.v	574	Theorem	ai_010_defense_in_depth_complete
domains/AIMLSecurity.v	598	Theorem	ai_011_deepfakes_mitigated
domains/AIMLSecurity.v	614	Theorem	ai_011_complete_provenance
domains/AIMLSecurity.v	637	Theorem	ai_012_federated_learning_attack_mitigated
domains/AIMLSecurity.v	652	Theorem	ai_012_complete_secure_aggregation
domains/AIMLSecurity.v	675	Theorem	ai_013_gradient_leakage_mitigated
domains/AIMLSecurity.v	696	Theorem	ai_013_gradient_protection_strong
domains/AIMLSecurity.v	714	Theorem	ai_014_evasion_attack_mitigated
domains/AIMLSecurity.v	729	Theorem	ai_014_certified_robustness
domains/AIMLSecurity.v	752	Theorem	ai_015_model_dos_mitigated
domains/AIMLSecurity.v	767	Theorem	ai_015_complete_resource_limits
domains/AIMLSecurity.v	790	Theorem	ai_016_cross_prompt_injection_mitigated
domains/AIMLSecurity.v	805	Theorem	ai_016_complete_input_isolation
domains/AIMLSecurity.v	829	Theorem	ai_017_ai_agent_swarms_mitigated
domains/AIMLSecurity.v	845	Theorem	ai_017_complete_agent_verification
domains/AIMLSecurity.v	869	Theorem	ai_018_mcp_server_exploitation_mitigated
domains/AIMLSecurity.v	885	Theorem	ai_018_complete_protocol_verification
domains/AIMLSecurity.v	900	Theorem	composition_strengthens_security
domains/AIMLSecurity.v	919	Theorem	mitigation_transitivity
domains/AIMLSecurity.v	931	Theorem	defense_layer_accumulation
domains/AIMLSecurity.v	945	Theorem	privacy_security_coexistence
domains/ASEANCompliance.v	64	Theorem	data_residency
domains/ASEANCompliance.v	81	Theorem	cross_border_requires_auth
domains/ASEANCompliance.v	94	Theorem	jurisdiction_leq_reflexive
domains/ASEANCompliance.v	104	Theorem	jurisdiction_leq_transitive
domains/ASEANCompliance.v	111	Theorem	jurisdiction_preorder
domains/ASEANCompliance.v	127	Theorem	compliance_composition
domains/ASEANCompliance.v	136	Theorem	data_sovereignty
domains/ASEANCompliance.v	153	Theorem	authorization_downward_closed
domains/ASEANCompliance.v	180	Theorem	audit_trail_completeness
domains/ASEANCompliance.v	188	Theorem	audit_trail_preservation
domains/ASEANCompliance.v	205	Theorem	policy_monotonicity
domains/ASEANCompliance.v	216	Theorem	same_jurisdiction_compliant
domains/ASEANCompliance.v	227	Theorem	audit_trail_grows
domains/ASEANCompliance.v	272	Theorem	local_only_blocks_cross_border
domains/ASEANCompliance.v	282	Theorem	regional_allows_intra_asean
domains/ASEANCompliance.v	292	Theorem	global_allows_all
domains/ASEANCompliance.v	304	Theorem	adequacy_list_membership
domains/ASEANCompliance.v	333	Theorem	asean_data_flow_compliant
domains/ASEANCompliance.v	357	Theorem	breach_notification_timeliness
domains/ASEANCompliance.v	365	Theorem	stricter_deadline_satisfies_weaker
domains/ASEANCompliance.v	395	Theorem	mcc_compliance
domains/ASEANCompliance.v	407	Theorem	higher_standard_subsumes
domains/ASEANCompliance.v	425	Theorem	mutual_recognition_symmetric
domains/ASEANCompliance.v	434	Theorem	classification_bounded
domains/ASEANCompliance.v	447	Theorem	audit_trail_monotonic
domains/ASEANCompliance.v	458	Theorem	two_transfers_logged
domains/ASEANCompliance.v	477	Theorem	localization_coverage
domains/ASEANCompliance.v	488	Theorem	dpo_appointed_when_required
domains/ASEANCompliance.v	496	Theorem	dpo_not_required_always_met
domains/AlgebraicEffects.v	56	Lemma	effectOp_eqb_eq
domains/AlgebraicEffects.v	64	Lemma	effectOp_eqb_refl
domains/AlgebraicEffects.v	80	Lemma	in_row_In
domains/AlgebraicEffects.v	95	Lemma	row_subset_incl
domains/AlgebraicEffects.v	264	Lemma	row_minus_spec
domains/AlgebraicEffects.v	364	Theorem	EFF_001_01_effect_signature_wellformedness
domains/AlgebraicEffects.v	385	Theorem	EFF_001_02_operation_typing
domains/AlgebraicEffects.v	399	Theorem	EFF_001_03_handler_typing
domains/AlgebraicEffects.v	413	Theorem	EFF_001_04_effect_row_combination
domains/AlgebraicEffects.v	431	Theorem	EFF_001_05_effect_subsumption
domains/AlgebraicEffects.v	450	Theorem	EFF_001_06_pure_computation
domains/AlgebraicEffects.v	474	Lemma	compose_handlers_effects
domains/AlgebraicEffects.v	483	Theorem	EFF_001_07_handler_composition
domains/AlgebraicEffects.v	513	Theorem	EFF_001_08_effect_polymorphism
domains/AlgebraicEffects.v	525	Theorem	EFF_001_09_deep_handler_semantics
domains/AlgebraicEffects.v	539	Theorem	EFF_001_10_shallow_handler_semantics
domains/AlgebraicEffects.v	553	Theorem	EFF_001_11_effect_masking
domains/AlgebraicEffects.v	577	Theorem	EFF_001_12_resumption_linearity
domains/AlgebraicEffects.v	595	Theorem	EFF_001_13_effect_safety
domains/AlgebraicEffects.v	620	Theorem	EFF_001_14_effect_parametricity
domains/AlgebraicEffects.v	647	Lemma	eval_pure_deterministic
domains/AlgebraicEffects.v	663	Theorem	EFF_001_15_effect_coherence
domains/AnonymousComm.v	78	Theorem	anon_001_sender_anonymity
domains/AnonymousComm.v	93	Theorem	anon_002_receiver_anonymity
domains/AnonymousComm.v	104	Theorem	anon_003_layers_match_path
domains/AnonymousComm.v	114	Theorem	anon_004_min_path_length
domains/AnonymousComm.v	129	Theorem	anon_005_entry_guard
domains/AnonymousComm.v	143	Theorem	anon_006_exit_diversity
domains/AnonymousComm.v	152	Theorem	anon_007_layer_order
domains/AnonymousComm.v	167	Theorem	anon_008_unique_keys
domains/AnonymousComm.v	181	Theorem	anon_009_nonce_unique
domains/AnonymousComm.v	190	Theorem	anon_010_unlinkability
domains/AnonymousComm.v	200	Theorem	anon_011_no_sender_in_obs
domains/AnonymousComm.v	210	Theorem	anon_012_no_receiver_in_obs
domains/AnonymousComm.v	220	Theorem	anon_013_compromise_bounded
domains/AnonymousComm.v	235	Theorem	anon_014_path_safe
domains/AnonymousComm.v	249	Theorem	anon_015_pseudonym_rotation
domains/AnonymousComm.v	263	Theorem	anon_016_circuit_lifetime
domains/AnonymousComm.v	277	Theorem	anon_017_constant_traffic
domains/AnonymousComm.v	291	Theorem	anon_018_uniform_size
domains/AnonymousComm.v	305	Theorem	anon_019_forward_secrecy
domains/AnonymousComm.v	319	Theorem	anon_020_intersection_resistance
domains/AnonymousComm.v	333	Theorem	anon_021_rendezvous_hidden
domains/AnonymousComm.v	341	Theorem	anon_022_bidirectional
domains/AnonymousComm.v	355	Theorem	anon_023_no_spof
domains/AnonymousComm.v	370	Theorem	anon_024_replay_prevention
domains/AnonymousComm.v	383	Theorem	anon_025_defense_in_depth
domains/AntiJamming.v	93	Theorem	jam_001_sequence_length
domains/AntiJamming.v	108	Theorem	jam_002_dwell_bounded
domains/AntiJamming.v	123	Theorem	jam_003_processing_gain
domains/AntiJamming.v	133	Theorem	jam_004_code_length
domains/AntiJamming.v	148	Theorem	jam_005_jammer_overcome
domains/AntiJamming.v	163	Theorem	jam_006_channel_diversity
domains/AntiJamming.v	179	Theorem	jam_007_detection_threshold
domains/AntiJamming.v	190	Theorem	jam_008_no_false_positive
domains/AntiJamming.v	213	Theorem	jam_009_adaptation_improves
domains/AntiJamming.v	227	Theorem	jam_010_power_bounded
domains/AntiJamming.v	242	Theorem	jam_011_avoids_jammed
domains/AntiJamming.v	258	Theorem	jam_012_rate_minimum
domains/AntiJamming.v	273	Theorem	jam_013_fec_gain
domains/AntiJamming.v	288	Theorem	jam_014_switch_latency
domains/AntiJamming.v	303	Theorem	jam_015_synchronized
domains/AntiJamming.v	318	Theorem	jam_016_key_required
domains/AntiJamming.v	333	Theorem	jam_017_sweep_detected
domains/AntiJamming.v	348	Theorem	jam_018_reactive_mitigation
domains/AntiJamming.v	363	Theorem	jam_019_adaptation_speed
domains/AntiJamming.v	378	Theorem	jam_020_quality_acceptable
domains/AntiJamming.v	393	Theorem	jam_021_graceful_degradation
domains/AntiJamming.v	408	Theorem	jam_022_fallback_available
domains/AntiJamming.v	423	Theorem	jam_023_interference_localized
domains/AntiJamming.v	437	Theorem	jam_024_redundant_paths
domains/AntiJamming.v	452	Theorem	jam_025_defense_in_depth
domains/AuthenticationProtocols.v	27	Lemma	andb_true_iff
domains/AuthenticationProtocols.v	37	Lemma	andb3_true_iff
domains/AuthenticationProtocols.v	47	Lemma	negb_true_iff
domains/AuthenticationProtocols.v	52	Lemma	leb_le
domains/AuthenticationProtocols.v	55	Lemma	ltb_lt
domains/AuthenticationProtocols.v	328	Theorem	AUTH_001
domains/AuthenticationProtocols.v	334	Theorem	AUTH_002
domains/AuthenticationProtocols.v	335	Theorem	AUTH_003
domains/AuthenticationProtocols.v	336	Theorem	AUTH_004
domains/AuthenticationProtocols.v	337	Theorem	AUTH_005
domains/AuthenticationProtocols.v	338	Theorem	AUTH_006
domains/AuthenticationProtocols.v	339	Theorem	AUTH_007
domains/AuthenticationProtocols.v	340	Theorem	AUTH_008
domains/AuthenticationProtocols.v	344	Theorem	AUTH_009
domains/AuthenticationProtocols.v	350	Theorem	AUTH_010
domains/AuthenticationProtocols.v	356	Theorem	AUTH_011
domains/AuthenticationProtocols.v	360	Theorem	AUTH_012
domains/AuthenticationProtocols.v	366	Theorem	AUTH_013
domains/AuthenticationProtocols.v	371	Theorem	AUTH_014
domains/AuthenticationProtocols.v	376	Theorem	AUTH_015
domains/AuthenticationProtocols.v	380	Theorem	AUTH_016
domains/AuthenticationProtocols.v	383	Theorem	AUTH_017
domains/AuthenticationProtocols.v	386	Theorem	AUTH_018
domains/AuthenticationProtocols.v	389	Theorem	AUTH_019
domains/AuthenticationProtocols.v	392	Theorem	AUTH_020
domains/AuthenticationProtocols.v	395	Theorem	AUTH_021
domains/AuthenticationProtocols.v	398	Theorem	AUTH_022
domains/AuthenticationProtocols.v	402	Theorem	AUTH_023
domains/AuthenticationProtocols.v	406	Theorem	AUTH_024
domains/AuthenticationProtocols.v	410	Theorem	AUTH_025_complete
domains/AuthenticationProtocols.v	419	Theorem	PBKDF2_001_riina_secure
domains/AuthenticationProtocols.v	427	Theorem	PBKDF2_002_sufficient_iterations
domains/AuthenticationProtocols.v	437	Theorem	PBKDF2_003_sufficient_salt
domains/AuthenticationProtocols.v	447	Theorem	PBKDF2_004_sufficient_output
domains/AuthenticationProtocols.v	456	Theorem	PBKDF2_005_approved_algorithm
domains/AuthenticationProtocols.v	464	Theorem	PBKDF2_006_work_factor
domains/AuthenticationProtocols.v	473	Theorem	ARGON2_001_riina_secure
domains/AuthenticationProtocols.v	481	Theorem	ARGON2_002_sufficient_time
domains/AuthenticationProtocols.v	493	Theorem	ARGON2_003_sufficient_memory
domains/AuthenticationProtocols.v	505	Theorem	ARGON2_004_argon2id_variant
domains/AuthenticationProtocols.v	513	Theorem	ARGON2_005_memory_hardness
domains/AuthenticationProtocols.v	522	Theorem	ARGON2_006_parallelism
domains/AuthenticationProtocols.v	534	Theorem	BCRYPT_001_riina_secure
domains/AuthenticationProtocols.v	542	Theorem	BCRYPT_002_sufficient_cost
domains/AuthenticationProtocols.v	551	Theorem	BCRYPT_003_fixed_salt
domains/AuthenticationProtocols.v	560	Theorem	BCRYPT_004_fixed_output
domains/AuthenticationProtocols.v	568	Theorem	BCRYPT_005_exponential_work
domains/AuthenticationProtocols.v	577	Theorem	TOTP_001_riina_secure
domains/AuthenticationProtocols.v	585	Theorem	TOTP_002_sufficient_secret
domains/AuthenticationProtocols.v	595	Theorem	TOTP_003_sufficient_digits
domains/AuthenticationProtocols.v	605	Theorem	TOTP_004_standard_period
domains/AuthenticationProtocols.v	614	Theorem	TOTP_005_limited_drift
domains/AuthenticationProtocols.v	622	Theorem	TOTP_006_brute_force_resistant
domains/AuthenticationProtocols.v	631	Theorem	WEBAUTHN_001_riina_secure
domains/AuthenticationProtocols.v	639	Theorem	WEBAUTHN_002_user_verification
domains/AuthenticationProtocols.v	649	Theorem	WEBAUTHN_003_challenge_entropy
domains/AuthenticationProtocols.v	659	Theorem	WEBAUTHN_004_timeout_range
domains/AuthenticationProtocols.v	670	Theorem	WEBAUTHN_005_impersonation_prevention
domains/AuthenticationProtocols.v	679	Theorem	SESSION_001_riina_secure
domains/AuthenticationProtocols.v	687	Theorem	SESSION_002_sufficient_entropy
domains/AuthenticationProtocols.v	696	Theorem	SESSION_003_rotation_enabled
domains/AuthenticationProtocols.v	708	Theorem	SESSION_004_binding_enabled
domains/AuthenticationProtocols.v	719	Theorem	SESSION_005_secure_flag
domains/AuthenticationProtocols.v	729	Theorem	SESSION_006_httponly_flag
domains/AuthenticationProtocols.v	738	Theorem	SESSION_007_samesite_protection
domains/AuthenticationProtocols.v	746	Theorem	SESSION_008_guessing_resistant
domains/AuthenticationProtocols.v	755	Theorem	OAUTH2_001_riina_secure
domains/AuthenticationProtocols.v	763	Theorem	OAUTH2_002_pkce_required
domains/AuthenticationProtocols.v	772	Theorem	OAUTH2_003_state_required
domains/AuthenticationProtocols.v	783	Theorem	OAUTH2_004_code_entropy
domains/AuthenticationProtocols.v	793	Theorem	OAUTH2_005_short_code_expiry
domains/AuthenticationProtocols.v	802	Theorem	OAUTH2_006_refresh_rotation
domains/AuthenticationProtocols.v	810	Theorem	OAUTH2_007_code_interception_prevention
domains/AuthenticationProtocols.v	821	Theorem	OIDC_001_riina_secure
domains/AuthenticationProtocols.v	829	Theorem	OIDC_002_secure_base
domains/AuthenticationProtocols.v	839	Theorem	OIDC_003_strong_signing
domains/AuthenticationProtocols.v	849	Theorem	OIDC_004_short_id_expiry
domains/AuthenticationProtocols.v	858	Theorem	OIDC_005_claims_verified
domains/AuthenticationProtocols.v	866	Theorem	OIDC_006_inherits_pkce
domains/AuthenticationProtocols.v	875	Theorem	CHALLENGE_001_riina_secure
domains/AuthenticationProtocols.v	883	Theorem	CHALLENGE_002_sufficient_entropy
domains/AuthenticationProtocols.v	893	Theorem	CHALLENGE_003_short_expiry
domains/AuthenticationProtocols.v	903	Theorem	CHALLENGE_004_single_use
domains/AuthenticationProtocols.v	912	Theorem	CHALLENGE_005_session_bound
domains/AuthenticationProtocols.v	920	Theorem	CHALLENGE_006_guessing_resistant
domains/AuthenticationProtocols.v	929	Theorem	CHALLENGE_007_replay_prevention
domains/AuthenticationProtocols.v	940	Theorem	REPLAY_001_riina_secure
domains/AuthenticationProtocols.v	948	Theorem	REPLAY_002_sufficient_nonce
domains/AuthenticationProtocols.v	957	Theorem	REPLAY_003_sufficient_window
domains/AuthenticationProtocols.v	966	Theorem	REPLAY_004_bounded_timestamp
domains/AuthenticationProtocols.v	974	Theorem	REPLAY_005_window_prevents_replay
domains/AuthenticationProtocols.v	983	Theorem	REPLAY_006_limited_attack_window
domains/AuthenticationProtocols.v	992	Theorem	COMPOSITE_001_password_hashing_secure
domains/AuthenticationProtocols.v	1003	Theorem	COMPOSITE_002_mfa_complete
domains/AuthenticationProtocols.v	1009	Theorem	COMPOSITE_003_session_complete
domains/AuthenticationProtocols.v	1016	Theorem	COMPOSITE_004_challenge_complete
domains/AuthenticationProtocols.v	1022	Theorem	COMPOSITE_005_riina_auth_complete
domains/AuthenticationProtocols.v	1039	Theorem	COMPOSITE_006_auth_implies_all
domains/AuthenticationProtocols.v	1096	Theorem	TOKEN_001_valid_not_expired
domains/AuthenticationProtocols.v	1101	Theorem	TOKEN_002_valid_not_invalid
domains/AuthenticationProtocols.v	1106	Theorem	TOKEN_003_valid_not_revoked
domains/AuthenticationProtocols.v	1111	Theorem	TOKEN_004_expired_not_valid
domains/AuthenticationSecurity.v	82	Theorem	auth_001_credential_stuffing_mitigated
domains/AuthenticationSecurity.v	97	Theorem	auth_002_password_spraying_mitigated
domains/AuthenticationSecurity.v	109	Theorem	auth_003_brute_force_mitigated
domains/AuthenticationSecurity.v	130	Theorem	auth_004_pass_the_hash_mitigated
domains/AuthenticationSecurity.v	139	Theorem	auth_005_pass_the_ticket_mitigated
domains/AuthenticationSecurity.v	157	Theorem	auth_006_kerberoasting_mitigated
domains/AuthenticationSecurity.v	173	Theorem	auth_007_golden_ticket_mitigated
domains/AuthenticationSecurity.v	189	Theorem	auth_008_silver_ticket_mitigated
domains/AuthenticationSecurity.v	204	Theorem	auth_009_credential_theft_mitigated
domains/AuthenticationSecurity.v	217	Theorem	auth_010_session_fixation_mitigated
domains/AuthenticationSecurity.v	235	Theorem	auth_011_auth_bypass_mitigated
domains/AuthenticationSecurity.v	252	Theorem	auth_012_oauth_attacks_mitigated
domains/AuthenticationSecurity.v	270	Theorem	auth_013_jwt_attacks_mitigated
domains/AuthenticationSecurity.v	287	Theorem	auth_014_saml_attacks_mitigated
domains/AuthenticationSecurity.v	297	Theorem	auth_015_sso_attacks_mitigated
domains/AuthenticationSecurity.v	308	Theorem	auth_016_mfa_bypass_mitigated
domains/AuthenticationSecurity.v	331	Theorem	auth_017_biometric_spoof_mitigated
domains/AuthenticationSecurity.v	341	Theorem	auth_018_token_theft_mitigated
domains/AuthenticationSecurity.v	360	Theorem	auth_019_replay_mitigated
domains/AuthenticationSecurity.v	389	Theorem	auth_020_phishing_mitigated
domains/BackendComposition.v	100	Theorem	ni_secure_binary
domains/BackendComposition.v	113	Theorem	ni_strong_binary
domains/BackendComposition.v	129	Theorem	id_backend_semantics_preserving
domains/BackendComposition.v	135	Theorem	id_backend_preserves_ni
domains/BackendComposition.v	150	Theorem	compose_semantics_preserving
domains/BackendComposition.v	162	Theorem	ni_secure_composed
domains/BackendComposition.v	173	Theorem	sem_pres_implies_label_pres
domains/BackendComposition.v	185	Theorem	public_output_preserved
domains/BackendComposition.v	194	Theorem	secret_output_preserved
domains/BackendComposition.v	219	Theorem	full_pipeline_ni
domains/BackendComposition.v	229	Theorem	full_pipeline_swift_ni
domains/BackendComposition.v	239	Theorem	label_le_refl
domains/BackendComposition.v	249	Theorem	label_le_trans
domains/BackendComposition.v	257	Theorem	lo_is_bottom
domains/BackendComposition.v	263	Theorem	hi_is_top
domains/BackendComposition.v	269	Theorem	compose_id_left
domains/BackendComposition.v	276	Theorem	compose_id_right
domains/BackendComposition.v	283	Theorem	compose_backend_assoc
domains/BackendComposition.v	291	Theorem	label_preserving_compose
domains/BackendComposition.v	302	Theorem	sem_pres_implies_public_sem_pres
domains/BackendComposition.v	311	Theorem	ni_strong_triple_pipeline
domains/BackendTraitVerification.v	66	Theorem	backend_001_dispatch_total
domains/BackendTraitVerification.v	77	Theorem	backend_001_dispatch_deterministic
domains/BackendTraitVerification.v	84	Theorem	backend_001_native_is_c
domains/BackendTraitVerification.v	91	Theorem	backend_001_wasm32_is_wasm
domains/BackendTraitVerification.v	98	Theorem	backend_001_wasm64_is_wasm
domains/BackendTraitVerification.v	104	Theorem	backend_002_c_preserves_ni
domains/BackendTraitVerification.v	115	Theorem	backend_002_c_preserves_effects
domains/BackendTraitVerification.v	121	Theorem	backend_002_c_preserves_types
domains/BackendTraitVerification.v	127	Theorem	backend_002_c_format
domains/BackendTraitVerification.v	133	Theorem	backend_003_all_preserve_ni
domains/BackendTraitVerification.v	144	Theorem	backend_003_all_preserve_effects
domains/BackendTraitVerification.v	150	Theorem	backend_003_all_preserve_types
domains/BackendTraitVerification.v	156	Theorem	backend_003_dispatch_preserves_all
domains/BackendTraitVerification.v	163	Theorem	backend_004_format_total
domains/BackendTraitVerification.v	174	Theorem	backend_004_wasm_produces_wasm
domains/BackendTraitVerification.v	181	Theorem	backend_004_mobile_produces_bridge
domains/BackendTraitVerification.v	188	Theorem	backend_004_native_produces_c
domains/BackendTraitVerification.v	195	Theorem	backend_004_format_consistent
domains/BackendTraitVerification.v	203	Theorem	backend_wasm32_format
domains/BackendTraitVerification.v	208	Theorem	backend_wasm64_format
domains/BackendTraitVerification.v	212	Theorem	backend_android_format
domains/BinarySizeBounds.v	176	Theorem	PERF_002_01
domains/BinarySizeBounds.v	189	Theorem	PERF_002_02
domains/BinarySizeBounds.v	203	Lemma	sum_bb_sizes_app
domains/BinarySizeBounds.v	217	Theorem	PERF_002_03
domains/BinarySizeBounds.v	226	Lemma	sum_func_sizes_app
domains/BinarySizeBounds.v	241	Theorem	PERF_002_04
domains/BinarySizeBounds.v	249	Lemma	sum_mod_sizes_app
domains/BinarySizeBounds.v	264	Theorem	PERF_002_05
domains/BinarySizeBounds.v	272	Lemma	data_section_size_app
domains/BinarySizeBounds.v	286	Theorem	PERF_002_06
domains/BinarySizeBounds.v	297	Lemma	bss_section_size_app
domains/BinarySizeBounds.v	311	Theorem	PERF_002_07
domains/BinarySizeBounds.v	322	Theorem	PERF_002_08
domains/BinarySizeBounds.v	343	Theorem	PERF_002_09
domains/BinarySizeBounds.v	358	Theorem	PERF_002_10
domains/BinarySizeBounds.v	371	Theorem	PERF_002_11
domains/BinarySizeBounds.v	385	Theorem	PERF_002_12
domains/BinarySizeBounds.v	401	Theorem	PERF_002_13
domains/BinarySizeBounds.v	413	Theorem	PERF_002_14
domains/BinarySizeBounds.v	427	Theorem	PERF_002_15
domains/BufferOverflowPrevention.v	66	Lemma	andb_true_iff
domains/BufferOverflowPrevention.v	73	Theorem	BOF_001_test_buffer_valid
domains/BufferOverflowPrevention.v	82	Theorem	BOF_002_can_write_bounds
domains/BufferOverflowPrevention.v	87	Theorem	BOF_003_cannot_write_beyond
domains/BufferOverflowPrevention.v	92	Theorem	BOF_004_can_read_used
domains/BufferOverflowPrevention.v	97	Theorem	BOF_005_cannot_read_beyond
domains/BufferOverflowPrevention.v	102	Theorem	BOF_006_riina_protected
domains/BufferOverflowPrevention.v	107	Theorem	BOF_007_bounds_check_write
domains/BufferOverflowPrevention.v	118	Theorem	BOF_008_bounds_check_read
domains/BufferOverflowPrevention.v	132	Theorem	BOF_009_integer_overflow
domains/BufferOverflowPrevention.v	144	Theorem	BOF_010_stack_canaries
domains/BufferOverflowPrevention.v	155	Theorem	BOF_011_valid_implies_bounds
domains/BufferOverflowPrevention.v	164	Theorem	BOF_012_riina_bounds_write
domains/BufferOverflowPrevention.v	169	Theorem	BOF_013_riina_canaries
domains/BufferOverflowPrevention.v	174	Theorem	BOF_014_zero_write_safe
domains/BufferOverflowPrevention.v	184	Theorem	BOF_015_complete_prevention
domains/BufferOverflowPrevention.v	200	Theorem	BOF_016_write_bounded
domains/BufferOverflowPrevention.v	211	Theorem	BOF_017_read_start_within
domains/BufferOverflowPrevention.v	222	Theorem	BOF_018_zero_read_safe
domains/BufferOverflowPrevention.v	231	Theorem	BOF_019_full_buffer_no_write
domains/BufferOverflowPrevention.v	240	Theorem	BOF_020_null_terminator_check
domains/BufferOverflowPrevention.v	253	Theorem	BOF_021_valid_after_write
domains/CSRFProtection.v	14	Lemma	andb_true_iff
domains/CSRFProtection.v	34	Theorem	CSRF_001
domains/CSRFProtection.v	36	Theorem	CSRF_002
domains/CSRFProtection.v	37	Theorem	CSRF_003
domains/CSRFProtection.v	38	Theorem	CSRF_004
domains/CSRFProtection.v	39	Theorem	CSRF_005
domains/CSRFProtection.v	40	Theorem	CSRF_006
domains/CSRFProtection.v	43	Theorem	CSRF_007
domains/CSRFProtection.v	50	Theorem	CSRF_008
domains/CSRFProtection.v	56	Theorem	CSRF_009
domains/CSRFProtection.v	61	Theorem	CSRF_010
domains/CSRFProtection.v	64	Theorem	CSRF_011
domains/CSRFProtection.v	67	Theorem	CSRF_012
domains/CSRFProtection.v	70	Theorem	CSRF_013
domains/CSRFProtection.v	73	Theorem	CSRF_014
domains/CSRFProtection.v	76	Theorem	CSRF_015
domains/CSRFProtection.v	79	Theorem	CSRF_016
domains/CSRFProtection.v	83	Theorem	CSRF_017
domains/CSRFProtection.v	87	Theorem	CSRF_018
domains/CSRFProtection.v	90	Theorem	CSRF_019
domains/CSRFProtection.v	98	Theorem	CSRF_020_complete
domains/CSRFProtection.v	129	Theorem	CSRF_021_riina_request_safe
domains/CSRFProtection.v	134	Theorem	CSRF_022_riina_request_fully_validated
domains/CSRFProtection.v	139	Theorem	CSRF_023_safe_has_token
domains/CSRFProtection.v	146	Theorem	CSRF_024_safe_token_matches
domains/CSRFProtection.v	153	Theorem	CSRF_025_safe_same_origin
domains/CSRFProtection.v	159	Theorem	CSRF_026_fully_validated_implies_safe
domains/CSRFProtection.v	166	Theorem	CSRF_027_fully_validated_referer
domains/CSRFProtection.v	173	Theorem	CSRF_028_fully_validated_cookie
domains/CSRFProtection.v	179	Theorem	CSRF_029_full_implies_token_and_origin
domains/CSRFProtection.v	188	Theorem	CSRF_030_config_enables_request_checks
domains/CSRFProtection.v	197	Theorem	CSRF_031_referer_in_protection
domains/CSRFProtection.v	202	Theorem	CSRF_032_complete_request_validation
domains/CSRFProtection.v	216	Theorem	CSRF_033_all_false_not_protected
domains/CSRFProtection.v	221	Theorem	CSRF_034_missing_token_breaks
domains/CSRFProtection.v	226	Theorem	CSRF_035_protection_reconstruction
domains/CapabilitySecurity.v	28	Lemma	andb_true_iff
domains/CapabilitySecurity.v	38	Lemma	andb_false_iff
domains/CapabilitySecurity.v	45	Lemma	orb_true_iff
domains/CapabilitySecurity.v	52	Lemma	negb_true_iff
domains/CapabilitySecurity.v	55	Lemma	negb_false_iff
domains/CapabilitySecurity.v	265	Theorem	CAP_001
domains/CapabilitySecurity.v	271	Theorem	CAP_002
domains/CapabilitySecurity.v	272	Theorem	CAP_003
domains/CapabilitySecurity.v	273	Theorem	CAP_004
domains/CapabilitySecurity.v	274	Theorem	CAP_005
domains/CapabilitySecurity.v	275	Theorem	CAP_006
domains/CapabilitySecurity.v	276	Theorem	CAP_007
domains/CapabilitySecurity.v	277	Theorem	CAP_008
domains/CapabilitySecurity.v	278	Theorem	CAP_009
domains/CapabilitySecurity.v	279	Theorem	CAP_010
domains/CapabilitySecurity.v	280	Theorem	CAP_011
domains/CapabilitySecurity.v	283	Theorem	CAP_012
domains/CapabilitySecurity.v	289	Theorem	CAP_013
domains/CapabilitySecurity.v	294	Theorem	CAP_014
domains/CapabilitySecurity.v	297	Theorem	CAP_015
domains/CapabilitySecurity.v	300	Theorem	CAP_016
domains/CapabilitySecurity.v	306	Theorem	CAP_017
domains/CapabilitySecurity.v	311	Theorem	CAP_018
domains/CapabilitySecurity.v	314	Theorem	CAP_019
domains/CapabilitySecurity.v	319	Theorem	CAP_020
domains/CapabilitySecurity.v	324	Theorem	CAP_021
domains/CapabilitySecurity.v	327	Theorem	CAP_022
domains/CapabilitySecurity.v	332	Theorem	CAP_023
domains/CapabilitySecurity.v	337	Theorem	CAP_024
domains/CapabilitySecurity.v	340	Theorem	CAP_025
domains/CapabilitySecurity.v	343	Theorem	CAP_026
domains/CapabilitySecurity.v	346	Theorem	CAP_027
domains/CapabilitySecurity.v	349	Theorem	CAP_028
domains/CapabilitySecurity.v	352	Theorem	CAP_029
domains/CapabilitySecurity.v	355	Theorem	CAP_030_complete
domains/CapabilitySecurity.v	365	Theorem	CAP_031_unforgeable_implies_authentic
domains/CapabilitySecurity.v	374	Theorem	CAP_032_unforgeable_config
domains/CapabilitySecurity.v	378	Theorem	CAP_033_unforgeable_preservation
domains/CapabilitySecurity.v	382	Theorem	CAP_034_unforgeable_and_revocable
domains/CapabilitySecurity.v	392	Theorem	CAP_035_no_forge_without_grant
domains/CapabilitySecurity.v	397	Theorem	CAP_036_encapsulation_prevents_forge
domains/CapabilitySecurity.v	402	Theorem	CAP_037_connectivity_controlled
domains/CapabilitySecurity.v	407	Theorem	CAP_038_unforgeable_mem_cap
domains/CapabilitySecurity.v	411	Theorem	CAP_039_sealed_cap_unforgeable
domains/CapabilitySecurity.v	418	Theorem	CAP_040_valid_cap_required
domains/CapabilitySecurity.v	427	Theorem	CAP_041_attenuatable_means_monotonic
domains/CapabilitySecurity.v	436	Lemma	perm_in_head
domains/CapabilitySecurity.v	442	Lemma	perm_in_cons
domains/CapabilitySecurity.v	449	Lemma	forallb_impl
domains/CapabilitySecurity.v	462	Theorem	CAP_042_perms_subset_reflexive
domains/CapabilitySecurity.v	474	Theorem	CAP_043_empty_perms_subset
domains/CapabilitySecurity.v	478	Theorem	CAP_044_derive_from_self
domains/CapabilitySecurity.v	491	Theorem	CAP_045_derive_cannot_exceed_parent
domains/CapabilitySecurity.v	503	Theorem	CAP_046_derive_bounds_contained
domains/CapabilitySecurity.v	515	Theorem	CAP_047_derive_perms_subset
domains/CapabilitySecurity.v	526	Theorem	CAP_048_sealed_prevents_derive
domains/CapabilitySecurity.v	536	Theorem	CAP_049_perm_leq_reflexive
domains/CapabilitySecurity.v	542	Theorem	CAP_050_read_leq_write
domains/CapabilitySecurity.v	545	Theorem	CAP_051_write_leq_execute
domains/CapabilitySecurity.v	548	Theorem	CAP_052_perm_leq_transitive
domains/CapabilitySecurity.v	559	Theorem	CAP_053_perm_lt_irreflexive
domains/CapabilitySecurity.v	565	Theorem	CAP_054_monotonic_no_escalation
domains/CapabilitySecurity.v	569	Theorem	CAP_055_derive_preserves_validity
domains/CapabilitySecurity.v	580	Theorem	CAP_056_empty_not_revoked
domains/CapabilitySecurity.v	584	Theorem	CAP_057_revoke_makes_revoked
domains/CapabilitySecurity.v	592	Theorem	CAP_058_revoke_idempotent
domains/CapabilitySecurity.v	600	Theorem	CAP_059_revoke_other_unchanged
domains/CapabilitySecurity.v	611	Theorem	CAP_060_cap_revocable_riina
domains/CapabilitySecurity.v	614	Theorem	CAP_061_revocable_implies_can_revoke
domains/CapabilitySecurity.v	618	Theorem	CAP_062_revoked_mem_cap_invalid
domains/CapabilitySecurity.v	626	Theorem	CAP_063_revoked_cannot_read
domains/CapabilitySecurity.v	636	Theorem	CAP_064_revoked_cannot_write
domains/CapabilitySecurity.v	646	Theorem	CAP_065_revoked_cannot_execute
domains/CapabilitySecurity.v	656	Theorem	CAP_066_confinement_enforced
domains/CapabilitySecurity.v	664	Theorem	CAP_067_no_ambient_authority
domains/CapabilitySecurity.v	673	Theorem	CAP_068_explicit_access_only
domains/CapabilitySecurity.v	683	Theorem	CAP_069_no_privilege_escalation
domains/CapabilitySecurity.v	693	Theorem	CAP_070_ocap_no_ambient
domains/CapabilitySecurity.v	697	Theorem	CAP_071_has_cap_empty
domains/CapabilitySecurity.v	704	Theorem	CAP_072_has_cap_head
domains/CapabilitySecurity.v	712	Theorem	CAP_073_confinement_complete
domains/CapabilitySecurity.v	722	Theorem	CAP_074_confined_needs_cap
domains/CapabilitySecurity.v	727	Theorem	CAP_075_confined_no_escalate
domains/CapabilitySecurity.v	739	Theorem	CAP_076_full_can_redelegate
domains/CapabilitySecurity.v	743	Theorem	CAP_077_restricted_cannot_redelegate
domains/CapabilitySecurity.v	747	Theorem	CAP_078_once_cannot_redelegate
domains/CapabilitySecurity.v	751	Theorem	CAP_079_inactive_delegation
domains/CapabilitySecurity.v	755	Theorem	CAP_080_delegation_has_from
domains/CapabilitySecurity.v	759	Theorem	CAP_081_delegation_has_to
domains/CapabilitySecurity.v	763	Theorem	CAP_082_delegation_has_cap
domains/CapabilitySecurity.v	767	Theorem	CAP_083_delegation_type_full
domains/CapabilitySecurity.v	774	Theorem	CAP_084_delegation_type_restricted
domains/CapabilitySecurity.v	781	Theorem	CAP_085_delegation_type_once
domains/CapabilitySecurity.v	788	Theorem	CAP_086_bounds_check_in_range
domains/CapabilitySecurity.v	803	Theorem	CAP_087_bounds_check_out_of_range_low
domains/CapabilitySecurity.v	813	Theorem	CAP_088_bounds_check_out_of_range_high
domains/CapabilitySecurity.v	823	Theorem	CAP_089_riina_mem_cap_valid
domains/CapabilitySecurity.v	827	Theorem	CAP_090_riina_mem_cap_not_sealed
domains/CapabilitySecurity.v	831	Theorem	CAP_091_riina_mem_cap_base
domains/CapabilitySecurity.v	835	Theorem	CAP_092_riina_mem_cap_length
domains/CapabilitySecurity.v	839	Theorem	CAP_093_valid_for_read
domains/CapabilitySecurity.v	850	Theorem	CAP_094_valid_for_write
domains/CapabilitySecurity.v	861	Theorem	CAP_095_valid_for_execute
domains/CapabilitySecurity.v	872	Theorem	CAP_096_sealed_cannot_derive
domains/CapabilitySecurity.v	879	Theorem	CAP_097_empty_perms_no_access
domains/CapabilitySecurity.v	887	Theorem	CAP_098_mem_cap_complete
domains/CapabilitySecurity.v	896	Theorem	CAP_099_zero_length_no_access
domains/CapabilitySecurity.v	906	Theorem	CAP_100_security_complete
domains/CapitalMarkets.v	132	Theorem	buy_priority_reflexive
domains/CapitalMarkets.v	147	Theorem	sell_priority_reflexive
domains/CapitalMarkets.v	158	Theorem	higher_price_buy_wins
domains/CapitalMarkets.v	171	Theorem	lower_price_sell_wins
domains/CapitalMarkets.v	182	Theorem	trade_always_balanced
domains/CapitalMarkets.v	192	Theorem	settlement_balanced_implies_equal_payment
domains/CapitalMarkets.v	202	Theorem	settlement_complete_implies_balanced
domains/CapitalMarkets.v	210	Theorem	match_only_when_price_crosses
domains/CapitalMarkets.v	225	Theorem	no_match_when_price_gap
domains/CapitalMarkets.v	236	Theorem	match_qty_bounded_by_buy
domains/CapitalMarkets.v	243	Theorem	match_qty_bounded_by_sell
domains/CapitalMarkets.v	250	Theorem	match_uses_sell_price
domains/CapitalMarkets.v	260	Theorem	empty_ticks_ordered
domains/CapitalMarkets.v	270	Theorem	singleton_ticks_ordered
domains/CapitalMarkets.v	276	Theorem	ordered_ticks_head_smallest
domains/CapitalMarkets.v	284	Theorem	trade_consideration_comm
domains/CapitalMarkets.v	294	Theorem	trade_consideration_zero_qty
domains/CapitalMarkets.v	300	Theorem	trade_consideration_zero_price
domains/CapitalMarkets.v	306	Theorem	settlement_complete_implies_final
domains/CapitalMarkets.v	312	Theorem	settlement_complete_implies_assets
domains/CapitalMarkets.v	318	Theorem	orders_can_match_same_price
domains/CapitalMarkets.v	327	Theorem	match_qty_comm
domains/CapitalMarkets.v	334	Theorem	match_qty_positive
domains/CapitalMarkets.v	343	Theorem	execute_match_preserves_ids
domains/CapitalMarkets.v	353	Theorem	execute_match_preserves_tid
domains/CapitalMarkets.v	363	Theorem	side_eqb_refl
domains/CertificationEvidence.v	73	Lemma	eqb_sym
domains/CertificationEvidence.v	78	Lemma	forallb_eqb_combine_sym
domains/CertificationEvidence.v	89	Lemma	differ_at_one_sym
domains/CertificationEvidence.v	105	Theorem	mcdc_pair_sym
domains/CertificationEvidence.v	115	Theorem	no_self_mcdc
domains/CertificationEvidence.v	122	Theorem	full_trace_no_gaps
domains/CertificationEvidence.v	135	Theorem	sfr_needs_evidence
domains/CertificationEvidence.v	142	Theorem	sfr_needs_verification
domains/CertificationEvidence.v	165	Theorem	dal_a_highest
domains/CertificationEvidence.v	171	Theorem	dal_leq_refl
domains/CertificationEvidence.v	177	Theorem	dal_leq_trans
domains/CertificationEvidence.v	191	Lemma	fold_left_add_acc
domains/CertificationEvidence.v	203	Theorem	evidence_count_app
domains/CertificationEvidence.v	212	Theorem	all_satisfied_have_evidence
domains/CertificationEvidence.v	226	Theorem	empty_trace_fully_traced
domains/CertificationEvidence.v	234	Theorem	dal_e_lowest
domains/CertificationEvidence.v	240	Theorem	dal_leq_antisym
domains/CertificationEvidence.v	250	Theorem	dal_to_nat_bounded
domains/CertificationEvidence.v	256	Theorem	evidence_count_nil
domains/CertificationEvidence.v	262	Theorem	evidence_count_singleton
domains/CertificationEvidence.v	269	Theorem	sfr_satisfied_decompose
domains/CertificationEvidence.v	277	Theorem	no_self_mcdc_no_flip
domains/CertificationEvidence.v	285	Theorem	dal_a_gt_b
domains/CertificationEvidence.v	291	Theorem	evidence_count_mono
domains/CommonCriteriaEAL7.v	311	Theorem	CC_001_label_reflexivity
domains/CommonCriteriaEAL7.v	322	Theorem	CC_002_label_transitivity
domains/CommonCriteriaEAL7.v	333	Theorem	CC_003_label_antisymmetry
domains/CommonCriteriaEAL7.v	344	Theorem	CC_004_public_is_bottom
domains/CommonCriteriaEAL7.v	351	Theorem	CC_005_topsecret_is_top
domains/CommonCriteriaEAL7.v	358	Theorem	CC_006_valid_context_clearance
domains/CommonCriteriaEAL7.v	371	Theorem	CC_007_no_write_down_preserves_confidentiality
domains/CommonCriteriaEAL7.v	383	Theorem	CC_008_no_read_up_prevents_leakage
domains/CommonCriteriaEAL7.v	395	Theorem	CC_009_blp_simple_security_sound
domains/CommonCriteriaEAL7.v	407	Theorem	CC_010_blp_star_property_sound
domains/CommonCriteriaEAL7.v	423	Theorem	CC_011_compliant_adv_valid
domains/CommonCriteriaEAL7.v	430	Lemma	andb_true_iff
domains/CommonCriteriaEAL7.v	438	Theorem	CC_012_architecture_completeness
domains/CommonCriteriaEAL7.v	461	Theorem	CC_013_formal_verification_required
domains/CommonCriteriaEAL7.v	477	Theorem	CC_014_formal_design_required
domains/CommonCriteriaEAL7.v	488	Theorem	CC_015_non_bypassability
domains/CommonCriteriaEAL7.v	510	Theorem	CC_016_tamper_proof
domains/CommonCriteriaEAL7.v	531	Theorem	CC_017_domain_separation
domains/CommonCriteriaEAL7.v	558	Theorem	CC_018_compliant_ava_valid
domains/CommonCriteriaEAL7.v	565	Theorem	CC_019_advanced_analysis_required
domains/CommonCriteriaEAL7.v	577	Theorem	CC_020_high_attack_potential_resistance
domains/CommonCriteriaEAL7.v	602	Theorem	CC_021_compliant_eal7_valid
domains/CommonCriteriaEAL7.v	609	Theorem	CC_022_eal7_implies_adv
domains/CommonCriteriaEAL7.v	624	Theorem	CC_023_eal7_implies_ava
domains/CommonCriteriaEAL7.v	635	Theorem	CC_024_eal7_implies_formal_verification
domains/CommonCriteriaEAL7.v	647	Theorem	CC_025_eal7_implies_high_attack_resistance
domains/CommonCriteriaEAL7.v	667	Lemma	orb_true_iff
domains/CommonCriteriaEAL7.v	679	Theorem	CC_026_audit_generation_verifiable
domains/CommonCriteriaEAL7.v	697	Theorem	CC_027_crypto_key_mgmt_verifiable
domains/CommonCriteriaEAL7.v	715	Theorem	CC_028_ifc_verifiable
domains/CommonCriteriaEAL7.v	733	Theorem	CC_029_domain_sep_verifiable
domains/CommonCriteriaEAL7.v	751	Theorem	CC_030_authentication_verifiable
domains/CommonCriteriaEAL7.v	784	Theorem	CC_031_riina_has_audit
domains/CommonCriteriaEAL7.v	791	Theorem	CC_032_riina_has_crypto
domains/CommonCriteriaEAL7.v	798	Theorem	CC_033_riina_has_ifc
domains/CommonCriteriaEAL7.v	805	Theorem	CC_034_riina_has_domain_sep
domains/CommonCriteriaEAL7.v	812	Theorem	CC_035_riina_has_authentication
domains/CommonCriteriaEAL7.v	819	Theorem	CC_036_riina_boundary_defined
domains/CommonCriteriaEAL7.v	826	Theorem	CC_037_riina_interfaces_specified
domains/CommonCriteriaEAL7.v	833	Theorem	CC_038_riina_evaluated_configuration
domains/CommonCriteriaEAL7.v	852	Theorem	CC_039_riina_complete_coverage
domains/CommonCriteriaEAL7.v	858	Theorem	CC_040_maximum_assurance
domains/CommonCriteriaEAL7.v	873	Theorem	CC_041_lifecycle_compliance
domains/CommonCriteriaEAL7.v	884	Theorem	CC_042_flaw_remediation
domains/CommonCriteriaEAL7.v	897	Theorem	CC_043_secure_delivery
domains/CommonCriteriaEAL7.v	912	Theorem	CC_044_cm_automation
domains/CommonCriteriaEAL7.v	929	Theorem	CC_045_test_compliance
domains/CommonCriteriaEAL7.v	940	Theorem	CC_046_independent_testing
domains/CommonCriteriaEAL7.v	951	Theorem	CC_047_coverage_testing
domains/CommonCriteriaEAL7.v	964	Theorem	CC_048_st_compliance
domains/CommonCriteriaEAL7.v	975	Theorem	CC_049_objectives_complete
domains/CommonCriteriaEAL7.v	989	Theorem	CC_050_eal7_complete_certification
domains/CompilerCorrectness.v	66	Lemma	andb_true_iff
domains/CompilerCorrectness.v	102	Theorem	CC_001
domains/CompilerCorrectness.v	108	Theorem	CC_002
domains/CompilerCorrectness.v	109	Theorem	CC_003
domains/CompilerCorrectness.v	110	Theorem	CC_004
domains/CompilerCorrectness.v	111	Theorem	CC_005
domains/CompilerCorrectness.v	112	Theorem	CC_006
domains/CompilerCorrectness.v	113	Theorem	CC_007
domains/CompilerCorrectness.v	114	Theorem	CC_008
domains/CompilerCorrectness.v	115	Theorem	CC_009
domains/CompilerCorrectness.v	116	Theorem	CC_010
domains/CompilerCorrectness.v	117	Theorem	CC_011
domains/CompilerCorrectness.v	122	Theorem	CC_012
domains/CompilerCorrectness.v	127	Theorem	CC_013
domains/CompilerCorrectness.v	132	Theorem	CC_014
domains/CompilerCorrectness.v	137	Theorem	CC_015
domains/CompilerCorrectness.v	142	Theorem	CC_016
domains/CompilerCorrectness.v	145	Theorem	CC_017
domains/CompilerCorrectness.v	148	Theorem	CC_018
domains/CompilerCorrectness.v	151	Theorem	CC_019
domains/CompilerCorrectness.v	157	Theorem	CC_020
domains/CompilerCorrectness.v	163	Theorem	CC_021
domains/CompilerCorrectness.v	168	Theorem	CC_022
domains/CompilerCorrectness.v	171	Theorem	CC_023
domains/CompilerCorrectness.v	174	Theorem	CC_024
domains/CompilerCorrectness.v	177	Theorem	CC_025
domains/CompilerCorrectness.v	180	Theorem	CC_026
domains/CompilerCorrectness.v	183	Theorem	CC_027
domains/CompilerCorrectness.v	186	Theorem	CC_028
domains/CompilerCorrectness.v	189	Theorem	CC_029
domains/CompilerCorrectness.v	193	Theorem	CC_030_complete
domains/CompilerCorrectness.v	329	Lemma	ir_value_not_step
domains/CompilerCorrectness.v	345	Theorem	ir_preservation
domains/CompilerCorrectness.v	391	Theorem	ir_multi_preservation
domains/CompilerCorrectness.v	403	Lemma	ir_pair_value_not_step
domains/CompilerCorrectness.v	417	Lemma	ir_bool_not_step
domains/CompilerCorrectness.v	441	Theorem	ir_step_deterministic
domains/CompilerCorrectness.v	484	Theorem	ir_progress
domains/CompilerCorrectness.v	542	Theorem	ir_equiv_refl
domains/CompilerCorrectness.v	548	Theorem	ir_equiv_sym
domains/CompilerCorrectness.v	554	Theorem	ir_equiv_trans
domains/CompilerCorrectness.v	564	Lemma	ir_multi_trans
domains/CompilerCorrectness.v	574	Lemma	ir_multi_pair_cong1
domains/CompilerCorrectness.v	587	Lemma	ir_multi_pair_cong2
domains/CompilerCorrectness.v	601	Theorem	opt_if_true_sound
domains/CompilerCorrectness.v	611	Theorem	opt_if_false_sound
domains/CompilerCorrectness.v	621	Theorem	opt_fst_pair_sound
domains/CompilerCorrectness.v	632	Theorem	opt_snd_pair_sound
domains/CompilerCorrectness.v	643	Theorem	ir_value_normal
domains/CompilerCorrectness.v	651	Theorem	ir_value_reduces_self
domains/CompilerCorrectness.v	659	Corollary	ir_type_safety
domains/CompilerCorrectness.v	673	Corollary	optimization_preserves_types
domains/CompilerCorrectness.v	682	Corollary	compilation_deterministic
domains/CompilerCorrectness.v	689	Corollary	codegen_type_preservation
domains/CompilerCorrectness.v	698	Corollary	closed_expr_type_safe
domains/CompilerCorrectness.v	706	Corollary	termination_yields_typed_value
domains/CompilerCorrectness.v	717	Theorem	equiv_preserves_typing
domains/CompilerCorrectness.v	865	Lemma	src_value_not_step
domains/CompilerCorrectness.v	877	Theorem	src_step_deterministic
domains/CompilerCorrectness.v	952	Theorem	src_preservation
domains/CompilerCorrectness.v	985	Theorem	src_progress
domains/CompilerCorrectness.v	1051	Theorem	compile_preserves_value
domains/CompilerCorrectness.v	1059	Theorem	compile_preserves_typing
domains/CompilerCorrectness.v	1077	Theorem	compile_forward_simulation
domains/CompilerCorrectness.v	1117	Theorem	compile_forward_multi_simulation
domains/CompilerCorrectness.v	1130	Lemma	compile_value_inv
domains/CompilerCorrectness.v	1153	Theorem	compile_backward_simulation
domains/CompilerCorrectness.v	1259	Theorem	compile_establishes_equiv
domains/CompilerCorrectness.v	1266	Theorem	equiv_preserved_forward
domains/CompilerCorrectness.v	1275	Theorem	compile_terminates_equivalently
domains/CompilerCorrectness.v	1288	Theorem	compile_type_safety
domains/CompilerCorrectness.v	1298	Theorem	opt_dead_code_if_true
domains/CompilerCorrectness.v	1326	Theorem	opt_dead_code_if_false
domains/CompilerCorrectness.v	1350	Theorem	opt_fst_pair_typed
domains/CompilerCorrectness.v	1360	Theorem	opt_snd_pair_typed
domains/CompilerCorrectness.v	1370	Theorem	const_prop_bool
domains/CompilerCorrectness.v	1377	Theorem	const_prop_int
domains/CompilerCorrectness.v	1383	Theorem	const_prop_unit
domains/CompilerCorrectness.v	1399	Theorem	parsing_correct_prop
domains/CompilerCorrectness.v	1405	Corollary	type_checking_soundness
domains/CompilerCorrectness.v	1413	Corollary	code_generation_correctness
domains/CompilerCorrectness.v	1421	Theorem	optimization_relation_reflexive
domains/CompilerCorrectness.v	1428	Theorem	optimization_relation_symmetric
domains/CompilerCorrectness.v	1434	Theorem	optimization_relation_transitive
domains/CompilerCorrectness.v	1440	Theorem	full_pipeline_correctness
domains/CompilerCorrectness.v	1469	Theorem	full_pipeline_termination
domains/ConstantTimeCrypto.v	102	Lemma	andb_true_iff
domains/ConstantTimeCrypto.v	109	Theorem	CT_001_branch_free
domains/ConstantTimeCrypto.v	118	Theorem	CT_002_memory_safe
domains/ConstantTimeCrypto.v	123	Theorem	CT_003_operation_safe
domains/ConstantTimeCrypto.v	128	Theorem	CT_004_fully_ct
domains/ConstantTimeCrypto.v	133	Theorem	CT_005_no_secret_branches
domains/ConstantTimeCrypto.v	144	Theorem	CT_006_branchless_compare
domains/ConstantTimeCrypto.v	155	Theorem	CT_007_no_secret_addresses
domains/ConstantTimeCrypto.v	167	Theorem	CT_008_no_cache_timing
domains/ConstantTimeCrypto.v	178	Theorem	CT_009_no_var_time
domains/ConstantTimeCrypto.v	189	Theorem	CT_010_constant_loops
domains/ConstantTimeCrypto.v	200	Theorem	CT_011_full_implies_branch
domains/ConstantTimeCrypto.v	212	Theorem	CT_012_full_implies_memory
domains/ConstantTimeCrypto.v	224	Theorem	CT_013_full_implies_op
domains/ConstantTimeCrypto.v	235	Theorem	CT_014_riina_aes_safe
domains/ConstantTimeCrypto.v	240	Theorem	CT_015_riina_sha256_safe
domains/ConstantTimeCrypto.v	245	Theorem	CT_016_riina_aes_ct
domains/ConstantTimeCrypto.v	250	Theorem	CT_017_riina_aes_bitsliced
domains/ConstantTimeCrypto.v	255	Theorem	CT_018_safe_implies_ct
domains/ConstantTimeCrypto.v	266	Theorem	CT_019_safe_implies_no_tables
domains/ConstantTimeCrypto.v	277	Theorem	CT_020_riina_no_branches
domains/ConstantTimeCrypto.v	282	Theorem	CT_021_riina_no_addresses
domains/ConstantTimeCrypto.v	287	Theorem	CT_022_full_implies_no_branches
domains/ConstantTimeCrypto.v	299	Theorem	CT_023_full_implies_no_cache
domains/ConstantTimeCrypto.v	311	Theorem	CT_024_full_implies_const_loops
domains/ConstantTimeCrypto.v	323	Theorem	CT_025_complete_ct_security
domains/ContainerSecurity.v	22	Lemma	andb_true_intro
domains/ContainerSecurity.v	29	Lemma	andb_true_elim1
domains/ContainerSecurity.v	32	Lemma	andb_true_elim2
domains/ContainerSecurity.v	35	Lemma	andb7_true
domains/ContainerSecurity.v	273	Theorem	NS_001_full_isolation
domains/ContainerSecurity.v	280	Theorem	NS_002_minimal_isolation
domains/ContainerSecurity.v	283	Theorem	NS_003_pid_isolated
domains/ContainerSecurity.v	286	Theorem	NS_004_net_isolated
domains/ContainerSecurity.v	289	Theorem	NS_005_mount_isolated
domains/ContainerSecurity.v	292	Theorem	NS_006_user_isolated
domains/ContainerSecurity.v	295	Theorem	NS_007_uts_isolated
domains/ContainerSecurity.v	298	Theorem	NS_008_ipc_isolated
domains/ContainerSecurity.v	301	Theorem	NS_009_cgroup_isolated
domains/ContainerSecurity.v	304	Theorem	NS_010_time_isolated
domains/ContainerSecurity.v	307	Theorem	NS_011_network_safe
domains/ContainerSecurity.v	310	Theorem	NS_012_process_safe
domains/ContainerSecurity.v	313	Theorem	NS_013_full_implies_pid
domains/ContainerSecurity.v	322	Theorem	NS_014_full_implies_net
domains/ContainerSecurity.v	331	Theorem	NS_015_full_implies_user
domains/ContainerSecurity.v	339	Theorem	CG_001_cpu_safe
domains/ContainerSecurity.v	346	Theorem	CG_002_memory_safe
domains/ContainerSecurity.v	349	Theorem	CG_003_pids_safe
domains/ContainerSecurity.v	352	Theorem	CG_004_io_safe
domains/ContainerSecurity.v	355	Theorem	CG_005_fully_limited
domains/ContainerSecurity.v	358	Theorem	CG_006_full_implies_cpu
domains/ContainerSecurity.v	366	Theorem	CG_007_full_implies_memory
domains/ContainerSecurity.v	381	Theorem	CG_008_full_implies_pids
domains/ContainerSecurity.v	387	Theorem	CG_009_full_implies_io
domains/ContainerSecurity.v	393	Theorem	CG_010_swap_disabled
domains/ContainerSecurity.v	396	Theorem	SC_001_enforced
domains/ContainerSecurity.v	403	Theorem	SC_002_minimal_safe
domains/ContainerSecurity.v	406	Theorem	SC_003_escape_protected
domains/ContainerSecurity.v	409	Theorem	SC_004_fully_hardened
domains/ContainerSecurity.v	412	Theorem	SC_005_filter_enabled
domains/ContainerSecurity.v	415	Theorem	SC_006_default_deny
domains/ContainerSecurity.v	418	Theorem	SC_007_audit_logging
domains/ContainerSecurity.v	421	Theorem	SC_008_block_privileged
domains/ContainerSecurity.v	424	Theorem	SC_009_block_debug
domains/ContainerSecurity.v	427	Theorem	SC_010_block_module
domains/ContainerSecurity.v	430	Theorem	SC_011_block_namespace
domains/ContainerSecurity.v	433	Theorem	SC_012_hardened_implies_filter
domains/ContainerSecurity.v	441	Theorem	SC_013_hardened_implies_block_priv
domains/ContainerSecurity.v	449	Theorem	CAP_001_dangerous_dropped
domains/ContainerSecurity.v	456	Theorem	CAP_002_minimal
domains/ContainerSecurity.v	459	Theorem	CAP_003_rootless_safe
domains/ContainerSecurity.v	462	Theorem	CAP_004_network_minimal
domains/ContainerSecurity.v	465	Theorem	CAP_005_no_sys_admin
domains/ContainerSecurity.v	468	Theorem	CAP_006_no_sys_ptrace
domains/ContainerSecurity.v	471	Theorem	CAP_007_no_sys_module
domains/ContainerSecurity.v	474	Theorem	CAP_008_no_sys_rawio
domains/ContainerSecurity.v	477	Theorem	CAP_009_no_net_raw
domains/ContainerSecurity.v	480	Theorem	CAP_010_no_setuid
domains/ContainerSecurity.v	483	Theorem	CAP_011_no_setgid
domains/ContainerSecurity.v	486	Theorem	CAP_012_no_chown
domains/ContainerSecurity.v	489	Theorem	CAP_013_net_bind_allowed
domains/ContainerSecurity.v	492	Theorem	IMG_001_authenticity_verified
domains/ContainerSecurity.v	499	Theorem	IMG_002_provenance_verified
domains/ContainerSecurity.v	502	Theorem	IMG_003_security_verified
domains/ContainerSecurity.v	505	Theorem	IMG_004_fully_verified
domains/ContainerSecurity.v	508	Theorem	IMG_005_signed
domains/ContainerSecurity.v	511	Theorem	IMG_006_signature_valid
domains/ContainerSecurity.v	514	Theorem	IMG_007_hash_verified
domains/ContainerSecurity.v	517	Theorem	IMG_008_trusted_registry
domains/ContainerSecurity.v	520	Theorem	IMG_009_sbom_present
domains/ContainerSecurity.v	523	Theorem	IMG_010_vuln_scanned
domains/ContainerSecurity.v	526	Theorem	IMG_011_no_critical_vulns
domains/ContainerSecurity.v	529	Theorem	IMG_012_base_verified
domains/ContainerSecurity.v	532	Theorem	IMG_013_full_implies_signed
domains/ContainerSecurity.v	540	Theorem	IMG_014_full_implies_no_vulns
domains/ContainerSecurity.v	547	Theorem	ESC_001_basic_protected
domains/ContainerSecurity.v	554	Theorem	ESC_002_filesystem_protected
domains/ContainerSecurity.v	557	Theorem	ESC_003_mac_protected
domains/ContainerSecurity.v	560	Theorem	ESC_004_fully_protected
domains/ContainerSecurity.v	563	Theorem	ESC_005_no_privileged
domains/ContainerSecurity.v	566	Theorem	ESC_006_no_host_pid
domains/ContainerSecurity.v	569	Theorem	ESC_007_no_host_net
domains/ContainerSecurity.v	572	Theorem	ESC_008_no_host_ipc
domains/ContainerSecurity.v	575	Theorem	ESC_009_readonly_rootfs
domains/ContainerSecurity.v	578	Theorem	ESC_010_no_new_privs
domains/ContainerSecurity.v	581	Theorem	ESC_011_seccomp_enabled
domains/ContainerSecurity.v	584	Theorem	ESC_012_drop_all_caps
domains/ContainerSecurity.v	587	Theorem	ESC_013_full_implies_no_priv
domains/ContainerSecurity.v	596	Theorem	ESC_014_full_implies_seccomp
domains/ContainerSecurity.v	603	Theorem	CONT_001_isolated
domains/ContainerSecurity.v	610	Theorem	CONT_002_resource_safe
domains/ContainerSecurity.v	613	Theorem	CONT_003_syscall_safe
domains/ContainerSecurity.v	616	Theorem	CONT_004_capability_safe
domains/ContainerSecurity.v	619	Theorem	CONT_005_image_safe
domains/ContainerSecurity.v	622	Theorem	CONT_006_escape_safe
domains/ContainerSecurity.v	625	Theorem	CONT_007_fully_secure
domains/ContainerSecurity.v	628	Theorem	CONT_008_rootless
domains/ContainerSecurity.v	631	Theorem	CONT_009_secure_implies_isolated
domains/ContainerSecurity.v	641	Theorem	CONT_010_secure_implies_resource
domains/ContainerSecurity.v	651	Theorem	CONT_011_secure_implies_syscall
domains/ContainerSecurity.v	660	Theorem	CONT_012_secure_implies_capability
domains/ContainerSecurity.v	669	Theorem	CONT_013_secure_implies_image
domains/ContainerSecurity.v	677	Theorem	CONT_014_secure_implies_escape
domains/ContainerSecurity.v	685	Theorem	CONT_015_secure_implies_rootless
domains/ContainerSecurity.v	692	Theorem	CROSS_001_all_protections
domains/ContainerSecurity.v	716	Theorem	RIINA_001_defense_in_depth
domains/ContainerSecurity.v	732	Theorem	RIINA_002_no_escape_vectors
domains/ContainerSecurity.v	748	Theorem	RIINA_003_complete_isolation
domains/ContainerSecurity.v	761	Theorem	RIINA_004_resource_controls
domains/ContainerSecurity.v	771	Theorem	RIINA_005_seccomp_hardened
domains/ContainerSecurity.v	783	Theorem	RIINA_006_caps_minimal
domains/ContainerSecurity.v	797	Theorem	RIINA_007_image_verified
domains/ControlFlowIntegrity.v	120	Theorem	ctl_001_rop_impossible
domains/ControlFlowIntegrity.v	144	Theorem	ctl_002_jop_impossible
domains/ControlFlowIntegrity.v	162	Theorem	ctl_003_cop_impossible
domains/ControlFlowIntegrity.v	175	Theorem	ctl_004_ret2libc_impossible
domains/ControlFlowIntegrity.v	193	Theorem	ctl_005_srop_impossible
domains/ControlFlowIntegrity.v	224	Theorem	ctl_006_code_injection_impossible
domains/ControlFlowIntegrity.v	233	Theorem	ctl_007_code_reuse_controlled
domains/ControlFlowIntegrity.v	249	Theorem	ctl_008_data_only_mitigated
domains/ControlFlowIntegrity.v	267	Theorem	ctl_009_cf_bending_impossible
domains/ControlFlowIntegrity.v	285	Theorem	ctl_010_indirect_call_safe
domains/ControlFlowIntegrity.v	314	Theorem	ctl_011_vtable_hijack_impossible
domains/ControlFlowIntegrity.v	336	Theorem	ctl_012_exception_safe
domains/ControlFlowIntegrity.v	357	Theorem	ctl_013_longjmp_safe
domains/ControlFlowIntegrity.v	379	Theorem	ctl_014_got_plt_protected
domains/ControlFlowIntegrity.v	403	Theorem	ctl_015_thread_hijack_impossible
domains/ControlFlowIntegrity.v	415	Theorem	ctl_016_shadow_push_pop_identity
domains/ControlFlowIntegrity.v	429	Theorem	ctl_017_valid_return_after_push
domains/ControlFlowIntegrity.v	439	Theorem	ctl_018_wxor_x_empty
domains/ControlFlowIntegrity.v	448	Theorem	ctl_019_reloc_state_decidable
domains/ControlFlowIntegrity.v	458	Theorem	ctl_020_shadow_push_length
domains/ControlFlowIntegrity.v	467	Theorem	ctl_021_valid_trace_prefix
domains/CoreBanking.v	432	Theorem	BANK_001_01_customer_identity_uniqueness
domains/CoreBanking.v	473	Theorem	BANK_001_02_kyc_completeness
domains/CoreBanking.v	489	Theorem	BANK_001_03_beneficial_ownership_complete
domains/CoreBanking.v	500	Theorem	BANK_001_04_sanctions_check_mandatory
domains/CoreBanking.v	512	Theorem	BANK_001_05_pep_enhanced_monitoring
domains/CoreBanking.v	523	Theorem	BANK_001_06_balance_non_negative
domains/CoreBanking.v	540	Theorem	BANK_001_07_interest_calculation_precise
domains/CoreBanking.v	552	Lemma	fold_left_add_acc_general
domains/CoreBanking.v	565	Theorem	BANK_001_08_double_entry_invariant
domains/CoreBanking.v	592	Theorem	BANK_001_09_term_deposit_lock
domains/CoreBanking.v	605	Theorem	BANK_001_10_dormancy_detection
domains/CoreBanking.v	618	Theorem	BANK_001_11_loan_within_eligibility
domains/CoreBanking.v	633	Theorem	BANK_001_12_collateral_coverage
domains/CoreBanking.v	646	Theorem	BANK_001_13_amortization_correctness
domains/CoreBanking.v	658	Theorem	BANK_001_14_covenant_monitoring
domains/CoreBanking.v	671	Theorem	BANK_001_15_facility_limit_enforcement
domains/CoreBanking.v	682	Theorem	BANK_001_16_instant_payment_completion
domains/CoreBanking.v	699	Theorem	BANK_001_17_payment_irrevocability
domains/CoreBanking.v	711	Theorem	BANK_001_18_idempotency
domains/CoreBanking.v	739	Theorem	BANK_001_19_nostro_reconciliation
domains/CoreBanking.v	752	Theorem	BANK_001_20_swift_message_validation
domains/CoreBanking.v	766	Theorem	BANK_001_21_fx_spot_settlement
domains/CoreBanking.v	783	Theorem	BANK_001_22_repo_collateral_haircut
domains/CoreBanking.v	795	Theorem	BANK_001_23_bond_accrued_interest
domains/CoreBanking.v	808	Theorem	BANK_001_24_derivative_valuation
domains/CoreBanking.v	820	Theorem	BANK_001_25_collateral_call_trigger
domains/CoreBanking.v	833	Theorem	BANK_001_26_murabaha_cost_plus
domains/CoreBanking.v	848	Theorem	BANK_001_27_ijarah_ownership
domains/CoreBanking.v	861	Theorem	BANK_001_28_musharakah_profit_loss
domains/CoreBanking.v	876	Theorem	BANK_001_29_sukuk_asset_backing
domains/CoreBanking.v	889	Theorem	BANK_001_30_shariah_no_riba
domains/CovertChannelElimination.v	164	Lemma	can_flow_reflexive
domains/CovertChannelElimination.v	175	Lemma	can_flow_transitive
domains/CovertChannelElimination.v	189	Lemma	high_cannot_flow_to_low
domains/CovertChannelElimination.v	197	Lemma	low_can_flow_to_high
domains/CovertChannelElimination.v	205	Lemma	disjoint_no_shared_resource
domains/CovertChannelElimination.v	216	Theorem	cov_001_storage_channel_eliminated
domains/CovertChannelElimination.v	237	Theorem	cov_002_timing_channel_eliminated
domains/CovertChannelElimination.v	252	Theorem	cov_003_network_covert_channel_bounded
domains/CovertChannelElimination.v	269	Theorem	cov_004_steganography_channel_eliminated
domains/CovertChannelElimination.v	285	Theorem	cov_005_subliminal_channel_eliminated
domains/CovertChannelElimination.v	302	Theorem	cov_006_acoustic_channel_eliminated
domains/CovertChannelElimination.v	320	Theorem	cov_007_thermal_channel_eliminated
domains/CovertChannelElimination.v	338	Theorem	cov_008_power_channel_eliminated
domains/CovertChannelElimination.v	356	Theorem	cov_009_cache_channel_eliminated
domains/CovertChannelElimination.v	374	Theorem	cov_010_memory_channel_eliminated
domains/CovertChannelElimination.v	392	Theorem	cov_011_filesystem_channel_eliminated
domains/CovertChannelElimination.v	410	Theorem	cov_012_process_channel_eliminated
domains/CovertChannelElimination.v	426	Theorem	cov_013_kernel_channel_eliminated
domains/CovertChannelElimination.v	443	Theorem	cov_014_hardware_channel_eliminated
domains/CovertChannelElimination.v	463	Theorem	cov_015_electromagnetic_channel_eliminated
domains/CovertChannelElimination.v	481	Theorem	complete_isolation_no_flow
domains/CovertChannelElimination.v	501	Theorem	ifc_partial_order
domains/CovertChannelElimination.v	511	Theorem	no_implicit_declassification
domains/CovertChannels.v	164	Lemma	secure_execute_deterministic
domains/CovertChannels.v	260	Theorem	SEC_002_01
domains/CovertChannels.v	282	Theorem	SEC_002_02
domains/CovertChannels.v	299	Theorem	SEC_002_03
domains/CovertChannels.v	318	Theorem	SEC_002_04
domains/CovertChannels.v	335	Theorem	SEC_002_05
domains/CovertChannels.v	357	Theorem	SEC_002_06
domains/CovertChannels.v	374	Theorem	SEC_002_07
domains/CovertChannels.v	391	Theorem	SEC_002_08
domains/CovertChannels.v	405	Theorem	SEC_002_09
domains/CovertChannels.v	424	Theorem	SEC_002_10
domains/CovertChannels.v	443	Theorem	SEC_002_11
domains/CovertChannels.v	462	Theorem	SEC_002_12
domains/CovertChannels.v	479	Theorem	SEC_002_13
domains/CovertChannels.v	503	Theorem	SEC_002_14
domains/CovertChannels.v	529	Theorem	SEC_002_15
domains/CovertChannels.v	537	Theorem	SEC_002_16
domains/CovertChannels.v	559	Theorem	SEC_002_17
domains/CovertChannels.v	571	Theorem	SEC_002_18
domains/CovertChannels.v	583	Theorem	SEC_002_19
domains/CovertChannels.v	595	Theorem	SEC_002_20
domains/CovertChannels.v	607	Theorem	SEC_002_21
domains/CovertChannels.v	620	Theorem	level_leq_refl
domains/CovertChannels.v	624	Theorem	public_lowest
domains/CovertChannels.v	628	Theorem	topsecret_no_flow_public
domains/CovertChannels.v	632	Theorem	secret_no_flow_public
domains/CrossBorderRemittance.v	284	Theorem	REMIT_001_01_universal_coverage
domains/CrossBorderRemittance.v	300	Theorem	REMIT_001_02_currency_support
domains/CrossBorderRemittance.v	312	Theorem	REMIT_001_03_pricing_transparency
domains/CrossBorderRemittance.v	323	Theorem	REMIT_001_04_corridor_availability
domains/CrossBorderRemittance.v	334	Theorem	REMIT_001_05_sanctioned_country_blocking
domains/CrossBorderRemittance.v	345	Theorem	REMIT_001_06_rate_freshness
domains/CrossBorderRemittance.v	360	Theorem	REMIT_001_07_spread_transparency
domains/CrossBorderRemittance.v	372	Theorem	REMIT_001_08_rate_lock_guarantee
domains/CrossBorderRemittance.v	384	Theorem	REMIT_001_09_no_hidden_margin
domains/CrossBorderRemittance.v	395	Theorem	REMIT_001_10_hedge_ratio_maintenance
domains/CrossBorderRemittance.v	407	Theorem	REMIT_001_11_swift_gpi_tracking
domains/CrossBorderRemittance.v	425	Theorem	REMIT_001_12_instant_rail_settlement
domains/CrossBorderRemittance.v	439	Theorem	REMIT_001_13_blockchain_atomic_execution
domains/CrossBorderRemittance.v	453	Theorem	REMIT_001_14_mobile_money_instant
domains/CrossBorderRemittance.v	467	Theorem	REMIT_001_15_local_rail_integration
domains/CrossBorderRemittance.v	478	Theorem	REMIT_001_16_realtime_screening
domains/CrossBorderRemittance.v	494	Theorem	REMIT_001_17_sanctions_screening_complete
domains/CrossBorderRemittance.v	506	Theorem	REMIT_001_18_travel_rule_compliance
domains/CrossBorderRemittance.v	518	Theorem	REMIT_001_19_str_filing
domains/CrossBorderRemittance.v	529	Theorem	REMIT_001_20_kyc_verification
domains/CrossBorderRemittance.v	541	Theorem	REMIT_001_21_instant_bank_credit
domains/CrossBorderRemittance.v	558	Theorem	REMIT_001_22_wallet_instant_credit
domains/CrossBorderRemittance.v	570	Theorem	REMIT_001_23_cash_pickup_security
domains/CrossBorderRemittance.v	581	Theorem	REMIT_001_24_iban_validation
domains/CrossBorderRemittance.v	592	Theorem	REMIT_001_25_recipient_notification
domains/CrossLayerSecurity.v	42	Lemma	label_eqb_refl
domains/CrossLayerSecurity.v	45	Lemma	label_leb_refl
domains/CrossLayerSecurity.v	48	Lemma	label_leb_trans
domains/CrossLayerSecurity.v	52	Lemma	label_join_low_r
domains/CrossLayerSecurity.v	55	Lemma	label_join_comm
domains/CrossLayerSecurity.v	188	Lemma	lookup_some_both
domains/CrossLayerSecurity.v	206	Theorem	source_noninterference
domains/CrossLayerSecurity.v	275	Theorem	compilation_preserves_labels
domains/CrossLayerSecurity.v	291	Lemma	tgt_eval_env_independent
domains/CrossLayerSecurity.v	312	Theorem	target_noninterference
domains/CrossLayerSecurity.v	325	Theorem	semantic_preservation
domains/CrossLayerSecurity.v	341	Theorem	security_composition
domains/CrossLayerSecurity.v	359	Theorem	label_monotonicity_compilation
domains/CrossLayerSecurity.v	386	Theorem	constant_time_preserved
domains/CrossLayerSecurity.v	402	Theorem	end_to_end_security
domains/CrossLayerSecurity.v	427	Theorem	compiler_determinism
domains/CrossLayerSecurity.v	442	Theorem	label_lattice_join_upper_bound
domains/CrossLayerSecurity.v	451	Theorem	label_lattice_join_least
domains/CrossLayerSecurity.v	457	Theorem	label_eqb_refl2
domains/CrossLayerSecurity.v	461	Theorem	label_join_comm2
domains/CrossLayerSecurity.v	465	Theorem	label_join_idem2
domains/CryptographicSecurity.v	22	Lemma	andb_true_iff
domains/CryptographicSecurity.v	33	Lemma	andb3_true_iff
domains/CryptographicSecurity.v	43	Lemma	negb_true_iff
domains/CryptographicSecurity.v	48	Lemma	leb_le
domains/CryptographicSecurity.v	240	Theorem	cry_001_timing_side_channel_mitigated
domains/CryptographicSecurity.v	255	Theorem	cry_001a_riina_timing_safe
domains/CryptographicSecurity.v	260	Theorem	cry_002_spa_mitigated
domains/CryptographicSecurity.v	273	Theorem	cry_003_dpa_mitigated
domains/CryptographicSecurity.v	285	Theorem	cry_004_em_analysis_mitigated
domains/CryptographicSecurity.v	298	Theorem	cry_005_acoustic_analysis_mitigated
domains/CryptographicSecurity.v	310	Theorem	cry_006_cache_timing_mitigated
domains/CryptographicSecurity.v	322	Theorem	cry_007_padding_oracle_mitigated
domains/CryptographicSecurity.v	335	Theorem	cry_007a_riina_aead_padding_safe
domains/CryptographicSecurity.v	340	Theorem	cry_008_chosen_plaintext_mitigated
domains/CryptographicSecurity.v	355	Theorem	cry_009_chosen_ciphertext_mitigated
domains/CryptographicSecurity.v	369	Theorem	cry_010_known_plaintext_mitigated
domains/CryptographicSecurity.v	384	Theorem	cry_011_mitm_mitigated
domains/CryptographicSecurity.v	395	Theorem	cry_011a_riina_key_mitm_safe
domains/CryptographicSecurity.v	400	Theorem	cry_012_birthday_attack_mitigated
domains/CryptographicSecurity.v	411	Theorem	cry_012a_riina_hash_birthday_safe
domains/CryptographicSecurity.v	416	Theorem	cry_013_length_extension_mitigated
domains/CryptographicSecurity.v	427	Theorem	cry_014_downgrade_attack_mitigated
domains/CryptographicSecurity.v	439	Theorem	cry_014a_riina_proto_downgrade_safe
domains/CryptographicSecurity.v	444	Theorem	cry_015_protocol_attack_mitigated
domains/CryptographicSecurity.v	455	Theorem	cry_016_implementation_flaw_mitigated
domains/CryptographicSecurity.v	470	Theorem	cry_017_rng_attack_mitigated
domains/CryptographicSecurity.v	483	Theorem	cry_017a_riina_rng_secure
domains/CryptographicSecurity.v	488	Theorem	cry_018_key_reuse_mitigated
domains/CryptographicSecurity.v	498	Theorem	cry_019_weak_keys_mitigated
domains/CryptographicSecurity.v	510	Theorem	cry_020_related_key_attack_mitigated
domains/CryptographicSecurity.v	522	Theorem	cry_020a_riina_key_related_safe
domains/CryptographicSecurity.v	527	Theorem	cry_021_differential_cryptanalysis_mitigated
domains/CryptographicSecurity.v	539	Theorem	cry_022_linear_cryptanalysis_mitigated
domains/CryptographicSecurity.v	549	Theorem	cry_023_algebraic_attack_mitigated
domains/CryptographicSecurity.v	559	Theorem	cry_024_quantum_attack_mitigated
domains/CryptographicSecurity.v	571	Theorem	cry_024a_riina_pq_secure
domains/CryptographicSecurity.v	576	Theorem	cry_025_harvest_now_decrypt_later_mitigated
domains/CryptographicSecurity.v	589	Theorem	cry_026_key_extraction_mitigated
domains/CryptographicSecurity.v	601	Theorem	cry_027_nonce_misuse_mitigated
domains/CryptographicSecurity.v	612	Theorem	cry_027a_riina_mraead_secure
domains/CryptographicSecurity.v	617	Theorem	cry_028_certificate_attack_mitigated
domains/CryptographicSecurity.v	628	Theorem	cry_028a_riina_cert_secure
domains/CryptographicSecurity.v	633	Theorem	cry_029_random_fault_mitigated
domains/CryptographicSecurity.v	647	Theorem	cry_030_bleichenbacher_mitigated
domains/CryptographicSecurity.v	658	Theorem	cry_031_whisper_leak_mitigated
domains/CryptographicSecurity.v	670	Theorem	complete_ct_security
domains/CryptographicSecurity.v	690	Theorem	complete_aead_security
domains/CryptographicSecurity.v	709	Theorem	riina_complete_crypto_security
domains/CryptographicSecurity.v	760	Theorem	enc_001_length_preservation
domains/CryptographicSecurity.v	771	Theorem	enc_002_key_size_requirement
domains/CryptographicSecurity.v	782	Theorem	enc_003_riina_key_size_valid
domains/CryptographicSecurity.v	787	Theorem	enc_004_riina_nonce_size_valid
domains/CryptographicSecurity.v	792	Theorem	enc_005_riina_tag_size_valid
domains/CryptographicSecurity.v	797	Theorem	enc_006_riina_is_authenticated
domains/CryptographicSecurity.v	827	Theorem	kdf_001_riina_kdf_secure
domains/CryptographicSecurity.v	832	Theorem	kdf_002_kdf_output_sufficient
domains/CryptographicSecurity.v	846	Theorem	kdf_003_kdf_salt_sufficient
domains/CryptographicSecurity.v	859	Theorem	kdf_004_kdf_approved_algorithm
domains/CryptographicSecurity.v	888	Theorem	dk_001_valid_implies_secure_kdf
domains/CryptographicSecurity.v	923	Theorem	mac_001_riina_mac_secure
domains/CryptographicSecurity.v	928	Theorem	mac_002_mac_key_sufficient
domains/CryptographicSecurity.v	942	Theorem	mac_003_mac_tag_sufficient
domains/CryptographicSecurity.v	955	Theorem	mac_004_mac_constant_time
domains/CryptographicSecurity.v	982	Theorem	tag_001_equal_tags_valid
domains/CryptographicSecurity.v	997	Theorem	tag_002_tag_compare_reflexive
domains/CryptographicSecurity.v	1021	Theorem	nonce_001_counter_incrementable
domains/CryptographicSecurity.v	1032	Theorem	nonce_002_increment_changes_nonce
domains/CryptographicSecurity.v	1042	Theorem	nonce_003_different_counters_different_nonces
domains/CryptographicSecurity.v	1060	Theorem	nonce_004_empty_set_no_collision
domains/CryptographicSecurity.v	1068	Theorem	nonce_005_add_increases_size
domains/CryptographicSecurity.v	1117	Theorem	full_001_riina_full_crypto_secure
domains/CryptographicSecurity.v	1122	Theorem	full_002_full_implies_ct
domains/CryptographicSecurity.v	1143	Theorem	full_003_full_implies_authenticated
domains/CryptographicSecurity.v	1154	Theorem	full_004_full_implies_pq_ready
domains/CryptographicSecurity.v	1172	Theorem	full_005_full_implies_kdf_secure
domains/CryptographicSecurity.v	1186	Theorem	full_006_full_implies_mac_secure
domains/DELTA001_VerifiedDistribution.v	167	Theorem	DELTA_001_01_quorum_intersection
domains/DELTA001_VerifiedDistribution.v	183	Theorem	DELTA_001_02_single_vote_per_term
domains/DELTA001_VerifiedDistribution.v	195	Theorem	DELTA_001_03_log_matching_reflexive
domains/DELTA001_VerifiedDistribution.v	202	Theorem	DELTA_001_04_committed_requires_quorum
domains/DELTA001_VerifiedDistribution.v	210	Theorem	DELTA_001_05_empty_log_no_commit
domains/DELTA001_VerifiedDistribution.v	227	Theorem	DELTA_001_06_leader_append_only
domains/DELTA001_VerifiedDistribution.v	235	Theorem	DELTA_001_07_term_monotonic
domains/DELTA001_VerifiedDistribution.v	241	Theorem	DELTA_001_08_entry_at_deterministic
domains/DELTA001_VerifiedDistribution.v	249	Theorem	DELTA_001_09_log_prefix_match
domains/DELTA001_VerifiedDistribution.v	263	Theorem	DELTA_001_10_quorum_nonempty
domains/DELTA001_VerifiedDistribution.v	269	Theorem	DELTA_002_01_bft_bound
domains/DELTA001_VerifiedDistribution.v	281	Theorem	DELTA_002_02_bft_quorum_sufficient
domains/DELTA001_VerifiedDistribution.v	289	Theorem	DELTA_002_03_bft_two_quorums_overlap
domains/DELTA001_VerifiedDistribution.v	298	Theorem	DELTA_002_04_correct_majority
domains/DELTA001_VerifiedDistribution.v	308	Theorem	DELTA_002_05_bft_f_zero
domains/DELTA001_VerifiedDistribution.v	314	Theorem	DELTA_002_06_bft_phases_ordered
domains/DELTA001_VerifiedDistribution.v	320	Theorem	DELTA_003_01_gc_merge_comm
domains/DELTA001_VerifiedDistribution.v	337	Theorem	DELTA_003_02_gc_merge_assoc
domains/DELTA001_VerifiedDistribution.v	352	Theorem	DELTA_003_03_gc_merge_idempotent
domains/DELTA001_VerifiedDistribution.v	362	Theorem	DELTA_003_04_gc_value_nonneg
domains/DELTA001_VerifiedDistribution.v	368	Lemma	fold_left_add_mono
domains/DELTA001_VerifiedDistribution.v	377	Theorem	DELTA_003_05_gc_merge_monotone
domains/DELTA001_VerifiedDistribution.v	399	Theorem	DELTA_003_06_gs_add_member
domains/DELTA001_VerifiedDistribution.v	408	Theorem	DELTA_003_07_gs_add_preserves
domains/DELTA001_VerifiedDistribution.v	424	Theorem	DELTA_003_08_gs_merge_contains_left
domains/DELTA001_VerifiedDistribution.v	433	Theorem	DELTA_003_09_gs_add_idempotent
domains/DELTA001_VerifiedDistribution.v	440	Theorem	DELTA_003_10_gc_empty_zero
domains/DELTA001_VerifiedDistribution.v	446	Theorem	DELTA_004_01_ring_add_increases
domains/DELTA001_VerifiedDistribution.v	456	Theorem	DELTA_004_02_ring_remove_decreases
domains/DELTA001_VerifiedDistribution.v	462	Theorem	DELTA_004_03_ring_size_preserved_add
domains/DELTA001_VerifiedDistribution.v	468	Theorem	DELTA_004_04_ring_size_preserved_remove
domains/DELTA001_VerifiedDistribution.v	474	Theorem	DELTA_004_05_empty_ring_no_lookup
domains/DO178CCompliance.v	238	Lemma	andb_true_iff
domains/DO178CCompliance.v	249	Theorem	DO178_001_dal_reflexive
domains/DO178CCompliance.v	260	Theorem	DO178_002_dal_transitive
domains/DO178CCompliance.v	271	Theorem	DO178_003_dal_e_bottom
domains/DO178CCompliance.v	278	Theorem	DO178_004_dal_a_top
domains/DO178CCompliance.v	285	Theorem	DO178_005_planning_valid
domains/DO178CCompliance.v	294	Theorem	DO178_006_planning_standards
domains/DO178CCompliance.v	307	Theorem	DO178_007_lifecycle_required
domains/DO178CCompliance.v	320	Theorem	DO178_008_development_valid
domains/DO178CCompliance.v	329	Theorem	DO178_009_requirements_complete
domains/DO178CCompliance.v	340	Theorem	DO178_010_requirements_traceable
domains/DO178CCompliance.v	362	Theorem	DO178_011_code_complete
domains/DO178CCompliance.v	378	Theorem	DO178_012_code_traceable
domains/DO178CCompliance.v	389	Theorem	DO178_013_verification_valid
domains/DO178CCompliance.v	398	Theorem	DO178_014_mcdc_required
domains/DO178CCompliance.v	409	Theorem	DO178_015_structural_coverage
domains/DO178CCompliance.v	421	Theorem	DO178_016_requirements_review
domains/DO178CCompliance.v	432	Theorem	DO178_017_code_review
domains/DO178CCompliance.v	448	Theorem	DO178_018_cm_valid
domains/DO178CCompliance.v	457	Theorem	DO178_019_change_control
domains/DO178CCompliance.v	472	Theorem	DO178_020_traceability
domains/DO178CCompliance.v	489	Theorem	DO178_021_qa_valid
domains/DO178CCompliance.v	498	Theorem	DO178_022_qa_independence
domains/DO178CCompliance.v	509	Theorem	DO178_023_audits
domains/DO178CCompliance.v	522	Theorem	DO178_024_fm_valid
domains/DO178CCompliance.v	531	Theorem	DO178_025_fm_soundness
domains/DO178CCompliance.v	543	Theorem	DO178_026_fm_specification
domains/DO178CCompliance.v	554	Theorem	DO178_027_riina_theorem_proving
domains/DO178CCompliance.v	573	Theorem	DO178_028_riina_level_a
domains/DO178CCompliance.v	578	Theorem	DO178_029_level_a_all_objectives
domains/DO178CCompliance.v	589	Theorem	DO178_030_level_a_planning
domains/DO178CCompliance.v	604	Theorem	DO178_031_level_a_development
domains/DO178CCompliance.v	619	Theorem	DO178_032_level_a_verification
domains/DO178CCompliance.v	633	Theorem	DO178_033_level_a_cm
domains/DO178CCompliance.v	646	Theorem	DO178_034_level_a_qa
domains/DO178CCompliance.v	658	Theorem	DO178_035_riina_dal_a
domains/DO178CCompliance.v	667	Theorem	DO178_036_riina_has_fm
domains/DO178CCompliance.v	672	Theorem	DO178_037_riina_fm_coq
domains/DO178CCompliance.v	677	Theorem	DO178_038_riina_planning
domains/DO178CCompliance.v	682	Theorem	DO178_039_riina_development
domains/DO178CCompliance.v	687	Theorem	DO178_040_complete_certification
domains/DataRaceFreedom.v	178	Theorem	DR_001_exclusive_is_exclusive
domains/DataRaceFreedom.v	195	Theorem	DR_002_shared_compatible
domains/DataRaceFreedom.v	207	Theorem	DR_003_well_formed_prevents_race
domains/DataRaceFreedom.v	224	Theorem	DR_004_well_formed_race_free
domains/DataRaceFreedom.v	236	Theorem	DR_005_mutex_acquire_unlocked
domains/DataRaceFreedom.v	245	Theorem	DR_006_mutex_acquire_locked
domains/DataRaceFreedom.v	257	Theorem	DR_007_mutex_release_owner
domains/DataRaceFreedom.v	268	Theorem	DR_008_mutex_release_non_owner
domains/DataRaceFreedom.v	280	Theorem	DR_009_rwlock_read_no_writer
domains/DataRaceFreedom.v	291	Theorem	DR_010_rwlock_read_increments
domains/DataRaceFreedom.v	303	Theorem	DR_011_rwlock_read_blocked_by_writer
domains/DataRaceFreedom.v	314	Theorem	DR_012_rwlock_write_no_readers
domains/DataRaceFreedom.v	326	Theorem	DR_013_rwlock_write_blocked_by_readers
domains/DataRaceFreedom.v	338	Theorem	DR_014_mut_borrow_owned
domains/DataRaceFreedom.v	348	Theorem	DR_015_shared_borrow_owned
domains/DataRaceFreedom.v	358	Theorem	DR_016_shared_borrow_extends
domains/DataRaceFreedom.v	368	Theorem	DR_017_empty_well_formed
domains/DataRaceFreedom.v	377	Theorem	DR_018_empty_race_free
domains/DataRaceFreedom.v	385	Theorem	DR_019_single_exclusive_well_formed
domains/DataRaceFreedom.v	403	Theorem	DR_020_single_exclusive_race_free
domains/DataRaceFreedom.v	412	Theorem	DR_021_mutex_mutual_exclusion
domains/DataRaceFreedom.v	422	Theorem	DR_022_init_mutex_well_formed
domains/DataRaceFreedom.v	431	Theorem	DR_023_acquired_mutex_well_formed
domains/DataRaceFreedom.v	448	Theorem	DR_024_rwlock_init_well_formed
domains/DataRaceFreedom.v	457	Theorem	DR_025_shared_no_race
domains/DataRaceFreedom.v	476	Theorem	DR_026_access_mode_dec
domains/DataRaceFreedom.v	486	Theorem	DR_027_remove_preserves_wf
domains/DataRaceFreedom.v	501	Theorem	DR_028_race_free_location
domains/DataRaceFreedom.v	510	Theorem	DR_029_ownership_state_cases
domains/DataRaceFreedom.v	523	Theorem	DR_030_valid_borrow_respects_ownership
domains/DataRaceFreedom.v	532	Theorem	DR_031_mutex_locked_dec
domains/DataRaceFreedom.v	542	Theorem	DR_032_rwlock_readers_nonneg
domains/DataRaceFreedom.v	550	Theorem	DR_033_mutex_acquire_release_cycle
domains/DataRaceFreedom.v	562	Theorem	DR_034_access_mode_cases
domains/DataRaceFreedom.v	573	Theorem	DR_035_no_concurrent_exclusive
domains/DependentTypes.v	135	Theorem	TYPE_005_01
domains/DependentTypes.v	150	Theorem	TYPE_005_02
domains/DependentTypes.v	165	Theorem	TYPE_005_03
domains/DependentTypes.v	180	Theorem	TYPE_005_04
domains/DependentTypes.v	195	Theorem	TYPE_005_05
domains/DependentTypes.v	211	Theorem	TYPE_005_06
domains/DependentTypes.v	228	Theorem	TYPE_005_07
domains/DependentTypes.v	242	Theorem	TYPE_005_08
domains/DependentTypes.v	257	Lemma	vec_cons_length_semantic
domains/DependentTypes.v	269	Theorem	TYPE_005_09
domains/DependentTypes.v	283	Lemma	vec_head_nonempty_semantic
domains/DependentTypes.v	309	Theorem	TYPE_005_10
domains/DependentTypes.v	318	Lemma	vec_dep_pattern_match
domains/DependentTypes.v	342	Theorem	TYPE_005_11
domains/DependentTypes.v	351	Lemma	transport_refl
domains/DependentTypes.v	361	Lemma	transport_trans
domains/DependentTypes.v	371	Theorem	TYPE_005_12
domains/DependentTypes.v	385	Lemma	dep_congruence
domains/DependentTypes.v	395	Lemma	congruence2
domains/DependentTypes.v	418	Lemma	lt_wf_aux
domains/DependentTypes.v	430	Lemma	lt_well_founded
domains/DependentTypes.v	440	Theorem	TYPE_005_13
domains/DependentTypes.v	454	Lemma	nat_dep_ind
domains/DependentTypes.v	467	Lemma	strong_ind
domains/DependentTypes.v	524	Theorem	TYPE_005_14
domains/DependentTypes.v	535	Lemma	dec_eq_nat
domains/DependentTypes.v	545	Lemma	dec_eq_bool
domains/DependentTypes.v	557	Lemma	dec_eq_prod
domains/DependentTypes.v	576	Lemma	dec_eq_option
domains/DependentTypes.v	592	Lemma	dec_eq_list
domains/DependentTypes.v	614	Lemma	dec_to_bool
domains/DependentTypes.v	623	Lemma	nat_eq_reflect
domains/DependentTypes.v	633	Lemma	uip_dec
domains/DigitalWallet.v	338	Theorem	WALLET_001_01_account_uniqueness
domains/DigitalWallet.v	353	Theorem	WALLET_001_02_balance_integrity
domains/DigitalWallet.v	363	Theorem	WALLET_001_03_tier_limit_enforcement
domains/DigitalWallet.v	376	Theorem	WALLET_001_04_virtual_account_segregation
domains/DigitalWallet.v	386	Theorem	WALLET_001_05_dormancy_detection
domains/DigitalWallet.v	404	Theorem	WALLET_001_06_p2p_instant_settlement
domains/DigitalWallet.v	417	Theorem	WALLET_001_07_qr_payment_instant
domains/DigitalWallet.v	427	Theorem	WALLET_001_08_dynamic_qr_single_use
domains/DigitalWallet.v	438	Theorem	WALLET_001_09_merchant_settlement
domains/DigitalWallet.v	451	Theorem	WALLET_001_10_refund_instant
domains/DigitalWallet.v	461	Theorem	WALLET_001_11_bank_transfer_reconciliation
domains/DigitalWallet.v	478	Theorem	WALLET_001_12_card_chargeback_handling
domains/DigitalWallet.v	490	Theorem	WALLET_001_13_agent_float_sufficiency
domains/DigitalWallet.v	505	Theorem	WALLET_001_14_crypto_rate_lock
domains/DigitalWallet.v	520	Theorem	WALLET_001_15_stablecoin_instant_credit
domains/DigitalWallet.v	532	Theorem	WALLET_001_16_withdrawal_limit_enforcement
domains/DigitalWallet.v	550	Theorem	WALLET_001_17_bank_withdrawal_ownership
domains/DigitalWallet.v	568	Theorem	WALLET_001_18_cardless_atm_otp_validity
domains/DigitalWallet.v	583	Theorem	WALLET_001_19_agent_cash_availability
domains/DigitalWallet.v	595	Theorem	WALLET_001_20_withdrawal_balance_check
domains/DigitalWallet.v	612	Theorem	WALLET_001_21_multi_factor_required
domains/DigitalWallet.v	624	Theorem	WALLET_001_22_session_expiry
domains/DigitalWallet.v	639	Theorem	WALLET_001_23_velocity_check
domains/DigitalWallet.v	653	Theorem	WALLET_001_24_fraud_score_blocking
domains/DigitalWallet.v	667	Theorem	WALLET_001_25_device_binding
domains/DistributedConsensus.v	107	Theorem	agreement
domains/DistributedConsensus.v	123	Theorem	validity
domains/DistributedConsensus.v	141	Lemma	pigeonhole_overlap
domains/DistributedConsensus.v	153	Theorem	quorum_intersection_size
domains/DistributedConsensus.v	162	Theorem	quorum_intersection
domains/DistributedConsensus.v	173	Theorem	round_monotonicity
domains/DistributedConsensus.v	183	Theorem	round_monotonicity_transitive
domains/DistributedConsensus.v	194	Theorem	vote_uniqueness
domains/DistributedConsensus.v	209	Theorem	quorum_sufficiency
domains/DistributedConsensus.v	221	Theorem	honest_majority_in_quorum
domains/DistributedConsensus.v	232	Theorem	message_integrity
domains/DistributedConsensus.v	245	Theorem	decision_stability
domains/DistributedConsensus.v	258	Theorem	bft_threshold
domains/DistributedConsensus.v	269	Theorem	two_quorums_share_honest
domains/DistributedConsensus.v	286	Theorem	bft_min_nodes_f1
domains/DistributedConsensus.v	294	Theorem	count_honest_nil
domains/DistributedConsensus.v	300	Theorem	count_honest_singleton
domains/DistributedConsensus.v	307	Theorem	intersect_nil_l
domains/DistributedConsensus.v	313	Theorem	mem_nat_refl
domains/DistributedConsensus.v	319	Theorem	quorum_size_pos
domains/DistributedConsensus.v	326	Theorem	agreement_non_decided
domains/DistributedConsensus.v	338	Theorem	round_update_refl
domains/DistributedConsensus.v	345	Theorem	bft_f0
domains/DistributedConsensus.v	352	Theorem	honest_majority_total
domains/DistributedSecurity.v	173	Lemma	andb_true_intro_3
domains/DistributedSecurity.v	185	Lemma	andb_true_elim_l
domains/DistributedSecurity.v	192	Lemma	andb_true_elim_r
domains/DistributedSecurity.v	199	Lemma	orb_true_intro_l
domains/DistributedSecurity.v	206	Lemma	orb_true_intro_r
domains/DistributedSecurity.v	213	Theorem	dist_001_byzantine_failure_tolerated
domains/DistributedSecurity.v	231	Theorem	dist_001_bft_safety_with_honest_majority
domains/DistributedSecurity.v	240	Theorem	dist_001_bft_quorum_overlap
domains/DistributedSecurity.v	249	Theorem	dist_002_sybil_attack_mitigated
domains/DistributedSecurity.v	269	Theorem	dist_002_sybil_cost_scales_linearly
domains/DistributedSecurity.v	281	Theorem	dist_003_eclipse_attack_mitigated
domains/DistributedSecurity.v	299	Theorem	dist_003_peer_diversity_requirement
domains/DistributedSecurity.v	309	Theorem	dist_004_routing_attack_mitigated
domains/DistributedSecurity.v	326	Theorem	dist_004_authenticated_routing_preserves_integrity
domains/DistributedSecurity.v	337	Theorem	dist_005_consensus_attack_mitigated
domains/DistributedSecurity.v	353	Theorem	dist_005_safety_implies_agreement_or_unsafe
domains/DistributedSecurity.v	362	Theorem	dist_005_safety_agreement_model
domains/DistributedSecurity.v	373	Theorem	dist_006_smart_contract_bug_mitigated
domains/DistributedSecurity.v	390	Theorem	dist_006_verified_contract_preserves_invariants
domains/DistributedSecurity.v	401	Theorem	dist_007_reentrancy_mitigated
domains/DistributedSecurity.v	417	Theorem	dist_007_checks_effects_interactions_pattern
domains/DistributedSecurity.v	429	Theorem	dist_007_locked_guard_prevents_reentry
domains/DistributedSecurity.v	439	Theorem	dist_008_frontrunning_mitigated
domains/DistributedSecurity.v	456	Theorem	dist_008_commit_reveal_hides_intent
domains/DistributedSecurity.v	467	Theorem	dist_009_mev_extraction_mitigated_private
domains/DistributedSecurity.v	482	Theorem	dist_009_mev_extraction_mitigated_fair
domains/DistributedSecurity.v	494	Theorem	dist_010_flashloan_attack_mitigated
domains/DistributedSecurity.v	510	Theorem	dist_010_twap_oracle_resists_manipulation
domains/DistributedSecurity.v	520	Theorem	dist_011_clock_skew_mitigated_lamport
domains/DistributedSecurity.v	536	Theorem	dist_011_clock_skew_mitigated_vector
domains/DistributedSecurity.v	548	Theorem	dist_011_lamport_clock_monotonic
domains/DistributedSecurity.v	557	Theorem	dist_012_splitbrain_mitigated
domains/DistributedSecurity.v	573	Theorem	dist_012_cap_theorem_tradeoff
domains/DistributedSecurity.v	588	Theorem	dist_012_cap_partition_choice
domains/DistributedSecurity.v	598	Theorem	dist_013_state_inconsistency_mitigated
domains/DistributedSecurity.v	614	Theorem	dist_013_linearizability_implies_sequential
domains/DistributedSecurity.v	623	Theorem	dist_014_leader_corruption_mitigated
domains/DistributedSecurity.v	639	Theorem	dist_014_rotation_limits_corruption_window
domains/DistributedSecurity.v	649	Theorem	dist_014_bft_election_requires_quorum
domains/DistributedSecurity.v	659	Theorem	dist_015_quorum_attack_mitigated
domains/DistributedSecurity.v	677	Theorem	dist_015_quorum_intersection_guaranteed
domains/DistributedSecurity.v	687	Theorem	dist_015_any_two_quorums_intersect
domains/DistributedSecurity.v	698	Theorem	dist_015_majority_quorum_safety
domains/DistributedSecurity.v	707	Theorem	dist_015_majority_always_intersects
domains/DistributedSecurity.v	720	Theorem	distributed_security_bft_sybil_combined
domains/DistributedSecurity.v	736	Theorem	distributed_security_consensus_consistency_combined
domains/DistributedSecurity.v	748	Theorem	distributed_security_full_stack
domains/DualModeVerification.v	75	Theorem	lightweight_sound
domains/DualModeVerification.v	86	Theorem	lightweight_complete_decidable
domains/DualModeVerification.v	96	Theorem	refine_subtype_refl
domains/DualModeVerification.v	103	Theorem	refine_subtype_trans
domains/DualModeVerification.v	113	Theorem	checked_values_satisfy
domains/DualModeVerification.v	122	Theorem	dual_mode_agreement
domains/DualModeVerification.v	133	Theorem	refinement_weakening
domains/DualModeVerification.v	143	Theorem	conj_subtype_left
domains/DualModeVerification.v	150	Theorem	conj_subtype_right
domains/DualModeVerification.v	157	Theorem	conj_greatest_lower_bound
domains/DualModeVerification.v	167	Theorem	conj_full_pred_comm
domains/DualModeVerification.v	174	Theorem	conj_full_pred_assoc
domains/DualModeVerification.v	182	Theorem	conj_light_is_andb
domains/DualModeVerification.v	189	Theorem	eval_const
domains/DualModeVerification.v	195	Theorem	eval_plus
domains/DualModeVerification.v	201	Theorem	lightweight_false_implies_not_full
domains/DualModeVerification.v	212	Theorem	subtype_lightweight_sound
domains/DualModeVerification.v	222	Theorem	conj_decidable
domains/DualModeVerification.v	233	Theorem	refine_subtype_antisym_eq
domains/DualModeVerification.v	242	Theorem	eval_if_false
domains/DualModeVerification.v	249	Theorem	eval_if_true
domains/DualModeVerification.v	260	Theorem	conj_sub_both
domains/ESGCompliance.v	434	Theorem	ESG_001_01_scope1_completeness
domains/ESGCompliance.v	449	Theorem	ESG_001_02_scope2_calculation
domains/ESGCompliance.v	461	Theorem	ESG_001_03_scope3_coverage
domains/ESGCompliance.v	470	Theorem	ESG_001_04_emission_factor_accuracy
domains/ESGCompliance.v	479	Theorem	ESG_001_05_no_double_counting
domains/ESGCompliance.v	490	Theorem	ESG_001_06_renewable_tracking
domains/ESGCompliance.v	499	Theorem	ESG_001_07_carbon_calculation_precision
domains/ESGCompliance.v	510	Theorem	ESG_001_08_water_withdrawal_tracking
domains/ESGCompliance.v	523	Theorem	ESG_001_09_waste_diversion_rate
domains/ESGCompliance.v	532	Theorem	ESG_001_10_biodiversity_assessment
domains/ESGCompliance.v	541	Theorem	ESG_001_11_circular_economy_metrics
domains/ESGCompliance.v	550	Theorem	ESG_001_12_pollution_compliance
domains/ESGCompliance.v	559	Theorem	ESG_001_13_living_wage_guarantee
domains/ESGCompliance.v	573	Theorem	ESG_001_14_no_forced_labor
domains/ESGCompliance.v	583	Theorem	ESG_001_15_no_child_labor
domains/ESGCompliance.v	593	Theorem	ESG_001_16_safety_incident_tracking
domains/ESGCompliance.v	602	Theorem	ESG_001_17_non_discrimination
domains/ESGCompliance.v	611	Theorem	ESG_001_18_equal_pay_verification
domains/ESGCompliance.v	620	Theorem	ESG_001_19_hrdd_process
domains/ESGCompliance.v	632	Theorem	ESG_001_20_supply_chain_assessment
domains/ESGCompliance.v	641	Theorem	ESG_001_21_fpic_requirement
domains/ESGCompliance.v	650	Theorem	ESG_001_22_grievance_mechanism
domains/ESGCompliance.v	658	Theorem	ESG_001_23_stakeholder_engagement
domains/ESGCompliance.v	667	Theorem	ESG_001_24_board_independence
domains/ESGCompliance.v	679	Theorem	ESG_001_25_esg_linked_compensation
domains/ESGCompliance.v	688	Theorem	ESG_001_26_anti_corruption_policy
domains/ESGCompliance.v	696	Theorem	ESG_001_27_whistleblower_protection
domains/ESGCompliance.v	704	Theorem	ESG_001_28_conflict_of_interest
domains/ESGCompliance.v	712	Theorem	ESG_001_29_related_party_disclosure
domains/ESGCompliance.v	721	Theorem	ESG_001_30_gri_compliance
domains/ESGCompliance.v	733	Theorem	ESG_001_31_tcfd_alignment
domains/ESGCompliance.v	741	Theorem	ESG_001_32_sasb_alignment
domains/ESGCompliance.v	749	Theorem	ESG_001_33_data_quality
domains/ESGCompliance.v	757	Theorem	ESG_001_34_third_party_assurance
domains/ESGCompliance.v	765	Theorem	ESG_001_35_sbti_validation
domains/EnterpriseERP.v	112	Theorem	erp_001_rbac_enforced
domains/EnterpriseERP.v	138	Theorem	erp_002_assignment_active
domains/EnterpriseERP.v	157	Theorem	erp_003_sod_enforced
domains/EnterpriseERP.v	183	Theorem	erp_004_txn_authorized
domains/EnterpriseERP.v	214	Theorem	erp_005_no_self_approval
domains/EnterpriseERP.v	233	Theorem	erp_006_audit_created
domains/EnterpriseERP.v	248	Theorem	erp_007_audit_immutable
domains/EnterpriseERP.v	262	Theorem	erp_008_tenant_isolation
domains/EnterpriseERP.v	277	Theorem	erp_009_role_hierarchy
domains/EnterpriseERP.v	292	Theorem	erp_010_multi_approval
domains/EnterpriseERP.v	307	Theorem	erp_011_budget_enforced
domains/EnterpriseERP.v	322	Theorem	erp_012_period_closed
domains/EnterpriseERP.v	351	Theorem	erp_013_valid_workflow
domains/EnterpriseERP.v	359	Theorem	erp_014_no_post_without_approval
domains/EnterpriseERP.v	372	Theorem	erp_015_maker_checker
domains/EnterpriseERP.v	383	Theorem	erp_016_delegation_logged
domains/EnterpriseERP.v	402	Theorem	erp_017_time_limited
domains/EnterpriseERP.v	417	Theorem	erp_018_field_security
domains/EnterpriseERP.v	432	Theorem	erp_019_lock_exclusive
domains/EnterpriseERP.v	447	Theorem	erp_020_concurrent_controlled
domains/EnterpriseERP.v	461	Theorem	erp_021_data_validated
domains/EnterpriseERP.v	475	Theorem	erp_022_ref_integrity
domains/EnterpriseERP.v	494	Theorem	erp_023_soft_delete
domains/EnterpriseERP.v	509	Theorem	erp_024_encrypted_at_rest
domains/EnterpriseERP.v	524	Theorem	erp_025_defense_in_depth
domains/FFIAttackResearch.v	120	Theorem	ffi_safe_implies_sandboxed
domains/FFIAttackResearch.v	131	Theorem	ffi_safe_implies_validated
domains/FFIAttackResearch.v	138	Theorem	ffi_safe_construct
domains/FFIAttackResearch.v	148	Theorem	int8_alignment_positive
domains/FFIAttackResearch.v	158	Lemma	ffi_type_align_ge_1
domains/FFIAttackResearch.v	166	Theorem	ptr_size_constant
domains/FFIAttackResearch.v	172	Theorem	array_size_correct
domains/FFIAttackResearch.v	178	Theorem	empty_struct_zero_size
domains/FFIAttackResearch.v	184	Theorem	marshal_preserves_capacity
domains/FFIAttackResearch.v	198	Theorem	marshal_increases_used
domains/FFIAttackResearch.v	208	Theorem	marshal_never_overflows
domains/FFIAttackResearch.v	221	Theorem	marshal_failure_means_insufficient
domains/FFIAttackResearch.v	232	Theorem	marshal_void_always_succeeds
domains/FFIAttackResearch.v	244	Theorem	disjoint_regions_no_overlap
domains/FFIAttackResearch.v	263	Theorem	sandbox_call_allowed_decidable
domains/FFIAttackResearch.v	269	Theorem	disjoint_symmetric
domains/FFIAttackResearch.v	276	Theorem	addr_in_region_bounds
domains/FFIAttackResearch.v	284	Theorem	ffi_void_size_zero
domains/FFIAttackResearch.v	294	Theorem	ffi_int8_size
domains/FFIAttackResearch.v	300	Theorem	marshal_void_preserves_used
domains/FHESecurity.v	27	Lemma	andb_true_iff
domains/FHESecurity.v	37	Lemma	andb3_true_iff
domains/FHESecurity.v	47	Lemma	negb_true_iff
domains/FHESecurity.v	52	Lemma	leb_le
domains/FHESecurity.v	59	Lemma	ltb_lt
domains/FHESecurity.v	66	Lemma	mult_le_compat
domains/FHESecurity.v	73	Lemma	add_le_compat
domains/FHESecurity.v	129	Theorem	FHE_001
domains/FHESecurity.v	132	Theorem	FHE_002
domains/FHESecurity.v	133	Theorem	FHE_003
domains/FHESecurity.v	134	Theorem	FHE_004
domains/FHESecurity.v	135	Theorem	FHE_005
domains/FHESecurity.v	136	Theorem	FHE_006
domains/FHESecurity.v	137	Theorem	FHE_007
domains/FHESecurity.v	138	Theorem	FHE_008
domains/FHESecurity.v	139	Theorem	FHE_009
domains/FHESecurity.v	140	Theorem	FHE_010
domains/FHESecurity.v	141	Theorem	FHE_011
domains/FHESecurity.v	142	Theorem	FHE_012
domains/FHESecurity.v	143	Theorem	FHE_013
domains/FHESecurity.v	147	Theorem	FHE_014
domains/FHESecurity.v	150	Theorem	FHE_015
domains/FHESecurity.v	154	Theorem	FHE_016
domains/FHESecurity.v	158	Theorem	FHE_017
domains/FHESecurity.v	165	Theorem	FHE_018
domains/FHESecurity.v	172	Theorem	FHE_019
domains/FHESecurity.v	178	Theorem	FHE_020
domains/FHESecurity.v	181	Theorem	FHE_021
domains/FHESecurity.v	184	Theorem	FHE_022
domains/FHESecurity.v	187	Theorem	FHE_023
domains/FHESecurity.v	190	Theorem	FHE_024
domains/FHESecurity.v	193	Theorem	FHE_025_complete
domains/FHESecurity.v	228	Theorem	indcpa_001_riina_secure
domains/FHESecurity.v	232	Theorem	indcpa_002_key_size_sufficient
domains/FHESecurity.v	242	Theorem	indcpa_003_has_oracle
domains/FHESecurity.v	252	Theorem	indcpa_004_negligible_advantage
domains/FHESecurity.v	275	Theorem	ss_001_riina_semantic_secure
domains/FHESecurity.v	279	Theorem	ss_002_implies_indistinguishable
domains/FHESecurity.v	289	Theorem	ss_003_implies_randomized
domains/FHESecurity.v	299	Theorem	ss_004_ciphertext_expansion
domains/FHESecurity.v	332	Theorem	hadd_001_riina_correct
domains/FHESecurity.v	336	Theorem	hadd_002_preserves_structure
domains/FHESecurity.v	345	Theorem	hadd_003_modulus_relation
domains/FHESecurity.v	369	Theorem	hmult_001_riina_correct
domains/FHESecurity.v	373	Theorem	hmult_002_relinearization
domains/FHESecurity.v	383	Theorem	hmult_003_key_switching
domains/FHESecurity.v	407	Theorem	hops_001_riina_valid
domains/FHESecurity.v	411	Theorem	hops_002_addition_correct
domains/FHESecurity.v	421	Theorem	hops_003_multiplication_correct
domains/FHESecurity.v	431	Theorem	hops_004_composition
domains/FHESecurity.v	467	Theorem	noise_001_initial_safe
domains/FHESecurity.v	472	Theorem	noise_002_100_additions_safe
domains/FHESecurity.v	477	Theorem	noise_003_10_multiplications_safe
domains/FHESecurity.v	482	Theorem	noise_004_add_linear_growth
domains/FHESecurity.v	492	Theorem	noise_005_zero_additions
domains/FHESecurity.v	513	Theorem	nb_001_riina_valid
domains/FHESecurity.v	517	Theorem	nb_002_additions_safe
domains/FHESecurity.v	527	Theorem	nb_003_multiplications_safe
domains/FHESecurity.v	556	Theorem	boot_001_riina_correct
domains/FHESecurity.v	560	Theorem	boot_002_reduces_noise
domains/FHESecurity.v	571	Theorem	boot_003_preserves_message
domains/FHESecurity.v	582	Theorem	boot_004_polynomial_time
domains/FHESecurity.v	592	Theorem	boot_005_noise_reduction
domains/FHESecurity.v	615	Theorem	ufhe_001_riina_valid
domains/FHESecurity.v	619	Theorem	ufhe_002_bootstrap_correct
domains/FHESecurity.v	649	Theorem	kg_001_riina_secure
domains/FHESecurity.v	653	Theorem	kg_002_security_parameter
domains/FHESecurity.v	664	Theorem	kg_003_polynomial_degree
domains/FHESecurity.v	675	Theorem	kg_004_error_distribution
domains/FHESecurity.v	685	Theorem	kg_005_modulus_bits
domains/FHESecurity.v	709	Theorem	kp_001_riina_valid
domains/FHESecurity.v	713	Theorem	kp_002_secure_params
domains/FHESecurity.v	743	Theorem	ct_001_riina_valid
domains/FHESecurity.v	747	Theorem	ct_002_valid_encryption
domains/FHESecurity.v	757	Theorem	ct_003_safe_noise
domains/FHESecurity.v	767	Theorem	ct_004_positive_level
domains/FHESecurity.v	787	Theorem	cao_001_valid_preserves
domains/FHESecurity.v	797	Theorem	cao_002_result_valid
domains/FHESecurity.v	831	Theorem	cfhe_001_riina_secure
domains/FHESecurity.v	835	Theorem	cfhe_002_config_secure
domains/FHESecurity.v	847	Theorem	cfhe_003_keygen_secure
domains/FHESecurity.v	859	Theorem	cfhe_004_indcpa_secure
domains/FHESecurity.v	870	Theorem	cfhe_005_bootstrap_correct
domains/FHESecurity.v	881	Theorem	cfhe_006_ops_valid
domains/FHESecurity.v	890	Theorem	cfhe_007_pq_safe
domains/FHESecurity.v	900	Theorem	cfhe_008_arbitrary_depth
domains/FHESecurity.v	911	Theorem	cfhe_009_semantic_secure
domains/FHESecurity.v	924	Theorem	cfhe_010_noise_managed
domains/FHESecurity.v	951	Theorem	circ_001_riina_secure
domains/FHESecurity.v	955	Theorem	circ_002_key_encryption
domains/FHESecurity.v	979	Theorem	lwe_001_riina_secure
domains/FHESecurity.v	983	Theorem	lwe_002_dimension
domains/FHESecurity.v	1008	Theorem	rlwe_001_riina_secure
domains/FHESecurity.v	1012	Theorem	rlwe_002_ring_degree
domains/FormalVerification.v	531	Lemma	pred_decidable_PTrue
domains/FormalVerification.v	539	Lemma	pred_decidable_eval
domains/FormalVerification.v	548	Theorem	E_001_01
domains/FormalVerification.v	569	Theorem	E_001_02
domains/FormalVerification.v	579	Lemma	smt_translation_correct
domains/FormalVerification.v	599	Theorem	E_001_03
domains/FormalVerification.v	615	Theorem	E_001_04
domains/FormalVerification.v	625	Theorem	E_001_05
domains/FormalVerification.v	636	Theorem	E_001_06
domains/FormalVerification.v	647	Theorem	E_001_07
domains/FormalVerification.v	671	Lemma	ty_subst_preserves_base
domains/FormalVerification.v	677	Theorem	E_001_08
domains/FormalVerification.v	693	Theorem	E_001_09
domains/FormalVerification.v	710	Theorem	E_001_10
domains/FormalVerification.v	727	Theorem	E_001_11
domains/FormalVerification.v	748	Theorem	E_001_12
domains/FormalVerification.v	768	Theorem	E_001_13
domains/FormalVerification.v	786	Theorem	E_001_14
domains/FormalVerification.v	811	Theorem	E_001_15
domains/FormalVerification.v	832	Theorem	E_001_16
domains/FormalVerification.v	868	Theorem	E_001_17
domains/FormalVerification.v	891	Theorem	E_001_18
domains/FormalVerification.v	914	Theorem	E_001_19
domains/FormalVerification.v	936	Theorem	E_001_20
domains/FormalVerification.v	946	Theorem	E_001_21
domains/FormalVerification.v	1006	Theorem	E_001_22
domains/FormalVerification.v	1022	Lemma	bool_proof_irrelevant
domains/FormalVerification.v	1034	Theorem	E_001_23
domains/FormalVerification.v	1041	Theorem	E_001_24
domains/FormalVerification.v	1054	Theorem	E_001_25
domains/FormalVerification.v	1075	Theorem	E_001_26
domains/FormalVerification.v	1087	Theorem	E_001_27
domains/FormalVerification.v	1099	Theorem	E_001_28
domains/FormalVerification.v	1111	Lemma	wp_skip_sound
domains/FormalVerification.v	1124	Theorem	E_001_29
domains/FormalVerification.v	1143	Theorem	E_001_30
domains/FullstackSecurity.v	111	Theorem	web_001_escaped_safe
domains/FullstackSecurity.v	120	Theorem	web_002_plaintext_safe
domains/FullstackSecurity.v	131	Theorem	web_003_raw_unsafe
domains/FullstackSecurity.v	147	Theorem	web_004_template_safe
domains/FullstackSecurity.v	159	Theorem	web_005_param_query_safe
domains/FullstackSecurity.v	174	Theorem	web_006_no_concat
domains/FullstackSecurity.v	191	Theorem	web_007_csrf_session
domains/FullstackSecurity.v	203	Theorem	web_008_csrf_fresh
domains/FullstackSecurity.v	217	Theorem	web_009_valid_transition
domains/FullstackSecurity.v	227	Theorem	web_010_no_skip_mfa
domains/FullstackSecurity.v	235	Theorem	web_011_locked_blocked
domains/FullstackSecurity.v	243	Theorem	web_012_session_token
domains/FullstackSecurity.v	270	Theorem	web_013_post_token
domains/FullstackSecurity.v	292	Theorem	web_014_url_validated
domains/FullstackSecurity.v	306	Theorem	web_015_csp_present
domains/FullstackSecurity.v	326	Theorem	web_016_cookie_secure
domains/FullstackSecurity.v	342	Theorem	web_017_input_validated
domains/FullstackSecurity.v	352	Theorem	web_018_output_encoded
domains/FullstackSecurity.v	372	Theorem	web_019_rate_limited
domains/FullstackSecurity.v	387	Theorem	web_020_session_timeout
domains/FullstackSecurity.v	402	Theorem	web_021_password_hashed
domains/FullstackSecurity.v	417	Theorem	web_022_https_required
domains/FullstackSecurity.v	432	Theorem	web_023_error_safe
domains/FullstackSecurity.v	447	Theorem	web_024_logging_complete
domains/FullstackSecurity.v	461	Theorem	web_025_defense_in_depth
domains/FutureSecurity.v	453	Theorem	fut_001_quantum_shor_mitigated
domains/FutureSecurity.v	477	Theorem	fut_001_hybrid_defense
domains/FutureSecurity.v	489	Theorem	fut_002_quantum_grover_mitigated
domains/FutureSecurity.v	517	Theorem	fut_002_symmetric_quantum_safe
domains/FutureSecurity.v	530	Theorem	fut_003_ai_exploit_mitigated
domains/FutureSecurity.v	557	Theorem	fut_003_verified_layer_guarantee
domains/FutureSecurity.v	581	Theorem	fut_004_unknown_cpu_vuln_mitigated
domains/FutureSecurity.v	604	Theorem	fut_004_full_serialize_safe
domains/FutureSecurity.v	616	Theorem	fut_005_novel_side_channel_mitigated
domains/FutureSecurity.v	647	Theorem	fut_005_minimal_surface_defense
domains/FutureSecurity.v	659	Theorem	fut_006_emergent_combo_mitigated
domains/FutureSecurity.v	687	Theorem	fut_006_no_circular_vulnerabilities
domains/FutureSecurity.v	699	Theorem	fut_007_apt_mitigated
domains/FutureSecurity.v	728	Theorem	fut_007_forward_secrecy_protection
domains/FutureSecurity.v	746	Theorem	fut_008_pq_signature_secure
domains/FutureSecurity.v	768	Theorem	fut_008_ml_dsa_87_maximum
domains/FutureSecurity.v	775	Theorem	fut_008_slh_dsa_256_secure
domains/FutureSecurity.v	782	Theorem	fut_009_quantum_network_mitigated
domains/FutureSecurity.v	805	Theorem	fut_009_qkd_option
domains/FutureSecurity.v	825	Theorem	fut_010_math_truth_fundamental
domains/FutureSecurity.v	843	Theorem	fut_010_agi_adversary_handled
domains/FutureSecurity.v	856	Theorem	fut_010_proof_assistant_guarantee
domains/FutureSecurity.v	871	Theorem	fut_010_scaling_defense
domains/FutureSecurity.v	938	Theorem	all_future_theorems_proven
domains/HIPAACompliance.v	229	Theorem	COMPLY_001_01
domains/HIPAACompliance.v	247	Theorem	COMPLY_001_02
domains/HIPAACompliance.v	265	Theorem	COMPLY_001_03
domains/HIPAACompliance.v	280	Theorem	COMPLY_001_04
domains/HIPAACompliance.v	299	Theorem	COMPLY_001_05
domains/HIPAACompliance.v	316	Theorem	COMPLY_001_06
domains/HIPAACompliance.v	330	Theorem	COMPLY_001_07
domains/HIPAACompliance.v	347	Theorem	COMPLY_001_08
domains/HIPAACompliance.v	368	Theorem	COMPLY_001_09
domains/HIPAACompliance.v	395	Theorem	COMPLY_001_10
domains/HIPAACompliance.v	411	Theorem	COMPLY_001_11
domains/HIPAACompliance.v	427	Theorem	COMPLY_001_12
domains/HIPAACompliance.v	448	Theorem	COMPLY_001_13
domains/HIPAACompliance.v	491	Theorem	COMPLY_001_14
domains/HIPAACompliance.v	513	Theorem	COMPLY_001_15
domains/HIPAACompliance.v	538	Theorem	COMPLY_001_16
domains/HIPAACompliance.v	551	Theorem	COMPLY_001_17
domains/HIPAACompliance.v	566	Theorem	COMPLY_001_18
domains/HIPAACompliance.v	582	Theorem	COMPLY_001_19
domains/HIPAACompliance.v	599	Theorem	COMPLY_001_20
domains/HIPAACompliance.v	614	Theorem	COMPLY_001_21
domains/HardwareSecurity.v	74	Theorem	hw_001_spectre_v1_mitigated
domains/HardwareSecurity.v	93	Theorem	hw_002_spectre_v2_mitigated
domains/HardwareSecurity.v	106	Theorem	hw_003_spectre_v4_mitigated
domains/HardwareSecurity.v	118	Theorem	hw_004_meltdown_mitigated
domains/HardwareSecurity.v	131	Theorem	hw_005_foreshadow_mitigated
domains/HardwareSecurity.v	144	Theorem	hw_006_zombieload_mitigated
domains/HardwareSecurity.v	157	Theorem	hw_007_ridl_mitigated
domains/HardwareSecurity.v	169	Theorem	hw_008_fallout_mitigated
domains/HardwareSecurity.v	181	Theorem	hw_009_lvi_mitigated
domains/HardwareSecurity.v	193	Theorem	hw_010_cacheout_mitigated
domains/HardwareSecurity.v	205	Theorem	hw_011_platypus_mitigated
domains/HardwareSecurity.v	221	Theorem	hw_012_hertzbleed_mitigated
domains/HardwareSecurity.v	234	Theorem	hw_013_pacman_mitigated
domains/HardwareSecurity.v	252	Theorem	hw_014_augury_mitigated
domains/HardwareSecurity.v	264	Theorem	hw_015_retbleed_mitigated
domains/HardwareSecurity.v	276	Theorem	hw_016_aepic_leak_mitigated
domains/HardwareSecurity.v	288	Theorem	hw_017_cachewarp_mitigated
domains/HardwareSecurity.v	300	Theorem	hw_018_gofetch_mitigated
domains/HardwareSecurity.v	312	Theorem	hw_019_rowhammer_mitigated
domains/HardwareSecurity.v	329	Theorem	hw_020_rambleed_mitigated
domains/HardwareSecurity.v	342	Theorem	hw_021_throwhammer_mitigated
domains/HardwareSecurity.v	355	Theorem	hw_022_glitch_mitigated
domains/HardwareSecurity.v	367	Theorem	hw_023_drammer_mitigated
domains/HardwareSecurity.v	380	Theorem	hw_024_fault_injection_mitigated
domains/HardwareSecurity.v	397	Theorem	hw_025_cold_boot_mitigated
domains/HardwareSecurity.v	409	Theorem	hw_026_dma_attack_mitigated
domains/HardwareSecurity.v	423	Theorem	hw_027_evil_maid_mitigated
domains/HardwareSecurity.v	436	Theorem	hw_028_hardware_implant_mitigated
domains/HardwareSecurity.v	449	Theorem	hw_029_microcode_attack_mitigated
domains/HardwareSecurity.v	466	Theorem	hw_030_firmware_attack_mitigated
domains/HardwareSecurity.v	480	Theorem	hw_031_spyhammer_mitigated
domains/HardwareSecurity.v	496	Theorem	hw_032_ddr5_rowhammer_mitigated
domains/HardwareSecurity.v	510	Theorem	hw_033_post_barrier_spectre_mitigated
domains/HardwareSecurity.v	524	Theorem	hw_034_gofetch_dmp_mitigated
domains/HealthcareIS.v	470	Theorem	HIS_001_01_patient_identity_uniqueness
domains/HealthcareIS.v	491	Theorem	HIS_001_02_patient_matching_accuracy
domains/HealthcareIS.v	510	Theorem	HIS_001_03_duplicate_detection
domains/HealthcareIS.v	531	Theorem	HIS_001_04_patient_merge_integrity
domains/HealthcareIS.v	543	Theorem	HIS_001_05_amendment_tracking
domains/HealthcareIS.v	558	Theorem	HIS_001_06_encounter_completeness
domains/HealthcareIS.v	581	Theorem	HIS_001_07_documentation_immutability
domains/HealthcareIS.v	589	Theorem	HIS_001_08_allergy_documentation
domains/HealthcareIS.v	606	Theorem	HIS_001_09_drug_allergy_alert
domains/HealthcareIS.v	621	Theorem	HIS_001_10_problem_list_coded
domains/HealthcareIS.v	635	Theorem	HIS_001_11_five_rights_verification
domains/HealthcareIS.v	649	Theorem	HIS_001_12_drug_interaction_checking
domains/HealthcareIS.v	663	Theorem	HIS_001_13_dose_range_checking
domains/HealthcareIS.v	678	Theorem	HIS_001_14_high_alert_safeguards
domains/HealthcareIS.v	694	Theorem	HIS_001_15_barcode_verification
domains/HealthcareIS.v	709	Theorem	HIS_001_16_order_completeness
domains/HealthcareIS.v	724	Theorem	HIS_001_17_order_signature
domains/HealthcareIS.v	738	Theorem	HIS_001_18_verbal_order_auth
domains/HealthcareIS.v	753	Theorem	HIS_001_19_duplicate_order_prevention
domains/HealthcareIS.v	769	Theorem	HIS_001_20_contraindication_alert
domains/HealthcareIS.v	785	Theorem	HIS_001_21_specimen_tracking
domains/HealthcareIS.v	800	Theorem	HIS_001_22_critical_value_notification
domains/HealthcareIS.v	819	Theorem	HIS_001_23_result_validation
domains/HealthcareIS.v	833	Theorem	HIS_001_24_delta_check
domains/HealthcareIS.v	849	Theorem	HIS_001_25_reference_range_adjusted
domains/HealthcareIS.v	863	Theorem	HIS_001_26_phi_access_control
domains/HealthcareIS.v	877	Theorem	HIS_001_27_audit_trail_complete
domains/HealthcareIS.v	892	Theorem	HIS_001_28_breach_notification
domains/HealthcareIS.v	907	Theorem	HIS_001_29_consent_required
domains/HealthcareIS.v	922	Theorem	HIS_001_30_data_portability
domains/HumanFactorSecurity.v	329	Lemma	bool_eq_true
domains/HumanFactorSecurity.v	339	Lemma	advanced_training_implies_basic
domains/HumanFactorSecurity.v	348	Lemma	multi_party_is_adequate
domains/HumanFactorSecurity.v	356	Lemma	mantrap_implies_controlled
domains/HumanFactorSecurity.v	364	Lemma	immutable_implies_automated
domains/HumanFactorSecurity.v	372	Lemma	zero_trust_is_strong
domains/HumanFactorSecurity.v	380	Theorem	hum_001_phishing_mitigated_by_webauthn
domains/HumanFactorSecurity.v	402	Theorem	hum_001_phishing_control_effective
domains/HumanFactorSecurity.v	415	Theorem	hum_002_spear_phishing_mitigated
domains/HumanFactorSecurity.v	440	Theorem	hum_002_spear_phishing_control_effective
domains/HumanFactorSecurity.v	453	Theorem	hum_003_whaling_mitigated
domains/HumanFactorSecurity.v	471	Theorem	hum_003_whaling_control_effective
domains/HumanFactorSecurity.v	483	Theorem	hum_004_vishing_mitigated
domains/HumanFactorSecurity.v	501	Theorem	hum_004_vishing_control_effective
domains/HumanFactorSecurity.v	513	Theorem	hum_005_smishing_mitigated
domains/HumanFactorSecurity.v	535	Theorem	hum_005_smishing_control_effective
domains/HumanFactorSecurity.v	547	Theorem	hum_006_pretexting_mitigated
domains/HumanFactorSecurity.v	565	Theorem	hum_006_pretexting_control_effective
domains/HumanFactorSecurity.v	577	Theorem	hum_007_baiting_mitigated
domains/HumanFactorSecurity.v	595	Theorem	hum_007_baiting_control_effective
domains/HumanFactorSecurity.v	607	Theorem	hum_008_tailgating_mitigated
domains/HumanFactorSecurity.v	627	Theorem	hum_008_tailgating_control_effective
domains/HumanFactorSecurity.v	639	Theorem	hum_009_dumpster_diving_mitigated
domains/HumanFactorSecurity.v	659	Theorem	hum_009_dumpster_diving_control_effective
domains/HumanFactorSecurity.v	671	Theorem	hum_010_shoulder_surfing_mitigated
domains/HumanFactorSecurity.v	686	Theorem	hum_010_shoulder_surfing_control_effective
domains/HumanFactorSecurity.v	698	Theorem	hum_011_insider_threat_mitigated
domains/HumanFactorSecurity.v	716	Theorem	hum_011_insider_threat_control_effective
domains/HumanFactorSecurity.v	728	Theorem	hum_012_coercion_mitigated
domains/HumanFactorSecurity.v	746	Theorem	hum_012_coercion_control_effective
domains/HumanFactorSecurity.v	758	Theorem	hum_013_bribery_mitigated
domains/HumanFactorSecurity.v	776	Theorem	hum_013_bribery_control_effective
domains/HumanFactorSecurity.v	788	Theorem	hum_014_blackmail_mitigated
domains/HumanFactorSecurity.v	810	Theorem	hum_014_blackmail_control_effective
domains/HumanFactorSecurity.v	822	Theorem	hum_015_social_engineering_mitigated
domains/HumanFactorSecurity.v	848	Theorem	hum_015_social_engineering_control_effective
domains/HumanFactorSecurity.v	860	Theorem	hum_016_credential_sharing_mitigated
domains/HumanFactorSecurity.v	878	Theorem	hum_016_credential_sharing_control_effective
domains/HumanFactorSecurity.v	890	Theorem	hum_017_weak_passwords_mitigated
domains/HumanFactorSecurity.v	908	Theorem	hum_017_weak_passwords_control_effective
domains/HumanFactorSecurity.v	920	Theorem	hum_018_password_reuse_mitigated
domains/HumanFactorSecurity.v	938	Theorem	hum_018_password_reuse_control_effective
domains/HumanFactorSecurity.v	950	Theorem	hum_019_unsafe_behavior_mitigated
domains/HumanFactorSecurity.v	972	Theorem	hum_019_unsafe_behavior_control_effective
domains/HumanFactorSecurity.v	984	Theorem	hum_020_configuration_error_mitigated
domains/HumanFactorSecurity.v	1002	Theorem	hum_020_configuration_error_control_effective
domains/HumanFactorSecurity.v	1014	Theorem	hum_021_sock_puppet_campaign_mitigated
domains/HumanFactorSecurity.v	1035	Theorem	hum_021_sock_puppet_campaign_control_effective
domains/HumanFactorSecurity.v	1075	Theorem	all_human_threats_mitigated
domains/HumanFactorSecurity.v	1123	Theorem	example_state_is_phishing_resistant
domains/HumanFactorSecurity.v	1132	Theorem	example_state_mitigates_phishing
domains/HumanFactorSecurity.v	1139	Theorem	training_enhances_defenses
domains/HumanFactorSecurity.v	1162	Theorem	verification_provides_layered_defense
domains/HumanFactorSecurity.v	1173	Theorem	physical_logical_complement
domains/HypervisorSecurity.v	26	Lemma	andb_true_iff
domains/HypervisorSecurity.v	36	Lemma	andb_true_intro
domains/HypervisorSecurity.v	39	Lemma	andb_true_elim_l
domains/HypervisorSecurity.v	42	Lemma	andb_true_elim_r
domains/HypervisorSecurity.v	237	Theorem	HV_001
domains/HypervisorSecurity.v	244	Theorem	HV_002
domains/HypervisorSecurity.v	247	Theorem	HV_003
domains/HypervisorSecurity.v	250	Theorem	HV_004
domains/HypervisorSecurity.v	253	Theorem	HV_005
domains/HypervisorSecurity.v	256	Theorem	HV_006
domains/HypervisorSecurity.v	259	Theorem	HV_007
domains/HypervisorSecurity.v	262	Theorem	HV_008
domains/HypervisorSecurity.v	265	Theorem	HV_009
domains/HypervisorSecurity.v	268	Theorem	HV_010
domains/HypervisorSecurity.v	271	Theorem	HV_011
domains/HypervisorSecurity.v	274	Theorem	HV_012
domains/HypervisorSecurity.v	278	Theorem	HV_013
domains/HypervisorSecurity.v	284	Theorem	HV_014
domains/HypervisorSecurity.v	289	Theorem	HV_015
domains/HypervisorSecurity.v	293	Theorem	HV_016
domains/HypervisorSecurity.v	313	Theorem	HV_017
domains/HypervisorSecurity.v	323	Theorem	HV_018
domains/HypervisorSecurity.v	332	Theorem	HV_019
domains/HypervisorSecurity.v	340	Theorem	HV_020
domains/HypervisorSecurity.v	347	Theorem	HV_021
domains/HypervisorSecurity.v	357	Theorem	HV_022
domains/HypervisorSecurity.v	360	Theorem	HV_023
domains/HypervisorSecurity.v	363	Theorem	HV_024
domains/HypervisorSecurity.v	366	Theorem	HV_025
domains/HypervisorSecurity.v	369	Theorem	HV_026
domains/HypervisorSecurity.v	372	Theorem	HV_027
domains/HypervisorSecurity.v	375	Theorem	HV_028
domains/HypervisorSecurity.v	378	Theorem	HV_029
domains/HypervisorSecurity.v	381	Theorem	HV_030
domains/HypervisorSecurity.v	386	Theorem	HV_031
domains/HypervisorSecurity.v	391	Theorem	HV_032
domains/HypervisorSecurity.v	395	Theorem	HV_033
domains/HypervisorSecurity.v	400	Theorem	HV_034
domains/HypervisorSecurity.v	405	Theorem	HV_035
domains/HypervisorSecurity.v	410	Theorem	HV_036
domains/HypervisorSecurity.v	417	Theorem	HV_037
domains/HypervisorSecurity.v	420	Theorem	HV_038
domains/HypervisorSecurity.v	423	Theorem	HV_039
domains/HypervisorSecurity.v	426	Theorem	HV_040
domains/HypervisorSecurity.v	429	Theorem	HV_041
domains/HypervisorSecurity.v	434	Theorem	HV_042
domains/HypervisorSecurity.v	439	Theorem	HV_043
domains/HypervisorSecurity.v	443	Theorem	HV_044
domains/HypervisorSecurity.v	448	Theorem	HV_045
domains/HypervisorSecurity.v	453	Theorem	HV_046
domains/HypervisorSecurity.v	457	Theorem	HV_047
domains/HypervisorSecurity.v	462	Theorem	HV_048
domains/HypervisorSecurity.v	467	Theorem	HV_049
domains/HypervisorSecurity.v	471	Theorem	HV_050
domains/HypervisorSecurity.v	475	Theorem	HV_051
domains/HypervisorSecurity.v	482	Theorem	HV_052
domains/HypervisorSecurity.v	485	Theorem	HV_053
domains/HypervisorSecurity.v	488	Theorem	HV_054
domains/HypervisorSecurity.v	491	Theorem	HV_055
domains/HypervisorSecurity.v	494	Theorem	HV_056
domains/HypervisorSecurity.v	497	Theorem	HV_057
domains/HypervisorSecurity.v	500	Theorem	HV_058
domains/HypervisorSecurity.v	508	Theorem	HV_059
domains/HypervisorSecurity.v	516	Theorem	HV_060
domains/HypervisorSecurity.v	523	Theorem	HV_061
domains/HypervisorSecurity.v	529	Theorem	HV_062
domains/HypervisorSecurity.v	534	Theorem	HV_063
domains/HypervisorSecurity.v	538	Theorem	HV_064
domains/HypervisorSecurity.v	544	Theorem	HV_065
domains/HypervisorSecurity.v	549	Theorem	HV_066
domains/HypervisorSecurity.v	556	Theorem	HV_067
domains/HypervisorSecurity.v	559	Theorem	HV_068
domains/HypervisorSecurity.v	562	Theorem	HV_069
domains/HypervisorSecurity.v	565	Theorem	HV_070
domains/HypervisorSecurity.v	568	Theorem	HV_071
domains/HypervisorSecurity.v	571	Theorem	HV_072
domains/HypervisorSecurity.v	576	Theorem	HV_073
domains/HypervisorSecurity.v	581	Theorem	HV_074
domains/HypervisorSecurity.v	585	Theorem	HV_075
domains/HypervisorSecurity.v	590	Theorem	HV_076
domains/HypervisorSecurity.v	594	Theorem	HV_077
domains/HypervisorSecurity.v	599	Theorem	HV_078
domains/HypervisorSecurity.v	605	Theorem	HV_079
domains/HypervisorSecurity.v	610	Theorem	HV_080
domains/HypervisorSecurity.v	615	Theorem	HV_081
domains/HypervisorSecurity.v	622	Theorem	HV_082
domains/HypervisorSecurity.v	630	Theorem	HV_083
domains/HypervisorSecurity.v	637	Theorem	HV_084
domains/HypervisorSecurity.v	670	Theorem	HV_085_complete
domains/ISO26262Compliance.v	100	Lemma	andb_true_iff
domains/ISO26262Compliance.v	189	Theorem	ISO_001_asil_reflexive
domains/ISO26262Compliance.v	198	Theorem	ISO_002_asil_transitive
domains/ISO26262Compliance.v	209	Theorem	ISO_003_qm_bottom
domains/ISO26262Compliance.v	214	Theorem	ISO_004_asil_d_top
domains/ISO26262Compliance.v	219	Theorem	ISO_005_hara_valid
domains/ISO26262Compliance.v	228	Theorem	ISO_006_hazards_identified
domains/ISO26262Compliance.v	239	Theorem	ISO_007_safety_goals
domains/ISO26262Compliance.v	250	Theorem	ISO_008_asil_determined
domains/ISO26262Compliance.v	262	Theorem	ISO_009_sw_dev_valid
domains/ISO26262Compliance.v	271	Theorem	ISO_010_safety_requirements
domains/ISO26262Compliance.v	282	Theorem	ISO_011_unit_verification
domains/ISO26262Compliance.v	295	Theorem	ISO_012_safety_validation
domains/ISO26262Compliance.v	306	Theorem	ISO_013_verif_methods_valid
domains/ISO26262Compliance.v	315	Theorem	ISO_014_formal_verification
domains/ISO26262Compliance.v	330	Theorem	ISO_015_static_analysis
domains/ISO26262Compliance.v	342	Theorem	ISO_016_data_flow
domains/ISO26262Compliance.v	355	Theorem	ISO_017_testing_valid
domains/ISO26262Compliance.v	364	Theorem	ISO_018_mcdc_coverage
domains/ISO26262Compliance.v	375	Theorem	ISO_019_fault_injection
domains/ISO26262Compliance.v	389	Theorem	ISO_020_requirements_based
domains/ISO26262Compliance.v	400	Theorem	ISO_021_riina_asil_d
domains/ISO26262Compliance.v	409	Theorem	ISO_022_asil_d_level
domains/ISO26262Compliance.v	419	Theorem	ISO_023_asil_d_hara
domains/ISO26262Compliance.v	434	Theorem	ISO_024_asil_d_sw_dev
domains/ISO26262Compliance.v	448	Theorem	ISO_025_asil_d_verification
domains/ISO26262Compliance.v	461	Theorem	ISO_026_asil_d_testing
domains/ISO26262Compliance.v	473	Theorem	ISO_027_riina_is_asil_d
domains/ISO26262Compliance.v	482	Theorem	ISO_028_riina_formal_verif
domains/ISO26262Compliance.v	487	Theorem	ISO_029_riina_mcdc
domains/ISO26262Compliance.v	492	Theorem	ISO_030_riina_safety_goals
domains/ISO26262Compliance.v	497	Theorem	ISO_031_asil_d_implies_all
domains/ISO26262Compliance.v	502	Theorem	ISO_032_formal_methods_cascade
domains/ISO26262Compliance.v	513	Theorem	ISO_033_asil_d_implies_formal
domains/ISO26262Compliance.v	525	Theorem	ISO_034_asil_d_implies_mcdc
domains/ISO26262Compliance.v	537	Theorem	ISO_035_complete_certification
domains/InjectionPrevention.v	117	Theorem	inj_001_sql_injection_impossible
domains/InjectionPrevention.v	150	Theorem	inj_002_command_injection_impossible
domains/InjectionPrevention.v	169	Theorem	inj_003_ldap_injection_impossible
domains/InjectionPrevention.v	194	Theorem	inj_004_xpath_injection_impossible
domains/InjectionPrevention.v	217	Theorem	inj_005_xxe_impossible
domains/InjectionPrevention.v	240	Theorem	inj_006_header_injection_impossible
domains/InjectionPrevention.v	256	Theorem	inj_007_template_injection_impossible
domains/InjectionPrevention.v	275	Theorem	inj_008_code_injection_impossible
domains/InjectionPrevention.v	290	Theorem	inj_009_expression_language_safe
domains/InjectionPrevention.v	311	Theorem	inj_010_log_injection_impossible
domains/InjectionPrevention.v	329	Theorem	inj_011_email_header_safe
domains/InjectionPrevention.v	349	Lemma	csv_escape_safe_helper
domains/InjectionPrevention.v	373	Theorem	inj_012_csv_injection_impossible
domains/InjectionPrevention.v	403	Theorem	inj_013_pdf_injection_impossible
domains/InjectionPrevention.v	412	Theorem	inj_014_crlf_injection_impossible
domains/InjectionPrevention.v	432	Theorem	inj_015_null_byte_injection_impossible
domains/InjectionPrevention.v	441	Theorem	inj_016_untrusted_propagation
domains/InjectionPrevention.v	455	Theorem	inj_017_untrusted_propagation_right
domains/InjectionPrevention.v	465	Theorem	inj_018_trusted_propagation
domains/InjectionPrevention.v	473	Theorem	inj_019_sanitized_propagation
domains/InjectionPrevention.v	481	Theorem	inj_020_empty_sql_safe
domains/InjectionPrevention.v	489	Theorem	inj_021_parameterized_always_safe
domains/InjectionPrevention.v	500	Theorem	inj_022_trusted_propagation
domains/InjectionPrevention.v	510	Theorem	inj_023_taint_propagation_comm
domains/InjectionPrevention.v	515	Theorem	inj_024_trusted_propagation
domains/InjectionPrevention.v	520	Theorem	inj_025_untrusted_propagation
domains/IrisSeparationLogic.v	72	Theorem	emp_empty
domains/IrisSeparationLogic.v	76	Theorem	points_to_singleton
domains/IrisSeparationLogic.v	81	Lemma	disjoint_sym
domains/IrisSeparationLogic.v	127	Theorem	star_comm
domains/IrisSeparationLogic.v	141	Theorem	star_emp_l
domains/IrisSeparationLogic.v	153	Theorem	points_to_exclusive
domains/IrisSeparationLogic.v	163	Theorem	frame_rule
domains/IrisSeparationLogic.v	176	Theorem	fdisjoint_empty_l
domains/IrisSeparationLogic.v	182	Theorem	fdisjoint_empty_r
domains/IrisSeparationLogic.v	187	Theorem	funion_empty_l
domains/IrisSeparationLogic.v	193	Theorem	funion_empty_r
domains/IrisSeparationLogic.v	199	Theorem	fdisjoint_sym
domains/IrisSeparationLogic.v	205	Theorem	pure_extract
domains/IrisSeparationLogic.v	212	Theorem	pure_empty_heap
domains/IrisSeparationLogic.v	219	Theorem	points_to_read
domains/IrisSeparationLogic.v	226	Theorem	points_to_other_none
domains/IrisSeparationLogic.v	234	Theorem	fempty_sat_empty
domains/IrisSeparationLogic.v	240	Theorem	fsingleton_sat
domains/IrisSeparationLogic.v	252	Theorem	fsingleton_lookup_neq
domains/IrisSeparationLogic.v	262	Theorem	fdisjoint_singletons
domains/IrisSeparationLogic.v	275	Theorem	fempty_pure_true
domains/KeyLifecycle.v	94	Theorem	key_001_entropy_sufficient
domains/KeyLifecycle.v	112	Theorem	key_002_active_usable
domains/KeyLifecycle.v	136	Theorem	key_003_valid_transition
domains/KeyLifecycle.v	144	Theorem	key_004_destroyed_unusable
domains/KeyLifecycle.v	152	Theorem	key_005_compromised_unusable
domains/KeyLifecycle.v	165	Theorem	key_006_not_expired
domains/KeyLifecycle.v	180	Theorem	key_007_rotation_new
domains/KeyLifecycle.v	196	Theorem	key_008_rotation_timing
domains/KeyLifecycle.v	211	Theorem	key_009_destruction_verified
domains/KeyLifecycle.v	226	Theorem	key_010_escrow_threshold
domains/KeyLifecycle.v	244	Theorem	key_011_escrow_share_index
domains/KeyLifecycle.v	259	Theorem	key_012_destruction_method
domains/KeyLifecycle.v	274	Theorem	key_013_symmetric_size
domains/KeyLifecycle.v	289	Theorem	key_014_asymmetric_size
domains/KeyLifecycle.v	304	Theorem	key_015_purpose_bound
domains/KeyLifecycle.v	319	Theorem	key_016_lifetime
domains/KeyLifecycle.v	334	Theorem	key_017_rotation_due
domains/KeyLifecycle.v	349	Theorem	key_018_derivation_depth
domains/KeyLifecycle.v	364	Theorem	key_019_access_control
domains/KeyLifecycle.v	378	Theorem	key_020_hsm_storage
domains/KeyLifecycle.v	392	Theorem	key_021_audit_complete
domains/KeyLifecycle.v	407	Theorem	key_022_backup_encrypted
domains/KeyLifecycle.v	422	Theorem	key_023_custodian_diversity
domains/KeyLifecycle.v	437	Theorem	key_024_recovery_tested
domains/KeyLifecycle.v	452	Theorem	key_025_defense_in_depth
domains/LLMProofPipeline.v	32	Lemma	formula_eqb_refl
domains/LLMProofPipeline.v	41	Lemma	formula_eqb_eq
domains/LLMProofPipeline.v	53	Lemma	formula_eqb_neq
domains/LLMProofPipeline.v	143	Theorem	checker_soundness
domains/LLMProofPipeline.v	192	Lemma	derives_sound
domains/LLMProofPipeline.v	213	Theorem	identity_proof_valid
domains/LLMProofPipeline.v	228	Theorem	compose_proof_valid
domains/LLMProofPipeline.v	244	Theorem	conj_intro_valid
domains/LLMProofPipeline.v	257	Theorem	conj_elim_left_valid
domains/LLMProofPipeline.v	270	Theorem	conj_elim_right_valid
domains/LLMProofPipeline.v	276	Theorem	checker_deterministic
domains/LLMProofPipeline.v	286	Theorem	invalid_modus_ponens_rejected
domains/LLMProofPipeline.v	299	Theorem	invalid_axiom_rejected
domains/LLMProofPipeline.v	306	Theorem	invalid_mismatch_rejected
domains/LLMProofPipeline.v	317	Lemma	nth_error_insert
domains/LLMProofPipeline.v	337	Lemma	weakening_derives
domains/LLMProofPipeline.v	354	Theorem	weakening
domains/LLMProofPipeline.v	360	Theorem	pipeline_soundness
domains/LLMProofPipeline.v	374	Theorem	identity_is_valid
domains/LLMProofPipeline.v	383	Theorem	conj_comm_sem
domains/LinearTypes.v	31	Lemma	linearity_eqb_eq
domains/LinearTypes.v	272	Lemma	get_update_same
domains/LinearTypes.v	288	Theorem	TYPE_002_01
domains/LinearTypes.v	304	Theorem	TYPE_002_02
domains/LinearTypes.v	325	Theorem	TYPE_002_03
domains/LinearTypes.v	343	Theorem	TYPE_002_04
domains/LinearTypes.v	356	Theorem	TYPE_002_05
domains/LinearTypes.v	375	Lemma	usage_add_zero_l
domains/LinearTypes.v	380	Lemma	usage_add_zero_r
domains/LinearTypes.v	385	Theorem	TYPE_002_06
domains/LinearTypes.v	433	Theorem	TYPE_002_07
domains/LinearTypes.v	456	Lemma	linear_must_be_used
domains/LinearTypes.v	462	Lemma	linear_zero_usage_invalid
domains/LinearTypes.v	468	Lemma	linear_many_usage_invalid
domains/LinearTypes.v	471	Lemma	unused_linear_ill_formed
domains/LinearTypes.v	482	Lemma	extend_preserves_lookup_none
domains/LinearTypes.v	508	Lemma	unit_typing_preserves_ctx
domains/LinearTypes.v	526	Theorem	TYPE_002_08_direct
domains/LinearTypes.v	534	Lemma	weakening_consequence
domains/LinearTypes.v	557	Theorem	TYPE_002_08
domains/LinearTypes.v	589	Theorem	TYPE_002_09
domains/LinearTypes.v	608	Theorem	TYPE_002_10
domains/LinearTypes.v	630	Theorem	TYPE_002_11
domains/LinearTypes.v	649	Lemma	resource_stays_consumed
domains/LinearTypes.v	668	Theorem	TYPE_002_12
domains/MLSafetyTypes.v	34	Lemma	forallb_combine_refl
domains/MLSafetyTypes.v	42	Lemma	forallb_combine_sym
domains/MLSafetyTypes.v	51	Theorem	shape_eq_refl
domains/MLSafetyTypes.v	59	Theorem	shape_eq_sym
domains/MLSafetyTypes.v	67	Theorem	matmul_shape_correct
domains/MLSafetyTypes.v	77	Theorem	matmul_incompat
domains/MLSafetyTypes.v	99	Theorem	dp_composition_additive
domains/MLSafetyTypes.v	106	Theorem	dp_compose_assoc
domains/MLSafetyTypes.v	120	Theorem	lipschitz_compose
domains/MLSafetyTypes.v	140	Theorem	lipschitz_id
domains/MLSafetyTypes.v	146	Theorem	lipschitz_const
domains/MLSafetyTypes.v	152	Theorem	dp_queries_additive
domains/MLSafetyTypes.v	159	Theorem	dp_compose_zero_l
domains/MLSafetyTypes.v	166	Theorem	dp_compose_zero_r
domains/MLSafetyTypes.v	173	Theorem	dp_compose_comm
domains/MLSafetyTypes.v	180	Theorem	shape_eq_implies_same_length
domains/MLSafetyTypes.v	189	Theorem	shape_eq_nil
domains/MLSafetyTypes.v	195	Theorem	shape_eq_singleton
domains/MLSafetyTypes.v	204	Theorem	matmul_square
domains/MLSafetyTypes.v	212	Theorem	matmul_col_vector
domains/MLSafetyTypes.v	220	Theorem	dp_epsilon_nonneg
domains/MLSafetyTypes.v	227	Theorem	lipschitz_mono
domains/MLSafetyTypes.v	240	Theorem	compose_fn_assoc
domains/MLSafetyTypes.v	247	Theorem	compose_fn_id_l
domains/MLTTFoundation.v	77	Lemma	cumulativity_level
domains/MLTTFoundation.v	319	Theorem	TYPE_001_01
domains/MLTTFoundation.v	334	Theorem	TYPE_001_02
domains/MLTTFoundation.v	348	Theorem	TYPE_001_03
domains/MLTTFoundation.v	363	Theorem	TYPE_001_04
domains/MLTTFoundation.v	378	Theorem	TYPE_001_05
domains/MLTTFoundation.v	392	Theorem	TYPE_001_06
domains/MLTTFoundation.v	407	Theorem	TYPE_001_07
domains/MLTTFoundation.v	418	Theorem	TYPE_001_08
domains/MLTTFoundation.v	431	Theorem	TYPE_001_09
domains/MLTTFoundation.v	444	Theorem	TYPE_001_10
domains/MLTTFoundation.v	468	Lemma	type_uniqueness_eq
domains/MLTTFoundation.v	493	Theorem	TYPE_001_11
domains/MLTTFoundation.v	505	Theorem	TYPE_001_12
domains/MLTTFoundation.v	517	Theorem	TYPE_001_13
domains/MLTTFoundation.v	529	Theorem	TYPE_001_14
domains/MLTTFoundation.v	541	Lemma	red_star_trans
domains/MLTTFoundation.v	555	Lemma	red_star_app
domains/MLTTFoundation.v	568	Lemma	red_star_lam
domains/MLTTFoundation.v	576	Lemma	red_star_pair
domains/MLTTFoundation.v	589	Lemma	red_star_fst
domains/MLTTFoundation.v	597	Lemma	red_star_snd
domains/MLTTFoundation.v	605	Lemma	red_star_refl_tm
domains/MLTTFoundation.v	613	Lemma	red_star_J
domains/MLTTFoundation.v	626	Theorem	TYPE_001_15
domains/MalaysiaBNMRMiT.v	66	Theorem	rmit_domain_1
domains/MalaysiaBNMRMiT.v	82	Theorem	rmit_domain_2
domains/MalaysiaBNMRMiT.v	99	Theorem	rmit_domain_3
domains/MalaysiaBNMRMiT.v	114	Theorem	rmit_domain_4
domains/MalaysiaBNMRMiT.v	129	Theorem	rmit_domain_5
domains/MalaysiaBNMRMiT.v	148	Theorem	rmit_domain_6_onprem
domains/MalaysiaBNMRMiT.v	156	Theorem	rmit_domain_6_cloud
domains/MalaysiaBNMRMiT.v	173	Theorem	rmit_domain_7
domains/MalaysiaBNMRMiT.v	189	Theorem	rmit_domain_8
domains/MalaysiaBNMRMiT.v	211	Theorem	rmit_composition
domains/MalaysiaBNMRMiT.v	235	Theorem	fi_type_coverage
domains/MalaysiaBNMRMiT.v	247	Theorem	cyber_controls_strengthened
domains/MalaysiaBNMRMiT.v	267	Theorem	cloud_deployment_coverage
domains/MalaysiaBNMRMiT.v	273	Theorem	on_premise_always_compliant
domains/MalaysiaBNMRMiT.v	283	Theorem	rmit_full_implies_governance
domains/MalaysiaBNMRMiT.v	294	Theorem	rmit_full_implies_risk
domains/MalaysiaBNMRMiT.v	302	Theorem	rmit_full_implies_cyber
domains/MalaysiaBNMRMiT.v	310	Theorem	rmit_full_implies_ops
domains/MalaysiaBNMRMiT.v	318	Theorem	rmit_full_implies_audit
domains/MalaysiaBNMRMiT.v	326	Theorem	rmit_full_implies_cloud
domains/MalaysiaBNMRMiT.v	334	Theorem	rmit_full_implies_third_party
domains/MalaysiaBNMRMiT.v	342	Theorem	rmit_full_implies_bcp
domains/MalaysiaBNMRMiT.v	365	Theorem	bnm_incident_reporting
domains/MalaysiaBNMRMiT.v	373	Theorem	bnm_late_incident_violation
domains/MalaysiaBNMRMiT.v	400	Theorem	outsourcing_risk_managed
domains/MalaysiaBNMRMiT.v	412	Theorem	non_material_no_notification
domains/MalaysiaBNMRMiT.v	439	Theorem	tech_refresh_valid
domains/MalaysiaBNMRMiT.v	447	Theorem	tech_refresh_expired
domains/MalaysiaBursaGov.v	50	Theorem	bursa_governance
domains/MalaysiaBursaGov.v	66	Theorem	bursa_integrity
domains/MalaysiaBursaGov.v	81	Theorem	bursa_data_protection
domains/MalaysiaBursaGov.v	96	Theorem	bursa_connectivity
domains/MalaysiaBursaGov.v	111	Theorem	bursa_bcp
domains/MalaysiaBursaGov.v	130	Theorem	bursa_composition
domains/MalaysiaBursaGov.v	148	Theorem	participant_coverage
domains/MalaysiaBursaGov.v	163	Theorem	bursa_risk
domains/MalaysiaBursaGov.v	171	Theorem	bursa_compliant_implies_governance
domains/MalaysiaBursaGov.v	183	Theorem	bursa_compliant_implies_integrity
domains/MalaysiaBursaGov.v	191	Theorem	bursa_compliant_implies_data_protection
domains/MalaysiaBursaGov.v	199	Theorem	bursa_compliant_implies_connectivity
domains/MalaysiaBursaGov.v	207	Theorem	bursa_compliant_implies_bcp
domains/MalaysiaBursaGov.v	215	Theorem	governance_violation_blocks_compliance
domains/MalaysiaBursaGov.v	228	Theorem	integrity_violation_blocks_compliance
domains/MalaysiaBursaGov.v	237	Theorem	data_violation_blocks_compliance
domains/MalaysiaBursaGov.v	246	Theorem	connectivity_violation_blocks_compliance
domains/MalaysiaBursaGov.v	255	Theorem	bcp_violation_blocks_compliance
domains/MalaysiaBursaGov.v	282	Theorem	trading_system_availability
domains/MalaysiaBursaGov.v	290	Theorem	trading_system_resilience
domains/MalaysiaBursaGov.v	299	Theorem	insufficient_uptime
domains/MalaysiaBursaGov.v	314	Theorem	bursa_composition_v2
domains/MalaysiaBursaGov.v	323	Theorem	bursa_v2_implies_v1
domains/MalaysiaCybersecurityAct.v	84	Theorem	obligation_1_risk_assessment
domains/MalaysiaCybersecurityAct.v	99	Theorem	obligation_2_audit
domains/MalaysiaCybersecurityAct.v	107	Theorem	audit_expiry
domains/MalaysiaCybersecurityAct.v	129	Theorem	obligation_3_reporting
domains/MalaysiaCybersecurityAct.v	137	Theorem	severity_ordering
domains/MalaysiaCybersecurityAct.v	152	Theorem	obligation_4_controls
domains/MalaysiaCybersecurityAct.v	174	Theorem	obligation_5_cssp
domains/MalaysiaCybersecurityAct.v	193	Theorem	act854_composition
domains/MalaysiaCybersecurityAct.v	216	Theorem	ncii_sector_coverage
domains/MalaysiaCybersecurityAct.v	228	Theorem	critical_is_highest_risk
domains/MalaysiaCybersecurityAct.v	237	Theorem	low_is_lowest_risk
domains/MalaysiaCybersecurityAct.v	244	Theorem	risk_level_bounded
domains/MalaysiaCybersecurityAct.v	256	Theorem	risk_level_coverage
domains/MalaysiaCybersecurityAct.v	262	Theorem	audit_current_expiry_exclusive
domains/MalaysiaCybersecurityAct.v	274	Theorem	more_controls_still_sufficient
domains/MalaysiaCybersecurityAct.v	288	Theorem	act854_implies_risk_assessed
domains/MalaysiaCybersecurityAct.v	298	Theorem	act854_implies_audit_current
domains/MalaysiaCybersecurityAct.v	306	Theorem	act854_implies_controls
domains/MalaysiaCybersecurityAct.v	314	Theorem	act854_implies_cssp_valid
domains/MalaysiaCybersecurityAct.v	322	Theorem	cssp_expired
domains/MalaysiaCybersecurityAct.v	332	Theorem	cssp_unlicensed_invalid
domains/MalaysiaCybersecurityAct.v	356	Theorem	ceo_liable_when_negligent
domains/MalaysiaCybersecurityAct.v	367	Theorem	ceo_due_diligence_defense
domains/MalaysiaCybersecurityAct.v	375	Theorem	incident_6h_stricter_than_24h
domains/MalaysiaCybersecurityAct.v	385	Theorem	immediate_report_always_timely
domains/MalaysiaCybersecurityAct.v	400	Theorem	banking_is_critical
domains/MalaysiaCybersecurityAct.v	406	Theorem	defense_is_critical
domains/MalaysiaCybersecurityAct.v	412	Theorem	telecom_not_critical
domains/MalaysiaDigitalSignature.v	66	Theorem	cert_validity
domains/MalaysiaDigitalSignature.v	77	Theorem	suspended_invalid
domains/MalaysiaDigitalSignature.v	87	Theorem	revoked_invalid
domains/MalaysiaDigitalSignature.v	96	Theorem	expired_invalid
domains/MalaysiaDigitalSignature.v	114	Theorem	licensed_ca_presumption
domains/MalaysiaDigitalSignature.v	122	Theorem	unlicensed_no_presumption
domains/MalaysiaDigitalSignature.v	141	Theorem	signature_verification
domains/MalaysiaDigitalSignature.v	160	Theorem	key_strength_2048
domains/MalaysiaDigitalSignature.v	176	Theorem	subscriber_duty_encrypted
domains/MalaysiaDigitalSignature.v	184	Theorem	subscriber_duty_hsm
domains/MalaysiaDigitalSignature.v	207	Theorem	active_not_terminated
domains/MalaysiaDigitalSignature.v	217	Theorem	suspended_not_active
domains/MalaysiaDigitalSignature.v	227	Theorem	cert_validity_window
domains/MalaysiaDigitalSignature.v	237	Theorem	cert_valid_implies_not_expired
domains/MalaysiaDigitalSignature.v	245	Theorem	cert_valid_implies_active
domains/MalaysiaDigitalSignature.v	253	Theorem	cert_valid_implies_licensed
domains/MalaysiaDigitalSignature.v	261	Theorem	key_strength_downward
domains/MalaysiaDigitalSignature.v	274	Theorem	key_strength_4096_implies_2048
domains/MalaysiaDigitalSignature.v	301	Theorem	relying_party_duty
domains/MalaysiaDigitalSignature.v	314	Theorem	partial_check_not_diligent
domains/MalaysiaDigitalSignature.v	334	Theorem	revoked_cert_on_crl
domains/MalaysiaDigitalSignature.v	346	Theorem	crl_addition_preserves
domains/MalaysiaDigitalSignature.v	357	Theorem	signature_timestamp_in_cert_validity
domains/MalaysiaDigitalSignature.v	377	Theorem	dsa_composition
domains/MalaysiaDigitalSignature.v	396	Theorem	cert_status_coverage
domains/MalaysiaDigitalSignature.v	405	Theorem	ca_license_coverage
domains/MalaysiaKKMHealthcare.v	59	Theorem	kkm_confidentiality
domains/MalaysiaKKMHealthcare.v	76	Theorem	kkm_consent_access
domains/MalaysiaKKMHealthcare.v	84	Theorem	kkm_emergency_access
domains/MalaysiaKKMHealthcare.v	103	Theorem	kkm_sensitive_protected
domains/MalaysiaKKMHealthcare.v	122	Theorem	kkm_audit
domains/MalaysiaKKMHealthcare.v	141	Theorem	kkm_cross_facility
domains/MalaysiaKKMHealthcare.v	161	Theorem	kkm_composition
domains/MalaysiaKKMHealthcare.v	176	Theorem	facility_coverage
domains/MalaysiaKKMHealthcare.v	187	Theorem	emr_classification_coverage
domains/MalaysiaKKMHealthcare.v	200	Theorem	demographics_not_sensitive
domains/MalaysiaKKMHealthcare.v	208	Theorem	clinical_notes_not_sensitive
domains/MalaysiaKKMHealthcare.v	214	Theorem	mental_health_is_sensitive_kkm
domains/MalaysiaKKMHealthcare.v	220	Theorem	hiv_sti_is_sensitive_kkm
domains/MalaysiaKKMHealthcare.v	226	Theorem	kkm_full_implies_confidentiality
domains/MalaysiaKKMHealthcare.v	236	Theorem	kkm_full_implies_audit
domains/MalaysiaKKMHealthcare.v	244	Theorem	kkm_full_implies_consent
domains/MalaysiaKKMHealthcare.v	252	Theorem	confidentiality_implies_encrypted
domains/MalaysiaKKMHealthcare.v	262	Theorem	confidentiality_implies_access_controlled
domains/MalaysiaKKMHealthcare.v	270	Theorem	emergency_always_authorized
domains/MalaysiaKKMHealthcare.v	279	Theorem	non_emergency_requires_consent
domains/MalaysiaKKMHealthcare.v	307	Theorem	this_compliance
domains/MalaysiaKKMHealthcare.v	322	Theorem	this_missing_backup_non_compliant
domains/MalaysiaKKMHealthcare.v	348	Theorem	ccms_full_compliance
domains/MalaysiaKKMHealthcare.v	378	Theorem	medical_device_sl2
domains/MalaysiaKKMHealthcare.v	391	Theorem	higher_sl_subsumes
domains/MalaysiaKKMHealthcare.v	402	Theorem	cross_facility_requires_encryption
domains/MalaysiaKKMHealthcare.v	412	Theorem	cross_facility_requires_consent
domains/MalaysiaMAMPU.v	66	Theorem	mampu_sovereignty
domains/MalaysiaMAMPU.v	90	Theorem	mampu_terbuka
domains/MalaysiaMAMPU.v	98	Theorem	mampu_rahsia
domains/MalaysiaMAMPU.v	110	Theorem	mampu_rahsia_besar
domains/MalaysiaMAMPU.v	131	Theorem	mampu_assessment
domains/MalaysiaMAMPU.v	146	Theorem	mampu_isms
domains/MalaysiaMAMPU.v	154	Theorem	classification_ordering
domains/MalaysiaMAMPU.v	169	Theorem	rahsia_besar_highest
domains/MalaysiaMAMPU.v	186	Theorem	mampu_composition
domains/MalaysiaMAMPU.v	201	Theorem	gov_classification_coverage
domains/MalaysiaMAMPU.v	213	Theorem	terbuka_is_level_zero
domains/MalaysiaMAMPU.v	221	Theorem	rahsia_besar_is_level_four
domains/MalaysiaMAMPU.v	227	Theorem	classification_level_positive_for_non_terbuka
domains/MalaysiaMAMPU.v	235	Theorem	mampu_terhad
domains/MalaysiaMAMPU.v	246	Theorem	mampu_sulit
domains/MalaysiaMAMPU.v	257	Theorem	rahsia_besar_requires_encryption
domains/MalaysiaMAMPU.v	269	Theorem	rahsia_besar_requires_access_control
domains/MalaysiaMAMPU.v	279	Theorem	rahsia_besar_requires_audit
domains/MalaysiaMAMPU.v	289	Theorem	rahsia_besar_requires_isms
domains/MalaysiaMAMPU.v	299	Theorem	sovereignty_mandatory_for_all_levels
domains/MalaysiaMAMPU.v	310	Theorem	sovereignty_violation_blocks_compliance
domains/MalaysiaMAMPU.v	340	Theorem	rakkssa_assessment_complete
domains/MalaysiaMAMPU.v	355	Theorem	rakkssa_score_insufficient
domains/MalaysiaMAMPU.v	370	Theorem	mygovcloud_check
domains/MalaysiaMAMPU.v	400	Theorem	dkict_full_compliance
domains/MalaysiaMAMPU.v	413	Theorem	mampu_full_implies_sovereign
domains/MalaysiaMAMPU.v	423	Theorem	mampu_full_implies_assessed
domains/MalaysiaMCMC.v	43	Theorem	s234_encrypted_compliant
domains/MalaysiaMCMC.v	51	Theorem	s234_authorized_compliant
domains/MalaysiaMCMC.v	68	Theorem	s236_fraud_prevention
domains/MalaysiaMCMC.v	100	Theorem	mcmc_composition
domains/MalaysiaMCMC.v	117	Theorem	mcmc_license_coverage
domains/MalaysiaMCMC.v	138	Theorem	nfp_highest_level
domains/MalaysiaMCMC.v	142	Theorem	csp_lowest_level
domains/MalaysiaMCMC.v	146	Theorem	license_level_positive
domains/MalaysiaMCMC.v	150	Theorem	mcmc_compliant_licensed
domains/MalaysiaMCMC.v	157	Theorem	mcmc_compliant_technical
domains/MalaysiaMCMC.v	163	Theorem	mcmc_compliant_consumer
domains/MalaysiaMCMC.v	169	Theorem	mcmc_compliant_interception
domains/MalaysiaMCMC.v	175	Theorem	mcmc_compliant_fraud
domains/MalaysiaMCMC.v	189	Theorem	count_mcmc_bounded
domains/MalaysiaMCMC.v	198	Theorem	mcmc_compliant_all_five
domains/MalaysiaMCMC.v	210	Theorem	license_eqb_refl
domains/MalaysiaMCMC.v	216	Theorem	fraud_requires_identity
domains/MalaysiaMCMC.v	223	Theorem	fraud_requires_signing
domains/MalaysiaMCMC.v	229	Theorem	fraud_requires_audit
domains/MalaysiaMCMC.v	235	Theorem	mcmc_license_count
domains/MalaysiaPDPA.v	108	Theorem	principle_1_consent
domains/MalaysiaPDPA.v	118	Theorem	principle_1_personal_data
domains/MalaysiaPDPA.v	128	Theorem	principle_1_public_exempt
domains/MalaysiaPDPA.v	137	Theorem	consent_withdrawal_blocks
domains/MalaysiaPDPA.v	159	Theorem	principle_2_purpose_limitation
domains/MalaysiaPDPA.v	176	Theorem	principle_3_sensitive_explicit_only
domains/MalaysiaPDPA.v	200	Theorem	principle_4_encryption_mandatory
domains/MalaysiaPDPA.v	209	Theorem	principle_4_security
domains/MalaysiaPDPA.v	230	Theorem	principle_5_retention
domains/MalaysiaPDPA.v	240	Theorem	retention_delete_exclusive
domains/MalaysiaPDPA.v	259	Theorem	principle_6_integrity
domains/MalaysiaPDPA.v	276	Theorem	principle_7_access_logged
domains/MalaysiaPDPA.v	310	Theorem	breach_notification_ordering
domains/MalaysiaPDPA.v	319	Theorem	pdpc_deadline_stricter
domains/MalaysiaPDPA.v	342	Theorem	dpo_mandatory
domains/MalaysiaPDPA.v	362	Theorem	pdpa_composition
domains/MalaysiaPDPA.v	399	Theorem	data_collection_consent_recorded
domains/MalaysiaPDPA.v	438	Theorem	cross_border_transfer_authorized
domains/MalaysiaPDPA.v	446	Theorem	cross_border_consent_basis
domains/MalaysiaPDPA.v	463	Theorem	data_breach_notification_timely
domains/MalaysiaPDPA.v	493	Theorem	data_subject_access_fulfilled
domains/MalaysiaPDPA.v	504	Theorem	access_late_response_violation
domains/MalaysiaPDPA.v	523	Theorem	data_retention_period_enforced
domains/MalaysiaPDPA.v	555	Theorem	data_accuracy_maintained
domains/MalaysiaPDPA.v	563	Theorem	accuracy_expiry_detected
domains/MalaysiaPDPA.v	585	Theorem	security_measures_proportionate
domains/MalaysiaPDPA.v	593	Theorem	sensitive_needs_more_controls
domains/MalaysiaPDPA.v	620	Theorem	processor_contract_binding
domains/MalaysiaPDPA.v	651	Theorem	dpia_conducted
domains/MalaysiaPDPA.v	662	Theorem	dpia_incomplete_if_risks_unmitigated
domains/MalaysiaPDPA.v	689	Theorem	children_data_additional_consent
domains/MalaysiaPDPA.v	698	Theorem	adult_own_consent_sufficient
domains/MalaysiaPDPA.v	719	Theorem	marketing_consent_required
domains/MalaysiaPDPA.v	728	Theorem	marketing_without_explicit_violates
domains/MalaysiaPDPA.v	755	Theorem	complaint_mechanism_valid
domains/MalaysiaPDPA.v	782	Theorem	pdpa_commissioner_reportable
domains/MalaysiaPDPA.v	793	Theorem	late_report_non_compliant
domains/MalaysiaPDPA.v	803	Theorem	public_data_lowest_harm
domains/MalaysiaPDPA.v	812	Theorem	sensitive_data_highest_harm
domains/MalaysiaPDPA.v	824	Theorem	consent_status_coverage
domains/MalaysiaPDPA.v	836	Theorem	transfer_basis_coverage
domains/MalaysiaSCGTRM.v	60	Theorem	gtrm_req_1
domains/MalaysiaSCGTRM.v	75	Theorem	gtrm_req_2
domains/MalaysiaSCGTRM.v	91	Theorem	gtrm_req_3
domains/MalaysiaSCGTRM.v	107	Theorem	gtrm_req_4
domains/MalaysiaSCGTRM.v	122	Theorem	gtrm_req_5
domains/MalaysiaSCGTRM.v	138	Theorem	gtrm_req_6
domains/MalaysiaSCGTRM.v	153	Theorem	gtrm_req_7
domains/MalaysiaSCGTRM.v	174	Theorem	gtrm_composition
domains/MalaysiaSCGTRM.v	196	Theorem	cm_entity_coverage
domains/MalaysiaSCGTRM.v	208	Theorem	pentest_expired
domains/MalaysiaSCGTRM.v	218	Theorem	pentest_recently_done
domains/MalaysiaSCGTRM.v	228	Theorem	gtrm_full_implies_board
domains/MalaysiaSCGTRM.v	238	Theorem	gtrm_full_implies_risk
domains/MalaysiaSCGTRM.v	246	Theorem	gtrm_full_implies_pentest
domains/MalaysiaSCGTRM.v	254	Theorem	gtrm_full_implies_ai
domains/MalaysiaSCGTRM.v	262	Theorem	gtrm_full_implies_vendor
domains/MalaysiaSCGTRM.v	270	Theorem	gtrm_full_implies_incident
domains/MalaysiaSCGTRM.v	278	Theorem	gtrm_full_implies_data
domains/MalaysiaSCGTRM.v	302	Theorem	sc_incident_reporting
domains/MalaysiaSCGTRM.v	310	Theorem	sc_incident_late
domains/MalaysiaSCGTRM.v	338	Theorem	ai_model_risk_complete
domains/MalaysiaSCGTRM.v	353	Theorem	ai_not_validated_not_managed
domains/MalaysiaSCGTRM.v	380	Theorem	cm_cloud_fully_assessed
domains/MalaysiaSCGTRM.v	395	Theorem	cm_cloud_missing_exit_strategy
domains/MeltdownDefense.v	68	Lemma	andb_true_iff
domains/MeltdownDefense.v	75	Theorem	MELTDOWN_001_all_variants
domains/MeltdownDefense.v	84	Theorem	MELTDOWN_002_mitigations
domains/MeltdownDefense.v	89	Theorem	MELTDOWN_003_fully_protected
domains/MeltdownDefense.v	94	Theorem	MELTDOWN_004_us_required
domains/MeltdownDefense.v	105	Theorem	MELTDOWN_005_p_required
domains/MeltdownDefense.v	119	Theorem	MELTDOWN_006_kpti_required
domains/MeltdownDefense.v	130	Theorem	MELTDOWN_007_l1tf_required
domains/MeltdownDefense.v	141	Theorem	MELTDOWN_008_full_implies_variants
domains/MeltdownDefense.v	152	Theorem	MELTDOWN_009_full_implies_mitigations
domains/MeltdownDefense.v	163	Theorem	MELTDOWN_010_riina_kpti
domains/MeltdownDefense.v	168	Theorem	MELTDOWN_011_riina_l1tf
domains/MeltdownDefense.v	173	Theorem	MELTDOWN_012_full_implies_kpti
domains/MeltdownDefense.v	185	Theorem	MELTDOWN_013_full_implies_us
domains/MeltdownDefense.v	197	Theorem	MELTDOWN_014_riina_us
domains/MeltdownDefense.v	202	Theorem	MELTDOWN_015_complete_defense
domains/MeltdownDefense.v	217	Theorem	MELTDOWN_016_rw_required
domains/MeltdownDefense.v	234	Theorem	MELTDOWN_017_pk_required
domains/MeltdownDefense.v	246	Theorem	MELTDOWN_018_br_required
domains/MeltdownDefense.v	257	Theorem	MELTDOWN_019_full_implies_l1tf
domains/MeltdownDefense.v	269	Theorem	MELTDOWN_020_full_implies_p
domains/MeltdownDefense.v	281	Theorem	MELTDOWN_021_full_implies_rw
domains/MeltdownDefense.v	293	Theorem	MELTDOWN_022_full_implies_pk
domains/MeltdownDefense.v	305	Theorem	MELTDOWN_023_full_implies_br
domains/MeltdownDefense.v	317	Theorem	MELTDOWN_024_riina_p
domains/MeltdownDefense.v	322	Theorem	MELTDOWN_025_riina_rw
domains/MeltdownDefense.v	327	Theorem	MELTDOWN_026_riina_pk
domains/MeltdownDefense.v	332	Theorem	MELTDOWN_027_riina_br
domains/MeltdownDefense.v	337	Theorem	MELTDOWN_028_variant_mitigation_composition
domains/MeltdownDefense.v	348	Theorem	MELTDOWN_029_complete_decomposition
domains/MemorySafety.v	26	Lemma	andb_true_iff
domains/MemorySafety.v	32	Lemma	andb_false_iff
domains/MemorySafety.v	38	Lemma	negb_true_iff
domains/MemorySafety.v	41	Lemma	negb_false_iff
domains/MemorySafety.v	322	Theorem	MEM_001
domains/MemorySafety.v	328	Theorem	MEM_002
domains/MemorySafety.v	329	Theorem	MEM_003
domains/MemorySafety.v	330	Theorem	MEM_004
domains/MemorySafety.v	331	Theorem	MEM_005
domains/MemorySafety.v	332	Theorem	MEM_006
domains/MemorySafety.v	334	Theorem	MEM_007
domains/MemorySafety.v	335	Theorem	MEM_008
domains/MemorySafety.v	336	Theorem	MEM_009
domains/MemorySafety.v	337	Theorem	MEM_010
domains/MemorySafety.v	338	Theorem	MEM_011
domains/MemorySafety.v	339	Theorem	MEM_012
domains/MemorySafety.v	340	Theorem	MEM_013
domains/MemorySafety.v	341	Theorem	MEM_014
domains/MemorySafety.v	342	Theorem	MEM_015
domains/MemorySafety.v	343	Theorem	MEM_016
domains/MemorySafety.v	348	Theorem	MEM_017
domains/MemorySafety.v	353	Theorem	MEM_018
domains/MemorySafety.v	357	Theorem	MEM_019
domains/MemorySafety.v	362	Theorem	MEM_020
domains/MemorySafety.v	367	Theorem	MEM_021
domains/MemorySafety.v	371	Theorem	MEM_022
domains/MemorySafety.v	376	Theorem	MEM_023
domains/MemorySafety.v	381	Theorem	MEM_024
domains/MemorySafety.v	385	Theorem	MEM_025
domains/MemorySafety.v	390	Theorem	MEM_026
domains/MemorySafety.v	395	Theorem	MEM_027
domains/MemorySafety.v	399	Theorem	MEM_028
domains/MemorySafety.v	408	Theorem	MEM_029
domains/MemorySafety.v	417	Theorem	MEM_030
domains/MemorySafety.v	425	Theorem	MEM_031
domains/MemorySafety.v	432	Theorem	MEM_032
domains/MemorySafety.v	435	Theorem	MEM_033
domains/MemorySafety.v	438	Theorem	MEM_034
domains/MemorySafety.v	441	Theorem	MEM_035
domains/MemorySafety.v	444	Theorem	MEM_036
domains/MemorySafety.v	447	Theorem	MEM_037
domains/MemorySafety.v	450	Theorem	MEM_038
domains/MemorySafety.v	454	Theorem	MEM_039
domains/MemorySafety.v	458	Theorem	MEM_040_complete
domains/MemorySafety.v	470	Theorem	MEM_041_valid_pointer_is_valid
domains/MemorySafety.v	477	Theorem	MEM_042_null_pointer_not_valid
domains/MemorySafety.v	480	Theorem	MEM_043_dangling_pointer_not_valid
domains/MemorySafety.v	483	Theorem	MEM_044_oob_pointer_not_valid
domains/MemorySafety.v	486	Theorem	MEM_045_null_pointer_is_null
domains/MemorySafety.v	489	Theorem	MEM_046_valid_pointer_not_null
domains/MemorySafety.v	492	Theorem	MEM_047_dangling_is_dangling
domains/MemorySafety.v	495	Theorem	MEM_048_valid_not_dangling
domains/MemorySafety.v	498	Theorem	MEM_049_valid_in_bounds
domains/MemorySafety.v	501	Theorem	MEM_050_oob_not_in_bounds
domains/MemorySafety.v	504	Theorem	MEM_051_valid_safe_for_access
domains/MemorySafety.v	507	Theorem	MEM_052_null_not_safe_for_access
domains/MemorySafety.v	510	Theorem	MEM_053_dangling_not_safe_for_access
domains/MemorySafety.v	513	Theorem	MEM_054_safe_access_implies_valid
domains/MemorySafety.v	518	Theorem	MEM_055_safe_access_implies_in_bounds
domains/MemorySafety.v	523	Theorem	MEM_056_allocated_region_is_allocated
domains/MemorySafety.v	530	Theorem	MEM_057_freed_region_not_allocated
domains/MemorySafety.v	533	Theorem	MEM_058_unallocated_region_not_allocated
domains/MemorySafety.v	536	Theorem	MEM_059_freed_region_is_freed
domains/MemorySafety.v	539	Theorem	MEM_060_allocated_region_not_freed
domains/MemorySafety.v	542	Theorem	MEM_061_allocated_can_access
domains/MemorySafety.v	545	Theorem	MEM_062_freed_cannot_access
domains/MemorySafety.v	548	Theorem	MEM_063_access_implies_allocated
domains/MemorySafety.v	553	Theorem	MEM_064_access_implies_owned
domains/MemorySafety.v	558	Theorem	MEM_065_uaf_prevented
domains/MemorySafety.v	567	Theorem	MEM_066_stack_protected
domains/MemorySafety.v	574	Theorem	MEM_067_canary_enabled
domains/MemorySafety.v	577	Theorem	MEM_068_return_addr_protected
domains/MemorySafety.v	580	Theorem	MEM_069_frame_isolation
domains/MemorySafety.v	583	Theorem	MEM_070_shadow_stack
domains/MemorySafety.v	586	Theorem	MEM_071_stack_implies_canary
domains/MemorySafety.v	592	Theorem	MEM_072_stack_implies_return_protected
domains/MemorySafety.v	599	Theorem	MEM_073_stack_implies_frame_isolation
domains/MemorySafety.v	605	Theorem	MEM_074_stack_implies_shadow
domains/MemorySafety.v	610	Theorem	MEM_075_complete_stack_protection
domains/MemorySafety.v	622	Theorem	MEM_076_heap_protected
domains/MemorySafety.v	629	Theorem	MEM_077_allocation_tracking
domains/MemorySafety.v	632	Theorem	MEM_078_deallocation_check
domains/MemorySafety.v	635	Theorem	MEM_079_fragmentation_prevention
domains/MemorySafety.v	638	Theorem	MEM_080_metadata_integrity
domains/MemorySafety.v	641	Theorem	MEM_081_heap_implies_allocation_tracking
domains/MemorySafety.v	647	Theorem	MEM_082_heap_implies_deallocation_check
domains/MemorySafety.v	654	Theorem	MEM_083_heap_implies_fragmentation_prevention
domains/MemorySafety.v	660	Theorem	MEM_084_heap_implies_metadata_integrity
domains/MemorySafety.v	665	Theorem	MEM_085_complete_heap_protection
domains/MemorySafety.v	677	Theorem	MEM_086_isolation_protected
domains/MemorySafety.v	684	Theorem	MEM_087_domain_separation
domains/MemorySafety.v	687	Theorem	MEM_088_permission_enforcement
domains/MemorySafety.v	690	Theorem	MEM_089_cross_domain_check
domains/MemorySafety.v	693	Theorem	MEM_090_capability_required
domains/MemorySafety.v	696	Theorem	MEM_091_isolation_implies_domain_separation
domains/MemorySafety.v	702	Theorem	MEM_092_isolation_implies_permission_enforcement
domains/MemorySafety.v	709	Theorem	MEM_093_isolation_implies_cross_domain_check
domains/MemorySafety.v	715	Theorem	MEM_094_isolation_implies_capability
domains/MemorySafety.v	720	Theorem	MEM_095_complete_isolation
domains/MemorySafety.v	732	Theorem	MEM_096_kernel_can_access_kernel
domains/MemorySafety.v	739	Theorem	MEM_097_kernel_can_access_user
domains/MemorySafety.v	742	Theorem	MEM_098_kernel_can_access_guest
domains/MemorySafety.v	745	Theorem	MEM_099_kernel_can_access_untrusted
domains/MemorySafety.v	748	Theorem	MEM_100_user_cannot_access_kernel
domains/MemorySafety.v	751	Theorem	MEM_101_user_can_access_user
domains/MemorySafety.v	754	Theorem	MEM_102_guest_cannot_access_user
domains/MemorySafety.v	757	Theorem	MEM_103_untrusted_cannot_access_guest
domains/MemorySafety.v	760	Theorem	MEM_104_domain_access_reflexive
domains/MemorySafety.v	763	Theorem	MEM_105_domain_hierarchy_transitive
domains/MemorySafety.v	773	Theorem	MEM_106_kernel_read_kernel_region
domains/MemorySafety.v	780	Theorem	MEM_107_user_cannot_read_kernel_region
domains/MemorySafety.v	783	Theorem	MEM_108_kernel_read_user_region
domains/MemorySafety.v	786	Theorem	MEM_109_user_read_user_region
domains/MemorySafety.v	789	Theorem	MEM_110_guest_read_guest_region
domains/MemorySafety.v	792	Theorem	MEM_111_guest_cannot_write_guest_region
domains/MemorySafety.v	795	Theorem	MEM_112_kernel_write_user_region
domains/MemorySafety.v	798	Theorem	MEM_113_read_requires_allocation
domains/MemorySafety.v	804	Theorem	MEM_114_write_requires_allocation
domains/MemorySafety.v	810	Theorem	MEM_115_read_requires_permission
domains/MemorySafety.v	815	Theorem	MEM_116_full_memory_safe_implies_stack
domains/MemorySafety.v	826	Theorem	MEM_117_full_memory_safe_implies_heap
domains/MemorySafety.v	832	Theorem	MEM_118_full_memory_safe_implies_isolation
domains/MemorySafety.v	837	Theorem	MEM_119_riina_full_protection
domains/MemorySafety.v	848	Theorem	MEM_120_no_uaf_with_tracking
domains/MemorySafety.v	854	Theorem	MEM_121_no_double_free_with_tracking
domains/MemorySafety.v	860	Theorem	MEM_122_null_safety_complete
domains/MemorySafety.v	868	Theorem	MEM_123_bounds_safety_complete
domains/MemorySafety.v	876	Theorem	MEM_124_ptr_safe_zero_offset
domains/MemorySafety.v	886	Theorem	MEM_125_complete_memory_safety_riina
domains/MemorySafety.v	904	Theorem	MEM_126_safe_range_valid_pointer
domains/MemorySafety.v	912	Theorem	MEM_127_unsafe_range_exceeds_bounds
domains/MemorySafety.v	916	Theorem	MEM_128_null_unsafe_for_range
domains/MemorySafety.v	920	Theorem	MEM_129_dangling_unsafe_for_range
domains/MemorySafety.v	924	Theorem	MEM_130_safe_range_implies_valid
domains/MemorySafety.v	929	Theorem	MEM_131_zero_range_safe_if_valid
domains/MemorySafety.v	938	Theorem	MEM_132_safe_range_monotonic
domains/MemorySafety.v	953	Theorem	MEM_133_single_access_from_range
domains/MemorySafety.v	967	Theorem	MEM_134_out_of_bounds_unsafe
domains/MemorySafety.v	977	Theorem	MEM_135_safe_implies_not_exceeds_bounds
domains/MeshNetworking.v	72	Lemma	existsb_In
domains/MeshNetworking.v	88	Lemma	not_existsb_not_In
domains/MeshNetworking.v	101	Lemma	NoDup_nodup_equiv
domains/MeshNetworking.v	131	Theorem	mesh_001_byzantine_threshold
domains/MeshNetworking.v	141	Theorem	mesh_002_honest_path
domains/MeshNetworking.v	164	Theorem	mesh_003_loop_free
domains/MeshNetworking.v	180	Theorem	mesh_004_seq_increasing
domains/MeshNetworking.v	195	Theorem	mesh_005_route_fresh
domains/MeshNetworking.v	210	Theorem	mesh_006_multi_path
domains/MeshNetworking.v	220	Theorem	mesh_007_disjoint
domains/MeshNetworking.v	235	Theorem	mesh_008_metric_bounded
domains/MeshNetworking.v	250	Theorem	mesh_009_neighbor_auth
domains/MeshNetworking.v	275	Theorem	mesh_010_hop_limit
domains/MeshNetworking.v	291	Theorem	mesh_011_entry_valid
domains/MeshNetworking.v	310	Theorem	mesh_012_partition
domains/MeshNetworking.v	325	Theorem	mesh_013_healing
domains/MeshNetworking.v	340	Theorem	mesh_014_convergence
domains/MeshNetworking.v	355	Theorem	mesh_015_flood_bounded
domains/MeshNetworking.v	370	Theorem	mesh_016_msg_unique
domains/MeshNetworking.v	393	Theorem	mesh_017_link_quality
domains/MeshNetworking.v	408	Theorem	mesh_018_reputation
domains/MeshNetworking.v	423	Theorem	mesh_019_secure_channel
domains/MeshNetworking.v	438	Theorem	mesh_020_rate_limited
domains/MeshNetworking.v	453	Theorem	mesh_021_geo_diversity
domains/MeshNetworking.v	468	Theorem	mesh_022_store_forward
domains/MeshNetworking.v	483	Theorem	mesh_023_delay_tolerance
domains/MeshNetworking.v	498	Theorem	mesh_024_traffic_analysis
domains/MeshNetworking.v	513	Theorem	mesh_025_defense_in_depth
domains/MetadataPrivacy.v	93	Theorem	meta_001_padding_hides_size
domains/MetadataPrivacy.v	107	Theorem	meta_002_constant_size
domains/MetadataPrivacy.v	117	Theorem	meta_003_size_no_leak
domains/MetadataPrivacy.v	140	Theorem	meta_004_timing_bucketed
domains/MetadataPrivacy.v	164	Theorem	meta_005_jitter_bounded
domains/MetadataPrivacy.v	173	Theorem	meta_006_k_anonymity
domains/MetadataPrivacy.v	184	Theorem	meta_007_set_preserved
domains/MetadataPrivacy.v	197	Theorem	meta_008_sender_anonymity
domains/MetadataPrivacy.v	209	Theorem	meta_009_receiver_anonymity
domains/MetadataPrivacy.v	221	Theorem	meta_010_relationship_unlinkable
domains/MetadataPrivacy.v	232	Theorem	meta_011_temporal_unlinkable
domains/MetadataPrivacy.v	260	Theorem	meta_012_sensitivity_reflexive
domains/MetadataPrivacy.v	267	Theorem	meta_013_redaction_removes_sensitive
domains/MetadataPrivacy.v	278	Theorem	meta_014_public_preserved
domains/MetadataPrivacy.v	294	Theorem	meta_015_constant_rate
domains/MetadataPrivacy.v	308	Theorem	meta_016_cover_traffic
domains/MetadataPrivacy.v	324	Theorem	meta_017_minimization
domains/MetadataPrivacy.v	338	Theorem	meta_018_no_correlation
domains/MetadataPrivacy.v	352	Theorem	meta_019_uniform_frequency
domains/MetadataPrivacy.v	366	Theorem	meta_020_aggregation_limited
domains/MetadataPrivacy.v	380	Theorem	meta_021_path_length
domains/MetadataPrivacy.v	389	Theorem	meta_022_hop_count_hidden
domains/MetadataPrivacy.v	404	Theorem	meta_023_fingerprint_resistance
domains/MetadataPrivacy.v	418	Theorem	meta_024_session_isolation
domains/MetadataPrivacy.v	432	Theorem	meta_025_defense_in_depth
domains/Metaprogramming.v	430	Lemma	tokens_well_formed_app
domains/Metaprogramming.v	440	Theorem	K_001_01
domains/Metaprogramming.v	457	Theorem	K_001_02
domains/Metaprogramming.v	473	Theorem	K_001_03
domains/Metaprogramming.v	486	Theorem	K_001_04
domains/Metaprogramming.v	517	Theorem	K_001_05
domains/Metaprogramming.v	527	Theorem	K_001_06
domains/Metaprogramming.v	536	Theorem	K_001_07
domains/Metaprogramming.v	547	Theorem	K_001_08
domains/Metaprogramming.v	557	Theorem	K_001_09
domains/Metaprogramming.v	570	Theorem	K_001_10
domains/Metaprogramming.v	590	Theorem	K_001_11
domains/Metaprogramming.v	604	Theorem	K_001_12
domains/Metaprogramming.v	621	Theorem	K_001_13
domains/Metaprogramming.v	630	Theorem	K_001_14
domains/Metaprogramming.v	639	Lemma	eval_const_fuel_sufficient
domains/Metaprogramming.v	681	Theorem	K_001_15
domains/Metaprogramming.v	692	Theorem	K_001_16
domains/Metaprogramming.v	707	Theorem	K_001_17
domains/Metaprogramming.v	718	Theorem	K_001_18
domains/Metaprogramming.v	729	Theorem	K_001_19
domains/Metaprogramming.v	742	Theorem	K_001_20
domains/Metaprogramming.v	754	Theorem	K_001_21
domains/Metaprogramming.v	771	Theorem	K_001_22
domains/Metaprogramming.v	788	Theorem	K_001_23
domains/Metaprogramming.v	798	Theorem	K_001_24
domains/Metaprogramming.v	811	Theorem	K_001_25
domains/MobileBridgeVerification.v	99	Theorem	bridge_001_jni_roundtrip_int
domains/MobileBridgeVerification.v	111	Theorem	bridge_001_jni_roundtrip_bool
domains/MobileBridgeVerification.v	119	Theorem	bridge_001_swift_roundtrip_int
domains/MobileBridgeVerification.v	127	Theorem	bridge_001_swift_roundtrip_bool
domains/MobileBridgeVerification.v	135	Theorem	bridge_002_jni_pure_always_allowed
domains/MobileBridgeVerification.v	147	Theorem	bridge_002_jni_invalid_blocks_all
domains/MobileBridgeVerification.v	154	Theorem	bridge_002_jni_io_requires_io_cap
domains/MobileBridgeVerification.v	162	Theorem	bridge_003_swift_pure_always_allowed
domains/MobileBridgeVerification.v	174	Theorem	bridge_003_swift_net_requires_net
domains/MobileBridgeVerification.v	180	Theorem	bridge_003_swift_ui_requires_ui
domains/MobileBridgeVerification.v	200	Theorem	bridge_004_safe_call_requires_cap
domains/MobileBridgeVerification.v	209	Theorem	bridge_004_pure_call_always_safe
domains/MobileBridgeVerification.v	233	Theorem	bridge_005_error_is_safe
domains/MobileBridgeVerification.v	239	Theorem	bridge_005_ok_is_safe
domains/MobileBridgeVerification.v	252	Theorem	bridge_005_no_secret_leak
domains/MobileBridgeVerification.v	282	Theorem	bridge_006_jni_string_roundtrip_len
domains/MobileBridgeVerification.v	288	Theorem	bridge_006_jni_string_roundtrip_hash
domains/MobileBridgeVerification.v	294	Theorem	bridge_006_jni_string_is_utf8
domains/MobileBridgeVerification.v	300	Theorem	bridge_006_jni_string_full_roundtrip
domains/MobileBridgeVerification.v	307	Theorem	bridge_006_rvalue_string_jni_roundtrip
domains/MobileBridgeVerification.v	349	Theorem	bridge_007_swift_type_preserved_int
domains/MobileBridgeVerification.v	356	Theorem	bridge_007_swift_type_preserved_bool
domains/MobileBridgeVerification.v	362	Theorem	bridge_007_swift_type_preserved_string
domains/MobileBridgeVerification.v	368	Theorem	bridge_007_swift_type_preserved_unit
domains/MobileBridgeVerification.v	374	Theorem	bridge_007_marshal_swift_type_safe
domains/MobileBridgeVerification.v	382	Theorem	bridge_007_unmarshal_swift_type_safe
domains/MobileBridgeVerification.v	390	Theorem	bridge_007_rvalue_string_swift_roundtrip
domains/MobileBridgeVerification.v	429	Theorem	bridge_008_pure_callback_safe
domains/MobileBridgeVerification.v	436	Theorem	bridge_008_public_args_safe
domains/MobileBridgeVerification.v	447	Theorem	bridge_008_secret_ret_rejected
domains/MobileBridgeVerification.v	453	Theorem	bridge_008_safe_not_rejected
domains/MobileBridgeVerification.v	462	Theorem	bridge_008_no_secret_through_safe_callback
domains/MobilePlatform.v	105	Theorem	mobile_001_unique_uids
domains/MobilePlatform.v	121	Theorem	mobile_002_sandbox_valid
domains/MobilePlatform.v	137	Theorem	mobile_003_file_isolation
domains/MobilePlatform.v	155	Theorem	mobile_004_dangerous_consent
domains/MobilePlatform.v	170	Theorem	mobile_005_signature_permission
domains/MobilePlatform.v	185	Theorem	mobile_006_system_permission
domains/MobilePlatform.v	204	Theorem	mobile_007_unexported_denied
domains/MobilePlatform.v	213	Theorem	mobile_008_same_app_ipc
domains/MobilePlatform.v	229	Theorem	mobile_009_hw_key_protected
domains/MobilePlatform.v	244	Theorem	mobile_010_auth_required
domains/MobilePlatform.v	255	Theorem	mobile_011_grant_owner
domains/MobilePlatform.v	272	Theorem	mobile_012_expired_invalid
domains/MobilePlatform.v	294	Theorem	mobile_013_network_permission
domains/MobilePlatform.v	320	Theorem	mobile_014_location_permission
domains/MobilePlatform.v	346	Theorem	mobile_015_camera_permission
domains/MobilePlatform.v	358	Theorem	mobile_016_microphone_permission
domains/MobilePlatform.v	375	Theorem	mobile_017_intent_filter
domains/MobilePlatform.v	393	Theorem	mobile_018_explicit_target
domains/MobilePlatform.v	410	Theorem	mobile_019_process_isolation
domains/MobilePlatform.v	431	Theorem	mobile_020_selinux_enforced
domains/MobilePlatform.v	448	Theorem	mobile_021_verified_boot
domains/MobilePlatform.v	469	Theorem	mobile_022_enclave_isolation
domains/MobilePlatform.v	483	Theorem	mobile_023_biometric_tee
domains/MobilePlatform.v	498	Theorem	mobile_024_signature_verified
domains/MobilePlatform.v	517	Theorem	mobile_025_defense_in_depth
domains/ModuleSystems.v	219	Theorem	J_001_01
domains/ModuleSystems.v	234	Theorem	J_001_02
domains/ModuleSystems.v	264	Theorem	J_001_03
domains/ModuleSystems.v	275	Theorem	J_001_04
domains/ModuleSystems.v	288	Theorem	J_001_05
domains/ModuleSystems.v	319	Theorem	J_001_06
domains/ModuleSystems.v	328	Theorem	J_001_07
domains/ModuleSystems.v	338	Theorem	J_001_08
domains/ModuleSystems.v	368	Theorem	J_001_09
domains/ModuleSystems.v	388	Theorem	J_001_10
domains/ModuleSystems.v	411	Theorem	J_001_11
domains/ModuleSystems.v	430	Theorem	J_001_12
domains/ModuleSystems.v	460	Theorem	J_001_13
domains/ModuleSystems.v	477	Theorem	J_001_14
domains/ModuleSystems.v	514	Theorem	J_001_15
domains/ModuleSystems.v	557	Theorem	J_001_16
domains/ModuleSystems.v	578	Theorem	J_001_17
domains/ModuleSystems.v	601	Theorem	J_001_18
domains/ModuleSystems.v	623	Theorem	J_001_19
domains/ModuleSystems.v	655	Lemma	find_exists
domains/ModuleSystems.v	669	Theorem	J_001_20
domains/ModuleSystems.v	695	Theorem	J_001_21
domains/ModuleSystems.v	724	Theorem	J_001_22
domains/ModuleSystems.v	754	Theorem	J_001_23
domains/ModuleSystems.v	781	Theorem	J_001_24
domains/ModuleSystems.v	811	Theorem	J_001_25
domains/MultiProverValidation.v	35	Lemma	formula_eqb_refl
domains/MultiProverValidation.v	43	Lemma	formula_eqb_eq
domains/MultiProverValidation.v	186	Theorem	validator_soundness_atomic
domains/MultiProverValidation.v	199	Theorem	translation_preserves_structure_A
domains/MultiProverValidation.v	206	Theorem	translation_preserves_structure_B
domains/MultiProverValidation.v	213	Theorem	dual_prover_confidence
domains/MultiProverValidation.v	222	Theorem	dual_ge_single
domains/MultiProverValidation.v	226	Theorem	certificate_composition
domains/MultiProverValidation.v	239	Theorem	validator_deterministic
domains/MultiProverValidation.v	249	Theorem	formula_eq_dec
domains/MultiProverValidation.v	258	Theorem	translate_to_A_injective
domains/MultiProverValidation.v	268	Theorem	translate_to_B_injective
domains/MultiProverValidation.v	278	Theorem	validator_completeness_atomic
domains/MultiProverValidation.v	285	Theorem	prover_agreement
domains/MultiProverValidation.v	295	Theorem	confidence_symmetric
domains/MultiProverValidation.v	304	Theorem	no_confidence_means_both_fail
domains/MultiProverValidation.v	314	Theorem	single_prover_means_one_true
domains/MultiProverValidation.v	324	Theorem	dual_prover_means_both_true
domains/MultiProverValidation.v	334	Theorem	confidence_ge_refl
domains/MultiProverValidation.v	340	Theorem	confidence_ge_trans
domains/MultiProverValidation.v	348	Theorem	confidence_monotone_add_valid
domains/MultiProverValidation.v	356	Theorem	cert_and_sub_formulas
domains/MultiProverValidation.v	364	Theorem	formula_eqb_sym
domains/MultiProverValidation.v	373	Theorem	validate_atomic_non_atom
domains/NetworkDefense.v	385	Lemma	list_eq_dec_refl
domains/NetworkDefense.v	398	Lemma	Nat_eqb_refl
domains/NetworkDefense.v	403	Lemma	min_le_l
domains/NetworkDefense.v	408	Lemma	min_le_r
domains/NetworkDefense.v	413	Lemma	forallb_impl
domains/NetworkDefense.v	426	Lemma	existsb_exists
domains/NetworkDefense.v	446	Theorem	OMEGA_001_01_puzzle_work_bound
domains/NetworkDefense.v	459	Theorem	OMEGA_001_02_puzzle_verify_cheap
domains/NetworkDefense.v	468	Theorem	OMEGA_001_03_puzzle_unforgeable
domains/NetworkDefense.v	480	Theorem	OMEGA_001_04_puzzle_fresh
domains/NetworkDefense.v	497	Theorem	OMEGA_001_05_puzzle_difficulty_adaptive
domains/NetworkDefense.v	509	Theorem	OMEGA_001_06_puzzle_non_parallelizable
domains/NetworkDefense.v	521	Theorem	OMEGA_001_07_puzzle_stateless
domains/NetworkDefense.v	529	Lemma	pow2_ge_1
domains/NetworkDefense.v	537	Lemma	pow2_ge_2
domains/NetworkDefense.v	548	Theorem	OMEGA_001_08_puzzle_asymmetric
domains/NetworkDefense.v	559	Theorem	OMEGA_001_09_token_bucket_correct
domains/NetworkDefense.v	574	Theorem	OMEGA_001_10_rate_limit_bound
domains/NetworkDefense.v	585	Theorem	OMEGA_001_11_rate_limit_fair
domains/NetworkDefense.v	597	Theorem	OMEGA_001_12_no_starvation
domains/NetworkDefense.v	630	Theorem	OMEGA_001_13_burst_bounded
domains/NetworkDefense.v	640	Theorem	OMEGA_001_14_rate_adaptive
domains/NetworkDefense.v	655	Theorem	OMEGA_001_15_rate_composition
domains/NetworkDefense.v	669	Theorem	OMEGA_001_16_cap_unforgeable
domains/NetworkDefense.v	685	Theorem	OMEGA_001_17_cap_required
domains/NetworkDefense.v	698	Theorem	OMEGA_001_18_cap_attenuate
domains/NetworkDefense.v	723	Theorem	OMEGA_001_19_cap_revocable
domains/NetworkDefense.v	737	Theorem	OMEGA_001_20_cap_bound_target
domains/NetworkDefense.v	749	Theorem	OMEGA_001_21_cap_delegation_safe
domains/NetworkDefense.v	762	Theorem	OMEGA_001_22_cap_no_amplification
domains/NetworkDefense.v	781	Theorem	OMEGA_001_23_cap_no_reflection
domains/NetworkDefense.v	793	Theorem	OMEGA_001_24_syn_cookie_stateless
domains/NetworkDefense.v	805	Theorem	OMEGA_001_25_syn_cookie_unforgeable
domains/NetworkDefense.v	815	Theorem	OMEGA_001_26_syn_cookie_verify
domains/NetworkDefense.v	825	Theorem	OMEGA_001_27_syn_cookie_replay_prevent
domains/NetworkDefense.v	845	Theorem	OMEGA_001_28_syn_flood_mitigated
domains/NetworkDefense.v	854	Theorem	OMEGA_001_29_legitimate_connections
domains/NetworkDefense.v	862	Theorem	OMEGA_001_30_hash_collision_resistant
domains/NetworkDefense.v	899	Theorem	OMEGA_001_31_regex_terminates
domains/NetworkDefense.v	941	Theorem	OMEGA_001_32_decompression_bounded
domains/NetworkDefense.v	954	Theorem	OMEGA_001_33_json_parse_bounded
domains/NetworkDefense.v	967	Theorem	OMEGA_001_34_xml_parse_bounded
domains/NetworkDefense.v	980	Theorem	OMEGA_001_35_no_algorithmic_dos
domains/NetworkSecurity.v	298	Theorem	net_001_man_in_the_middle_mitigated
domains/NetworkSecurity.v	322	Theorem	net_002_arp_spoofing_mitigated
domains/NetworkSecurity.v	341	Theorem	net_003_dns_poisoning_mitigated
domains/NetworkSecurity.v	356	Theorem	net_004_bgp_hijacking_mitigated
domains/NetworkSecurity.v	371	Theorem	net_005_ssl_stripping_mitigated
domains/NetworkSecurity.v	388	Theorem	net_006_packet_sniffing_mitigated
domains/NetworkSecurity.v	403	Theorem	net_007_packet_injection_mitigated
domains/NetworkSecurity.v	420	Theorem	net_008_replay_attack_mitigated
domains/NetworkSecurity.v	437	Theorem	net_009_volumetric_dos_mitigated
domains/NetworkSecurity.v	454	Theorem	net_010_protocol_dos_mitigated
domains/NetworkSecurity.v	469	Theorem	net_011_application_dos_mitigated
domains/NetworkSecurity.v	484	Theorem	net_012_amplification_dos_mitigated
domains/NetworkSecurity.v	501	Theorem	net_013_syn_flood_mitigated
domains/NetworkSecurity.v	516	Theorem	net_014_udp_flood_mitigated
domains/NetworkSecurity.v	531	Theorem	net_015_icmp_flood_mitigated
domains/NetworkSecurity.v	546	Theorem	net_016_slowloris_mitigated
domains/NetworkSecurity.v	561	Theorem	net_017_dns_amplification_mitigated
domains/NetworkSecurity.v	576	Theorem	net_018_ntp_amplification_mitigated
domains/NetworkSecurity.v	591	Theorem	net_019_ip_spoofing_mitigated
domains/NetworkSecurity.v	608	Theorem	net_020_mac_spoofing_mitigated
domains/NetworkSecurity.v	623	Theorem	net_021_vlan_hopping_mitigated
domains/NetworkSecurity.v	640	Theorem	net_022_rogue_dhcp_mitigated
domains/NetworkSecurity.v	655	Theorem	net_023_ntp_attack_mitigated
domains/NetworkSecurity.v	674	Theorem	net_024_tcp_reset_mitigated
domains/NetworkSecurity.v	689	Theorem	net_025_traffic_analysis_mitigated
domains/NetworkSecurity.v	767	Theorem	network_security_comprehensive
domains/OMEGA001_NetworkDefense.v	145	Theorem	OMEGA_001_01_tb_capacity_bound
domains/OMEGA001_NetworkDefense.v	156	Theorem	OMEGA_001_02_tb_consume_decreases
domains/OMEGA001_NetworkDefense.v	165	Theorem	OMEGA_001_03_tb_consume_fails_insufficient
domains/OMEGA001_NetworkDefense.v	175	Theorem	OMEGA_001_04_tb_refill_monotone
domains/OMEGA001_NetworkDefense.v	185	Theorem	OMEGA_001_05_tb_consume_preserves_capacity
domains/OMEGA001_NetworkDefense.v	194	Theorem	OMEGA_001_06_tb_zero_cost_always_succeeds
domains/OMEGA001_NetworkDefense.v	205	Theorem	OMEGA_001_07_tb_refill_preserves_capacity
domains/OMEGA001_NetworkDefense.v	211	Theorem	OMEGA_001_08_tb_available_bound
domains/OMEGA001_NetworkDefense.v	217	Theorem	OMEGA_002_01_expired_cap_invalid
domains/OMEGA001_NetworkDefense.v	229	Theorem	OMEGA_002_02_cap_subset_reflexive
domains/OMEGA001_NetworkDefense.v	237	Theorem	OMEGA_002_03_delegation_attenuation
domains/OMEGA001_NetworkDefense.v	247	Theorem	OMEGA_002_04_delegation_permission_subset
domains/OMEGA001_NetworkDefense.v	259	Theorem	OMEGA_002_05_nondelegatable_blocks
domains/OMEGA001_NetworkDefense.v	266	Theorem	OMEGA_002_06_empty_cap_permits_nothing
domains/OMEGA001_NetworkDefense.v	273	Theorem	OMEGA_002_07_cap_permits_sound
domains/OMEGA001_NetworkDefense.v	282	Theorem	OMEGA_003_01_syn_cookie_verify_sound
domains/OMEGA001_NetworkDefense.v	292	Theorem	OMEGA_003_02_syn_cookie_wrong_secret
domains/OMEGA001_NetworkDefense.v	300	Theorem	OMEGA_003_03_syn_cookie_deterministic
domains/OMEGA001_NetworkDefense.v	306	Theorem	OMEGA_003_04_syn_cookie_stateless
domains/OMEGA001_NetworkDefense.v	314	Theorem	OMEGA_003_05_syn_cookie_ip_sensitive
domains/OMEGA001_NetworkDefense.v	325	Theorem	OMEGA_003_06_wrong_mac_rejected
domains/OMEGA001_NetworkDefense.v	333	Theorem	OMEGA_004_01_empty_table_allows
domains/OMEGA001_NetworkDefense.v	343	Theorem	OMEGA_004_02_conn_count_nonneg
domains/OMEGA001_NetworkDefense.v	349	Theorem	OMEGA_004_03_conn_count_bound
domains/OMEGA001_NetworkDefense.v	355	Theorem	OMEGA_004_04_conn_lookup_deterministic
domains/OMEGA001_NetworkDefense.v	363	Theorem	OMEGA_004_05_pow_verify_sound
domains/OMEGA001_NetworkDefense.v	370	Theorem	OMEGA_005_01_pow_deterministic
domains/OMEGA001_NetworkDefense.v	380	Theorem	OMEGA_005_02_pow_zero_difficulty_impossible
domains/OMEGA001_NetworkDefense.v	386	Theorem	OMEGA_005_03_pow_verify_complete
domains/OMEGA001_NetworkDefense.v	392	Theorem	OMEGA_005_04_pow_hash_deterministic
domains/OperationalSecurity.v	79	Theorem	opsec_001_shamir_security
domains/OperationalSecurity.v	94	Theorem	opsec_002_shamir_reconstruction
domains/OperationalSecurity.v	107	Theorem	opsec_003_no_single_keyholder
domains/OperationalSecurity.v	118	Theorem	opsec_004_geographic_distribution
domains/OperationalSecurity.v	131	Theorem	opsec_005_multiparty_required
domains/OperationalSecurity.v	144	Theorem	opsec_006_social_engineering_insufficient
domains/OperationalSecurity.v	157	Theorem	opsec_007_insider_bounded
domains/OperationalSecurity.v	170	Theorem	opsec_008_export_limit
domains/OperationalSecurity.v	195	Theorem	opsec_009_duress_detection
domains/OperationalSecurity.v	209	Theorem	opsec_010_dead_man_switch
domains/OperationalSecurity.v	224	Theorem	opsec_011_time_window
domains/OperationalSecurity.v	239	Theorem	opsec_012_role_separation
domains/OperationalSecurity.v	252	Theorem	opsec_013_anomaly_detection
domains/OperationalSecurity.v	273	Theorem	opsec_014_audit_complete
domains/OperationalSecurity.v	292	Theorem	opsec_015_hardware_diversity
domains/OperationalSecurity.v	308	Theorem	opsec_016_nversion_consensus
domains/OperationalSecurity.v	323	Theorem	opsec_017_time_lock
domains/OperationalSecurity.v	338	Theorem	opsec_018_cancellation_window
domains/OperationalSecurity.v	353	Theorem	opsec_019_principal_uniqueness
domains/OperationalSecurity.v	366	Theorem	opsec_020_channel_diversity
domains/OperationalSecurity.v	378	Theorem	opsec_021_coercion_resistant
domains/OperationalSecurity.v	395	Theorem	opsec_022_jurisdictional_spread
domains/OperationalSecurity.v	411	Theorem	opsec_023_signatures_valid
domains/OperationalSecurity.v	429	Theorem	opsec_024_budget_reset
domains/OperationalSecurity.v	443	Theorem	opsec_025_defense_in_depth
domains/OwnershipTypes.v	257	Lemma	existsb_false_forall
domains/OwnershipTypes.v	272	Lemma	find_var_map_moved
domains/OwnershipTypes.v	304	Theorem	MEM_001_01
domains/OwnershipTypes.v	334	Theorem	MEM_001_02
domains/OwnershipTypes.v	360	Theorem	MEM_001_03
domains/OwnershipTypes.v	395	Lemma	filter_all_false_empty
domains/OwnershipTypes.v	414	Theorem	MEM_001_04
domains/OwnershipTypes.v	433	Theorem	MEM_001_05
domains/OwnershipTypes.v	449	Theorem	MEM_001_06
domains/OwnershipTypes.v	463	Theorem	MEM_001_07
domains/OwnershipTypes.v	490	Theorem	MEM_001_08
domains/OwnershipTypes.v	520	Theorem	MEM_001_09
domains/OwnershipTypes.v	533	Lemma	find_var_map_dropped
domains/OwnershipTypes.v	569	Theorem	MEM_001_10
domains/OwnershipTypes.v	588	Theorem	MEM_001_11
domains/OwnershipTypes.v	607	Theorem	MEM_001_12
domains/OwnershipTypes.v	625	Theorem	MEM_001_13
domains/OwnershipTypes.v	641	Theorem	MEM_001_14
domains/OwnershipTypes.v	683	Theorem	MEM_001_15
domains/OwnershipTypes.v	708	Theorem	lifetime_outlives_refl
domains/PCIDSSCompliance.v	233	Theorem	COMPLY_002_01_pan_masking
domains/PCIDSSCompliance.v	247	Theorem	COMPLY_002_01_pan_masking_valid
domains/PCIDSSCompliance.v	253	Theorem	COMPLY_002_02_pan_encryption
domains/PCIDSSCompliance.v	270	Theorem	COMPLY_002_02_pan_plain_forbidden
domains/PCIDSSCompliance.v	276	Theorem	COMPLY_002_02_pan_aes128_insufficient
domains/PCIDSSCompliance.v	282	Theorem	COMPLY_002_03_cvv_never_stored
domains/PCIDSSCompliance.v	292	Theorem	COMPLY_002_03_cvv_no_compliant_encryption
domains/PCIDSSCompliance.v	300	Theorem	COMPLY_002_04_pin_never_stored
domains/PCIDSSCompliance.v	310	Theorem	COMPLY_002_04_pin_no_compliant_encryption
domains/PCIDSSCompliance.v	318	Theorem	COMPLY_002_05_key_rotation_detection
domains/PCIDSSCompliance.v	333	Theorem	COMPLY_002_05_key_no_rotation_needed
domains/PCIDSSCompliance.v	344	Theorem	COMPLY_002_06_access_requires_need_to_know
domains/PCIDSSCompliance.v	362	Theorem	COMPLY_002_06_no_access_level_denied
domains/PCIDSSCompliance.v	381	Theorem	COMPLY_002_07_unique_ids_singleton
domains/PCIDSSCompliance.v	392	Theorem	COMPLY_002_07_unique_ids_empty
domains/PCIDSSCompliance.v	400	Theorem	COMPLY_002_08_mfa_required
domains/PCIDSSCompliance.v	419	Theorem	COMPLY_002_08_access_granted_implies_mfa
domains/PCIDSSCompliance.v	433	Theorem	COMPLY_002_09_audit_entry_has_timestamp
domains/PCIDSSCompliance.v	447	Theorem	COMPLY_002_09_audit_entry_has_user
domains/PCIDSSCompliance.v	457	Theorem	COMPLY_002_09_audit_entry_has_action
domains/PCIDSSCompliance.v	467	Theorem	COMPLY_002_10_audit_has_hash
domains/PCIDSSCompliance.v	481	Theorem	COMPLY_002_10_empty_log_valid
domains/PCIDSSCompliance.v	490	Theorem	COMPLY_002_11_tls12_compliant
domains/PCIDSSCompliance.v	500	Theorem	COMPLY_002_11_tls13_compliant
domains/PCIDSSCompliance.v	506	Theorem	COMPLY_002_11_old_tls_non_compliant
domains/PCIDSSCompliance.v	512	Theorem	COMPLY_002_11_transmission_requires_encryption
domains/PCIDSSCompliance.v	524	Theorem	COMPLY_002_12_token_no_key_no_pan
domains/PCIDSSCompliance.v	538	Theorem	COMPLY_002_12_tokenization_irreversible_without_key
domains/PCIDSSCompliance.v	548	Theorem	COMPLY_002_13_past_retention_detected
domains/PCIDSSCompliance.v	563	Theorem	COMPLY_002_13_within_retention_ok
domains/PCIDSSCompliance.v	574	Theorem	COMPLY_002_14_secure_deletion_unrecoverable
domains/PCIDSSCompliance.v	592	Theorem	COMPLY_002_14_not_deleted_recoverable
domains/PCIDSSCompliance.v	598	Theorem	COMPLY_002_14_marked_still_recoverable
domains/PCIDSSCompliance.v	604	Theorem	COMPLY_002_15_cde_requires_isolation
domains/PCIDSSCompliance.v	622	Theorem	COMPLY_002_15_cde_requires_firewall
domains/PCIDSSCompliance.v	636	Theorem	COMPLY_002_15_non_cde_always_compliant
domains/PCIDSSCompliance.v	647	Theorem	COMPLY_002_15_vault_isolation
domains/PI001_VerifiedPerformance.v	206	Theorem	PI_001_01_simd_add_equiv
domains/PI001_VerifiedPerformance.v	216	Theorem	PI_001_02_simd_mul_equiv
domains/PI001_VerifiedPerformance.v	222	Theorem	PI_001_03_scalar_add_length
domains/PI001_VerifiedPerformance.v	233	Theorem	PI_001_04_scalar_add_comm
domains/PI001_VerifiedPerformance.v	246	Theorem	PI_001_05_scalar_add_assoc
domains/PI001_VerifiedPerformance.v	259	Theorem	PI_001_06_scalar_mul_length
domains/PI001_VerifiedPerformance.v	269	Theorem	PI_001_07_dot_product_zero_left
domains/PI001_VerifiedPerformance.v	275	Theorem	PI_001_08_simd_preserves_length
domains/PI001_VerifiedPerformance.v	282	Theorem	PI_002_01_veb_search_root
domains/PI001_VerifiedPerformance.v	292	Theorem	PI_002_02_veb_leaf_search
domains/PI001_VerifiedPerformance.v	298	Theorem	PI_002_03_veb_height_positive
domains/PI001_VerifiedPerformance.v	304	Theorem	PI_002_04_veb_size_positive
domains/PI001_VerifiedPerformance.v	310	Theorem	PI_002_05_veb_inorder_nonempty
domains/PI001_VerifiedPerformance.v	319	Theorem	PI_002_06_veb_height_bound
domains/PI001_VerifiedPerformance.v	325	Theorem	PI_003_01_msq_empty_dequeue
domains/PI001_VerifiedPerformance.v	335	Theorem	PI_003_02_msq_enqueue_nonempty
domains/PI001_VerifiedPerformance.v	342	Theorem	PI_003_03_msq_fifo
domains/PI001_VerifiedPerformance.v	349	Theorem	PI_003_04_msq_enqueue_length
domains/PI001_VerifiedPerformance.v	356	Theorem	PI_003_05_cas_success
domains/PI001_VerifiedPerformance.v	362	Theorem	PI_003_06_cas_failure
domains/PI001_VerifiedPerformance.v	372	Theorem	PI_003_07_linearization_empty
domains/PI001_VerifiedPerformance.v	378	Theorem	PI_004_01_dce_false_branch
domains/PI001_VerifiedPerformance.v	388	Theorem	PI_004_02_dce_true_branch
domains/PI001_VerifiedPerformance.v	396	Theorem	PI_004_03_const_fold_add
domains/PI001_VerifiedPerformance.v	402	Theorem	PI_004_04_const_fold_mul
domains/PI001_VerifiedPerformance.v	408	Theorem	PI_004_05_const_preserves
domains/PI001_VerifiedPerformance.v	414	Theorem	PI_004_06_var_preserves
domains/PI001_VerifiedPerformance.v	420	Theorem	PI_004_07_dce_const_preserves
domains/PI001_VerifiedPerformance.v	426	Theorem	PI_004_08_dce_var_preserves
domains/PI001_VerifiedPerformance.v	432	Theorem	PI_005_01_puzzle_verify_sound
domains/PI001_VerifiedPerformance.v	443	Theorem	PI_005_02_puzzle_verify_complete
domains/PI001_VerifiedPerformance.v	450	Theorem	PI_005_03_puzzle_zero_target
domains/PI001_VerifiedPerformance.v	456	Theorem	PI_005_04_puzzle_deterministic
domains/PI001_VerifiedPerformance.v	463	Theorem	PI_005_05_vec_sum_nil
domains/PSI001_OperationalSecurity.v	14	Lemma	nth_map_seq
domains/PSI001_OperationalSecurity.v	238	Theorem	PSI_001_01_poly_eval_zero
domains/PSI001_OperationalSecurity.v	253	Theorem	PSI_001_02_generate_shares_length
domains/PSI001_OperationalSecurity.v	259	Theorem	PSI_001_03_threshold_monotone
domains/PSI001_OperationalSecurity.v	268	Theorem	PSI_001_04_insufficient_shares
domains/PSI001_OperationalSecurity.v	276	Theorem	PSI_001_05_share_x_positive
domains/PSI001_OperationalSecurity.v	284	Theorem	PSI_001_06_shares_distinct_x
domains/PSI001_OperationalSecurity.v	295	Theorem	PSI_001_07_secret_is_constant_term
domains/PSI001_OperationalSecurity.v	301	Theorem	PSI_001_08_empty_poly_zero_secret
domains/PSI001_OperationalSecurity.v	307	Theorem	PSI_002_01_single_approval_insufficient
domains/PSI001_OperationalSecurity.v	321	Theorem	PSI_002_02_approval_monotone
domains/PSI001_OperationalSecurity.v	331	Theorem	PSI_002_03_duplicate_approval_noop
domains/PSI001_OperationalSecurity.v	339	Theorem	PSI_002_04_valid_policy_n_le_m
domains/PSI001_OperationalSecurity.v	348	Theorem	PSI_002_05_valid_policy_n_positive
domains/PSI001_OperationalSecurity.v	357	Theorem	PSI_002_06_approval_count_increases
domains/PSI001_OperationalSecurity.v	364	Theorem	PSI_003_01_duress_triggers_alert
domains/PSI001_OperationalSecurity.v	374	Theorem	PSI_003_02_duress_provides_fake
domains/PSI001_OperationalSecurity.v	380	Theorem	PSI_003_03_duress_locks_down
domains/PSI001_OperationalSecurity.v	386	Theorem	PSI_003_04_all_auth_audited
domains/PSI001_OperationalSecurity.v	392	Theorem	PSI_003_05_normal_no_fake
domains/PSI001_OperationalSecurity.v	398	Theorem	PSI_003_06_normal_no_alert
domains/PSI001_OperationalSecurity.v	404	Theorem	PSI_004_01_checkin_resets
domains/PSI001_OperationalSecurity.v	414	Theorem	PSI_004_02_checkin_updates_time
domains/PSI001_OperationalSecurity.v	420	Theorem	PSI_004_03_timeout_triggers
domains/PSI001_OperationalSecurity.v	430	Theorem	PSI_004_04_no_timeout_no_trigger
domains/PSI001_OperationalSecurity.v	441	Theorem	PSI_004_05_recovery_action_preserved
domains/PSI001_OperationalSecurity.v	448	Theorem	PSI_005_01_budget_enforced
domains/PSI001_OperationalSecurity.v	461	Theorem	PSI_005_02_budget_query_count
domains/PSI001_OperationalSecurity.v	470	Theorem	PSI_005_03_record_increases_bytes
domains/PSI001_OperationalSecurity.v	476	Theorem	PSI_005_04_record_increases_queries
domains/PSI001_OperationalSecurity.v	482	Theorem	PSI_005_05_audit_append_preserves
domains/PSI001_OperationalSecurity.v	488	Theorem	PSI_006_01_timelock_cancellation_window
domains/PSI001_OperationalSecurity.v	499	Theorem	PSI_006_02_cancelled_cannot_execute
domains/PSI001_OperationalSecurity.v	507	Theorem	PSI_006_03_cancel_sets_flag
domains/PSI001_OperationalSecurity.v	513	Theorem	PSI_006_04_early_execute_blocked
domains/PSI001_OperationalSecurity.v	523	Theorem	PSI_006_05_cancel_preserves_operation
domains/PSI001_OperationalSecurity.v	529	Theorem	PSI_007_01_different_vendor_independent
domains/PSI001_OperationalSecurity.v	543	Theorem	PSI_007_02_nversion_single_agrees
domains/PSI001_OperationalSecurity.v	549	Theorem	PSI_007_03_nversion_empty_agrees
domains/PhysicalSecurity.v	294	Theorem	PHY_001_01_rtl_gate_equivalent
domains/PhysicalSecurity.v	312	Theorem	PHY_001_02_timing_closed
domains/PhysicalSecurity.v	322	Theorem	PHY_001_03_no_trojans
domains/PhysicalSecurity.v	332	Theorem	PHY_001_04_hw_constant_time
domains/PhysicalSecurity.v	342	Theorem	PHY_001_05_design_deterministic
domains/PhysicalSecurity.v	352	Theorem	PHY_001_06_golden_equivalent
domains/PhysicalSecurity.v	366	Theorem	PHY_001_07_puf_unique
domains/PhysicalSecurity.v	378	Theorem	PHY_001_08_puf_stable
domains/PhysicalSecurity.v	386	Theorem	PHY_001_09_counterfeit_detected
domains/PhysicalSecurity.v	396	Theorem	PHY_001_10_no_fab_tampering
domains/PhysicalSecurity.v	406	Theorem	PHY_001_11_mesh_integrity
domains/PhysicalSecurity.v	420	Theorem	PHY_001_12_tamper_response
domains/PhysicalSecurity.v	436	Theorem	PHY_001_13_voltage_glitch_detected
domains/PhysicalSecurity.v	446	Theorem	PHY_001_14_temperature_bounds
domains/PhysicalSecurity.v	456	Theorem	PHY_001_15_power_independent
domains/PhysicalSecurity.v	466	Theorem	PHY_001_16_tamper_disables_operation
domains/PhysicalSecurity.v	478	Theorem	PHY_001_17_normal_preserves_state
domains/PhysicalSecurity.v	490	Theorem	PHY_001_18_mesh_broken_tamper
domains/PhysicalSecurity.v	500	Theorem	PHY_001_19_voltage_oor_tamper
domains/PhysicalSecurity.v	510	Theorem	PHY_001_20_temp_oor_tamper
domains/PhysicalSecurity.v	520	Theorem	PHY_001_21_synthesis_all_inputs
domains/PhysicsSecurity.v	112	Theorem	reading_in_bounds_correct
domains/PhysicsSecurity.v	126	Theorem	valid_reading_min_le_max
domains/PhysicsSecurity.v	132	Theorem	reading_value_bounded
domains/PhysicsSecurity.v	140	Theorem	spec_feasible_correct
domains/PhysicsSecurity.v	154	Theorem	spec_feasible_nonzero_samples
domains/PhysicsSecurity.v	164	Theorem	empty_readings_avg_zero
domains/PhysicsSecurity.v	170	Theorem	timing_feasible_correct
domains/PhysicsSecurity.v	185	Theorem	feasible_wcet_within_deadline
domains/PhysicsSecurity.v	193	Theorem	feasible_deadline_within_period
domains/PhysicsSecurity.v	201	Theorem	idle_always_transitions_to_sensing
domains/PhysicsSecurity.v	211	Theorem	sensing_error_on_failure
domains/PhysicsSecurity.v	217	Theorem	sensing_proceeds_on_success
domains/PhysicsSecurity.v	223	Theorem	error_recovers_to_idle
domains/PhysicsSecurity.v	229	Theorem	full_cycle_returns_to_idle
domains/PhysicsSecurity.v	236	Theorem	error_state_not_operational
domains/PhysicsSecurity.v	242	Theorem	idle_is_operational
domains/PhysicsSecurity.v	248	Theorem	reading_bounded_values
domains/PhysicsSecurity.v	258	Theorem	sensing_transitions_depend_on_input
domains/PhysicsSecurity.v	262	Theorem	actuating_transitions_to_idle
domains/PhysicsSecurity.v	266	Theorem	processing_transitions_to_actuating
domains/PhysicsSecurity.v	270	Theorem	processing_is_operational
domains/PhysicsSecurity.v	280	Theorem	actuating_is_operational
domains/PhysicsSecurity.v	286	Theorem	sensing_is_operational
domains/PhysicsSecurity.v	292	Theorem	error_recovery_cycle
domains/PhysicsSecurity.v	299	Theorem	reading_bounds_decomposition
domains/PhysicsSecurity.v	309	Theorem	timing_feasible_decomposition
domains/PlatformStdlibVerification.v	77	Theorem	plat_001_universal_console
domains/PlatformStdlibVerification.v	88	Theorem	plat_001_universal_timer
domains/PlatformStdlibVerification.v	94	Theorem	plat_001_mobile_sensor
domains/PlatformStdlibVerification.v	102	Theorem	plat_001_mobile_camera
domains/PlatformStdlibVerification.v	109	Theorem	plat_001_universal_network
domains/PlatformStdlibVerification.v	116	Theorem	plat_002_wasm_no_filesystem
domains/PlatformStdlibVerification.v	126	Theorem	plat_002_wasm_no_sensor
domains/PlatformStdlibVerification.v	132	Theorem	plat_002_wasm_no_camera
domains/PlatformStdlibVerification.v	138	Theorem	plat_002_native_no_dom
domains/PlatformStdlibVerification.v	144	Theorem	plat_002_native_no_sensor
domains/PlatformStdlibVerification.v	164	Theorem	plat_003_pure_compiles_everywhere
domains/PlatformStdlibVerification.v	171	Theorem	plat_003_net_compiles_everywhere
domains/PlatformStdlibVerification.v	193	Theorem	plat_004_public_input_safe
domains/PlatformStdlibVerification.v	200	Theorem	plat_004_secret_preserved
domains/PlatformStdlibVerification.v	215	Theorem	plat_005_pure_platform_independent
domains/PlatformStdlibVerification.v	222	Theorem	plat_005_add_independent
domains/PlatformStdlibVerification.v	229	Theorem	plat_005_bool_independent
domains/PlatformStdlibVerification.v	236	Theorem	plat_006_dom_only_wasm
domains/PlatformStdlibVerification.v	248	Theorem	plat_006_push_mobile_only
domains/PlatformStdlibVerification.v	258	Theorem	plat_006_console_timer_universal
domains/PostQuantumKEM.v	120	Lemma	andb_true_iff
domains/PostQuantumKEM.v	167	Theorem	PQ_KEM_001_level_reflexive
domains/PostQuantumKEM.v	176	Theorem	PQ_KEM_002_level_transitive
domains/PostQuantumKEM.v	187	Theorem	PQ_KEM_003_level1_minimum
domains/PostQuantumKEM.v	192	Theorem	PQ_KEM_004_level5_maximum
domains/PostQuantumKEM.v	197	Theorem	PQ_KEM_005_mlkem512_level1
domains/PostQuantumKEM.v	206	Theorem	PQ_KEM_006_mlkem768_level3
domains/PostQuantumKEM.v	211	Theorem	PQ_KEM_007_mlkem1024_level5
domains/PostQuantumKEM.v	216	Theorem	PQ_KEM_008_params_ordered
domains/PostQuantumKEM.v	221	Theorem	PQ_KEM_009_indcca_valid
domains/PostQuantumKEM.v	230	Theorem	PQ_KEM_010_ciphertext_indist
domains/PostQuantumKEM.v	242	Theorem	PQ_KEM_011_key_indist
domains/PostQuantumKEM.v	254	Theorem	PQ_KEM_012_decaps_consistent
domains/PostQuantumKEM.v	265	Theorem	PQ_KEM_013_qr_valid
domains/PostQuantumKEM.v	274	Theorem	PQ_KEM_014_lattice_based
domains/PostQuantumKEM.v	287	Theorem	PQ_KEM_015_module_lwe
domains/PostQuantumKEM.v	299	Theorem	PQ_KEM_016_no_quantum_attack
domains/PostQuantumKEM.v	310	Theorem	PQ_KEM_017_riina_kem_correct
domains/PostQuantumKEM.v	319	Theorem	PQ_KEM_018_riina_kem_secure
domains/PostQuantumKEM.v	324	Theorem	PQ_KEM_019_riina_level5
domains/PostQuantumKEM.v	329	Theorem	PQ_KEM_020_riina_mlkem1024
domains/PostQuantumKEM.v	334	Theorem	PQ_KEM_021_security_implies_indcca
domains/PostQuantumKEM.v	349	Theorem	PQ_KEM_022_security_implies_qr
domains/PostQuantumKEM.v	360	Theorem	PQ_KEM_023_correct_keypair
domains/PostQuantumKEM.v	373	Theorem	PQ_KEM_024_shared_secret_match
domains/PostQuantumKEM.v	384	Theorem	PQ_KEM_025_complete_security
domains/PostQuantumSignatures.v	125	Lemma	andb_true_iff
domains/PostQuantumSignatures.v	183	Theorem	PQ_SIG_001_mldsa_lattice
domains/PostQuantumSignatures.v	192	Theorem	PQ_SIG_002_slhdsa_hash
domains/PostQuantumSignatures.v	197	Theorem	PQ_SIG_003_mldsa87_level5
domains/PostQuantumSignatures.v	202	Theorem	PQ_SIG_004_slhdsa256_level5
domains/PostQuantumSignatures.v	207	Theorem	PQ_SIG_005_level_reflexive
domains/PostQuantumSignatures.v	212	Theorem	PQ_SIG_006_level5_max
domains/PostQuantumSignatures.v	217	Theorem	PQ_SIG_007_eufcma_valid
domains/PostQuantumSignatures.v	226	Theorem	PQ_SIG_008_unforgeable
domains/PostQuantumSignatures.v	238	Theorem	PQ_SIG_009_strong_unforgeable
domains/PostQuantumSignatures.v	250	Theorem	PQ_SIG_010_adaptive
domains/PostQuantumSignatures.v	261	Theorem	PQ_SIG_011_qr_valid
domains/PostQuantumSignatures.v	270	Theorem	PQ_SIG_012_post_quantum
domains/PostQuantumSignatures.v	282	Theorem	PQ_SIG_013_no_shor
domains/PostQuantumSignatures.v	294	Theorem	PQ_SIG_014_conservative
domains/PostQuantumSignatures.v	305	Theorem	PQ_SIG_015_riina_sig_secure
domains/PostQuantumSignatures.v	314	Theorem	PQ_SIG_016_riina_level5
domains/PostQuantumSignatures.v	319	Theorem	PQ_SIG_017_riina_mldsa_correct
domains/PostQuantumSignatures.v	324	Theorem	PQ_SIG_018_riina_slhdsa_correct
domains/PostQuantumSignatures.v	329	Theorem	PQ_SIG_019_riina_scheme_mldsa
domains/PostQuantumSignatures.v	334	Theorem	PQ_SIG_020_riina_scheme_slhdsa
domains/PostQuantumSignatures.v	339	Theorem	PQ_SIG_021_security_implies_eufcma
domains/PostQuantumSignatures.v	354	Theorem	PQ_SIG_022_security_implies_qr
domains/PostQuantumSignatures.v	365	Theorem	PQ_SIG_023_correct_key
domains/PostQuantumSignatures.v	377	Theorem	PQ_SIG_024_correct_verify
domains/PostQuantumSignatures.v	388	Theorem	PQ_SIG_025_complete_security
domains/ProbabilisticVerification.v	39	Theorem	uniform_nonneg
domains/ProbabilisticVerification.v	55	Theorem	zero_negligible
domains/ProbabilisticVerification.v	64	Lemma	Qplus_lt_compat2
domains/ProbabilisticVerification.v	69	Lemma	two_over_nSc_le_one_over_nc
domains/ProbabilisticVerification.v	79	Theorem	negligible_sum
domains/ProbabilisticVerification.v	112	Lemma	Qabs_Qminus_self
domains/ProbabilisticVerification.v	119	Lemma	fold_combine_self_gen
domains/ProbabilisticVerification.v	128	Lemma	fold_combine_self
domains/ProbabilisticVerification.v	133	Theorem	identical_indist
domains/ProbabilisticVerification.v	143	Theorem	comp_indist_refl
domains/ProbabilisticVerification.v	150	Theorem	xor_self_inverse
domains/ProbabilisticVerification.v	161	Theorem	xor_comm
domains/ProbabilisticVerification.v	167	Theorem	xor_zero_id
domains/ProbabilisticVerification.v	173	Theorem	xor_assoc
domains/ProbabilisticVerification.v	179	Theorem	xor_self_zero
domains/ProbabilisticVerification.v	185	Theorem	otp_roundtrip
domains/ProbabilisticVerification.v	192	Theorem	xor_deterministic
domains/ProbabilisticVerification.v	207	Theorem	uniform_length
domains/ProbabilisticVerification.v	215	Theorem	qabs_nonneg
domains/ProbabilisticVerification.v	221	Theorem	qabs_zero
domains/QuantitativeDeclassification.v	82	Theorem	budget_monotone
domains/QuantitativeDeclassification.v	90	Theorem	eval_deterministic
domains/QuantitativeDeclassification.v	117	Theorem	budget_composition
domains/QuantitativeDeclassification.v	135	Theorem	zero_budget_no_declass
domains/QuantitativeDeclassification.v	145	Theorem	no_declass_budget_preserved
domains/QuantitativeDeclassification.v	156	Theorem	non_interference_no_declass
domains/QuantitativeDeclassification.v	196	Theorem	const_always_evaluates
domains/QuantitativeDeclassification.v	203	Theorem	declass_cost_exact
domains/QuantitativeDeclassification.v	215	Theorem	level_leq_refl
domains/QuantitativeDeclassification.v	221	Theorem	level_leq_trans
domains/QuantitativeDeclassification.v	230	Theorem	level_join_comm
domains/QuantitativeDeclassification.v	237	Theorem	level_join_assoc
domains/QuantitativeDeclassification.v	244	Theorem	level_join_idem
domains/QuantitativeDeclassification.v	250	Theorem	low_bottom
domains/QuantitativeDeclassification.v	256	Theorem	level_join_leq_l
domains/QuantitativeDeclassification.v	263	Theorem	level_join_leq_r
domains/QuantitativeDeclassification.v	270	Theorem	const_budget_unchanged
domains/QuantitativeDeclassification.v	277	Theorem	var_budget_unchanged
domains/QuantitativeDeclassification.v	284	Theorem	plus_eval_sum
domains/QuantitativeDeclassification.v	293	Theorem	double_declass_cost
domains/QuantitativeDeclassification.v	301	Theorem	no_declass_plus
domains/QuantitativeDeclassification.v	308	Theorem	budget_consumption_bounded
domains/QuantumSafeTLS.v	26	Lemma	andb_true_iff
domains/QuantumSafeTLS.v	36	Lemma	orb_true_iff
domains/QuantumSafeTLS.v	42	Lemma	negb_false_iff
domains/QuantumSafeTLS.v	45	Lemma	negb_true_iff
domains/QuantumSafeTLS.v	387	Theorem	QSTLS_001
domains/QuantumSafeTLS.v	394	Theorem	QSTLS_002
domains/QuantumSafeTLS.v	397	Theorem	QSTLS_003
domains/QuantumSafeTLS.v	400	Theorem	QSTLS_004
domains/QuantumSafeTLS.v	403	Theorem	QSTLS_005
domains/QuantumSafeTLS.v	406	Theorem	QSTLS_006
domains/QuantumSafeTLS.v	409	Theorem	QSTLS_007
domains/QuantumSafeTLS.v	412	Theorem	QSTLS_008
domains/QuantumSafeTLS.v	415	Theorem	QSTLS_009
domains/QuantumSafeTLS.v	418	Theorem	QSTLS_010
domains/QuantumSafeTLS.v	421	Theorem	QSTLS_011
domains/QuantumSafeTLS.v	424	Theorem	QSTLS_012
domains/QuantumSafeTLS.v	427	Theorem	QSTLS_013
domains/QuantumSafeTLS.v	435	Theorem	QSTLS_014
domains/QuantumSafeTLS.v	438	Theorem	QSTLS_015
domains/QuantumSafeTLS.v	442	Theorem	QSTLS_016
domains/QuantumSafeTLS.v	446	Theorem	QSTLS_017
domains/QuantumSafeTLS.v	450	Theorem	QSTLS_018
domains/QuantumSafeTLS.v	453	Theorem	QSTLS_019
domains/QuantumSafeTLS.v	461	Theorem	QSTLS_020
domains/QuantumSafeTLS.v	465	Theorem	QSTLS_021
domains/QuantumSafeTLS.v	468	Theorem	QSTLS_022
domains/QuantumSafeTLS.v	471	Theorem	QSTLS_023
domains/QuantumSafeTLS.v	474	Theorem	QSTLS_024
domains/QuantumSafeTLS.v	477	Theorem	QSTLS_025
domains/QuantumSafeTLS.v	487	Theorem	QSTLS_026
domains/QuantumSafeTLS.v	493	Theorem	QSTLS_027
domains/QuantumSafeTLS.v	498	Theorem	QSTLS_028
domains/QuantumSafeTLS.v	502	Theorem	QSTLS_029
domains/QuantumSafeTLS.v	506	Theorem	QSTLS_030
domains/QuantumSafeTLS.v	510	Theorem	QSTLS_031
domains/QuantumSafeTLS.v	521	Theorem	QSTLS_032
domains/QuantumSafeTLS.v	528	Theorem	QSTLS_033
domains/QuantumSafeTLS.v	534	Theorem	QSTLS_034
domains/QuantumSafeTLS.v	539	Theorem	QSTLS_035
domains/QuantumSafeTLS.v	542	Theorem	QSTLS_036
domains/QuantumSafeTLS.v	545	Theorem	QSTLS_037
domains/QuantumSafeTLS.v	552	Theorem	QSTLS_038
domains/QuantumSafeTLS.v	558	Theorem	QSTLS_039
domains/QuantumSafeTLS.v	564	Theorem	QSTLS_040
domains/QuantumSafeTLS.v	569	Theorem	QSTLS_041
domains/QuantumSafeTLS.v	573	Theorem	QSTLS_042
domains/QuantumSafeTLS.v	576	Theorem	QSTLS_043
domains/QuantumSafeTLS.v	583	Theorem	QSTLS_044
domains/QuantumSafeTLS.v	589	Theorem	QSTLS_045
domains/QuantumSafeTLS.v	595	Theorem	QSTLS_046
domains/QuantumSafeTLS.v	600	Theorem	QSTLS_047
domains/QuantumSafeTLS.v	604	Theorem	QSTLS_048
domains/QuantumSafeTLS.v	607	Theorem	QSTLS_049
domains/QuantumSafeTLS.v	614	Theorem	QSTLS_050
domains/QuantumSafeTLS.v	620	Theorem	QSTLS_051
domains/QuantumSafeTLS.v	626	Theorem	QSTLS_052
domains/QuantumSafeTLS.v	631	Theorem	QSTLS_053
domains/QuantumSafeTLS.v	635	Theorem	QSTLS_054
domains/QuantumSafeTLS.v	638	Theorem	QSTLS_055
domains/QuantumSafeTLS.v	645	Theorem	QSTLS_056
domains/QuantumSafeTLS.v	650	Theorem	QSTLS_057
domains/QuantumSafeTLS.v	655	Theorem	QSTLS_058
domains/QuantumSafeTLS.v	659	Theorem	QSTLS_059
domains/QuantumSafeTLS.v	662	Theorem	QSTLS_060
domains/QuantumSafeTLS.v	665	Theorem	QSTLS_061
domains/QuantumSafeTLS.v	672	Theorem	QSTLS_062
domains/QuantumSafeTLS.v	675	Theorem	QSTLS_063_complete
domains/QuantumSafeTLS.v	687	Theorem	QSTLS_064_hybrid_security
domains/QuantumSafeTLS.v	697	Theorem	QSTLS_065_full_chain
domains/QuantumTypes.v	116	Lemma	mem_true_In
domains/QuantumTypes.v	129	Lemma	In_mem_true
domains/QuantumTypes.v	138	Lemma	mem_false_not_In
domains/QuantumTypes.v	143	Lemma	remove_length
domains/QuantumTypes.v	156	Lemma	remove_not_first
domains/QuantumTypes.v	164	Lemma	count_remove_helper
domains/QuantumTypes.v	174	Theorem	no_cloning
domains/QuantumTypes.v	186	Theorem	linearity_full_consumption
domains/QuantumTypes.v	193	Theorem	measurement_consumes
domains/QuantumTypes.v	205	Theorem	gate_preserves_context
domains/QuantumTypes.v	213	Theorem	type_checking_decidable
domains/QuantumTypes.v	224	Theorem	no_dangling_qubits
domains/QuantumTypes.v	234	Theorem	seq_preserves_linearity
domains/QuantumTypes.v	245	Theorem	create_increases_resources
domains/QuantumTypes.v	255	Theorem	measure_decreases_resources
domains/QuantumTypes.v	275	Theorem	create_measure_consumed
domains/QuantumTypes.v	281	Theorem	create_gate_measure_consumed
domains/QuantumTypes.v	288	Theorem	mem_head
domains/QuantumTypes.v	298	Theorem	mem_nil
domains/QuantumTypes.v	304	Theorem	count_nil
domains/QuantumTypes.v	310	Theorem	count_le_length
domains/QuantumTypes.v	318	Theorem	remove_nil
domains/QuantumTypes.v	324	Theorem	gate_requires_qubit
domains/QuantumTypes.v	331	Theorem	measure_requires_qubit
domains/QuantumTypes.v	338	Theorem	gate2_requires_distinct
domains/QuantumTypes.v	346	Theorem	double_create_fails
domains/QuantumTypes.v	353	Theorem	count_singleton
domains/QuantumTypes.v	359	Theorem	mem_singleton
domains/QuantumTypes.v	365	Theorem	create_on_empty_succeeds
domains/ROPDefense.v	29	Lemma	andb_true_iff
domains/ROPDefense.v	39	Lemma	andb_true_intro
domains/ROPDefense.v	42	Lemma	negb_true_iff
domains/ROPDefense.v	45	Lemma	orb_true_iff
domains/ROPDefense.v	257	Theorem	ROP_001
domains/ROPDefense.v	263	Theorem	ROP_002
domains/ROPDefense.v	264	Theorem	ROP_003
domains/ROPDefense.v	265	Theorem	ROP_004
domains/ROPDefense.v	266	Theorem	ROP_005
domains/ROPDefense.v	267	Theorem	ROP_006
domains/ROPDefense.v	268	Theorem	ROP_007
domains/ROPDefense.v	269	Theorem	ROP_008
domains/ROPDefense.v	270	Theorem	ROP_009
domains/ROPDefense.v	273	Theorem	ROP_010
domains/ROPDefense.v	280	Theorem	ROP_011
domains/ROPDefense.v	286	Theorem	ROP_012
domains/ROPDefense.v	289	Theorem	ROP_013
domains/ROPDefense.v	294	Theorem	ROP_014
domains/ROPDefense.v	297	Theorem	ROP_015
domains/ROPDefense.v	303	Theorem	ROP_016
domains/ROPDefense.v	309	Theorem	ROP_017
domains/ROPDefense.v	314	Theorem	ROP_018
domains/ROPDefense.v	317	Theorem	ROP_019
domains/ROPDefense.v	320	Theorem	ROP_020
domains/ROPDefense.v	323	Theorem	ROP_021
domains/ROPDefense.v	326	Theorem	ROP_022
domains/ROPDefense.v	329	Theorem	ROP_023
domains/ROPDefense.v	332	Theorem	ROP_024
domains/ROPDefense.v	335	Theorem	ROP_025_complete
domains/ROPDefense.v	347	Theorem	ROP_026_shadow_push_preserves
domains/ROPDefense.v	355	Theorem	ROP_027_shadow_pop_decreases
domains/ROPDefense.v	362	Theorem	ROP_028_shadow_peek_top
domains/ROPDefense.v	369	Theorem	ROP_029_valid_return_requires_entry
domains/ROPDefense.v	376	Theorem	ROP_030_empty_stack_no_return
domains/ROPDefense.v	380	Theorem	ROP_031_push_pop_inverse
domains/ROPDefense.v	384	Theorem	ROP_032_pushed_entry_valid
domains/ROPDefense.v	389	Theorem	ROP_033_return_matches_pushed
domains/ROPDefense.v	395	Theorem	ROP_034_return_mismatch_fails
domains/ROPDefense.v	404	Theorem	ROP_035_shadow_stack_depth_bounded
domains/ROPDefense.v	410	Theorem	ROP_036_valid_target_in_list
domains/ROPDefense.v	418	Theorem	ROP_037_empty_targets_no_valid
domains/ROPDefense.v	422	Theorem	ROP_038_singleton_target_exact
domains/ROPDefense.v	429	Theorem	ROP_039_is_valid_target_sound
domains/ROPDefense.v	439	Theorem	ROP_040_is_valid_target_complete
domains/ROPDefense.v	451	Theorem	ROP_041_btb_validated_implies_valid
domains/ROPDefense.v	455	Theorem	ROP_042_unvalidated_btb_unsafe
domains/ROPDefense.v	459	Theorem	ROP_043_target_subset_preserved
domains/ROPDefense.v	464	Theorem	ROP_044_rop_gadget_blocked
domains/ROPDefense.v	477	Theorem	ROP_045_jop_gadget_blocked
domains/ROPDefense.v	486	Theorem	ROP_046_cop_gadget_blocked
domains/ROPDefense.v	492	Theorem	ROP_047_srop_gadget_blocked
domains/ROPDefense.v	501	Theorem	ROP_048_riina_blocks_all_gadgets
domains/ROPDefense.v	507	Theorem	ROP_049_empty_chain_blocked
domains/ROPDefense.v	511	Theorem	ROP_050_riina_blocks_all_chains
domains/ROPDefense.v	519	Theorem	ROP_051_chain_blocked_implies_each_blocked
domains/ROPDefense.v	525	Theorem	ROP_052_single_unblocked_breaks_chain
domains/ROPDefense.v	537	Theorem	ROP_053_cpi_complete_riina
domains/ROPDefense.v	544	Theorem	ROP_054_authenticated_ptr_protected
domains/ROPDefense.v	554	Theorem	ROP_055_unauthenticated_ptr_unsafe
domains/ROPDefense.v	562	Theorem	ROP_056_bounds_unchecked_unsafe
domains/ROPDefense.v	571	Theorem	ROP_057_fully_protected_ptr
domains/ROPDefense.v	579	Theorem	ROP_058_no_auth_requirement_passes
domains/ROPDefense.v	585	Theorem	ROP_059_function_ptr_type
domains/ROPDefense.v	589	Theorem	ROP_060_return_addr_protected
domains/ROPDefense.v	595	Theorem	ROP_061_forward_edge_enabled
domains/ROPDefense.v	602	Theorem	ROP_062_ibt_enabled
domains/ROPDefense.v	605	Theorem	ROP_063_forward_edge_complete
domains/ROPDefense.v	612	Theorem	ROP_064_forward_edge_blocks_jop
domains/ROPDefense.v	621	Theorem	ROP_065_forward_edge_blocks_cop
domains/ROPDefense.v	627	Theorem	ROP_066_indirect_call_requires_ibt
domains/ROPDefense.v	631	Theorem	ROP_067_forward_cfi_and_ibt_together
domains/ROPDefense.v	639	Theorem	ROP_068_backward_edge_enabled
domains/ROPDefense.v	646	Theorem	ROP_069_shadow_stack_enabled
domains/ROPDefense.v	649	Theorem	ROP_070_backward_edge_complete
domains/ROPDefense.v	653	Theorem	ROP_071_backward_edge_blocks_rop
domains/ROPDefense.v	662	Theorem	ROP_072_backward_edge_blocks_srop
domains/ROPDefense.v	671	Theorem	ROP_073_return_requires_shadow
domains/ROPDefense.v	675	Theorem	ROP_074_backward_cfi_and_shadow_together
domains/ROPDefense.v	683	Theorem	ROP_075_return_address_protection_complete
domains/ROPDefense.v	687	Theorem	ROP_076_riina_full_cfi
domains/ROPDefense.v	699	Theorem	ROP_077_riina_full_code_reuse
domains/ROPDefense.v	705	Theorem	ROP_078_riina_full_rop_defense
domains/ROPDefense.v	711	Theorem	ROP_079_all_attack_types_blocked
domains/ROPDefense.v	715	Theorem	ROP_080_complete_defense_equivalence
domains/ROPDefense.v	731	Theorem	ROP_081_shadow_stack_prevents_rop
domains/ROPDefense.v	744	Theorem	ROP_082_ibt_prevents_jop
domains/ROPDefense.v	750	Theorem	ROP_083_cpi_prevents_ptr_hijack
domains/ROPDefense.v	759	Theorem	ROP_084_defense_in_depth
domains/ROPDefense.v	765	Theorem	ROP_085_riina_rop_immune
domains/RadiationHardening.v	191	Theorem	DOMAIN_001_01
domains/RadiationHardening.v	206	Theorem	DOMAIN_001_02
domains/RadiationHardening.v	234	Theorem	DOMAIN_001_03
domains/RadiationHardening.v	248	Theorem	DOMAIN_001_04
domains/RadiationHardening.v	261	Theorem	DOMAIN_001_05
domains/RadiationHardening.v	282	Theorem	DOMAIN_001_06
domains/RadiationHardening.v	298	Theorem	DOMAIN_001_07
domains/RadiationHardening.v	308	Theorem	DOMAIN_001_08
domains/RadiationHardening.v	325	Theorem	DOMAIN_001_09
domains/RadiationHardening.v	339	Theorem	DOMAIN_001_09_corrupted
domains/RadiationHardening.v	359	Theorem	DOMAIN_001_10
domains/RadiationHardening.v	378	Theorem	DOMAIN_001_11
domains/RadiationHardening.v	386	Theorem	DOMAIN_001_12
domains/RadiationHardening.v	405	Theorem	DOMAIN_001_13
domains/RadiationHardening.v	419	Theorem	DOMAIN_001_14
domains/RadiationHardening.v	435	Theorem	DOMAIN_001_15
domains/RadiationHardening.v	450	Theorem	DOMAIN_001_15_single_corruption
domains/RadiationHardening.v	463	Theorem	DOMAIN_001_16
domains/RadiationHardening.v	475	Theorem	DOMAIN_001_17
domains/RadiationHardening.v	489	Theorem	DOMAIN_001_18
domains/RefinementTypes.v	90	Theorem	TYPE_004_01_refinement_subtyping
domains/RefinementTypes.v	95	Theorem	TYPE_004_02_refinement_introduction
domains/RefinementTypes.v	100	Theorem	TYPE_004_03_refinement_elimination
domains/RefinementTypes.v	105	Theorem	TYPE_004_04_refinement_conjunction
domains/RefinementTypes.v	110	Theorem	TYPE_004_05_dependent_function_refinement
domains/RefinementTypes.v	117	Theorem	TYPE_004_06_refinement_substitution
domains/RefinementTypes.v	124	Theorem	TYPE_004_07_smt_decidability
domains/RefinementTypes.v	160	Theorem	TYPE_004_08_bounds_checking
domains/RefinementTypes.v	167	Theorem	TYPE_004_09_non_null_refinement
domains/RefinementTypes.v	174	Theorem	TYPE_004_10_array_bounds_safety
domains/RefinementTypes.v	181	Theorem	TYPE_004_11_positive_refinement
domains/RefinementTypes.v	191	Theorem	TYPE_004_12_refinement_preservation
domains/RefinementTypes.v	196	Theorem	TYPE_004_13_pred_true_satisfied
domains/RefinementTypes.v	201	Theorem	TYPE_004_14_pred_false_unsatisfied
domains/RefinementTypes.v	206	Theorem	TYPE_004_15_pred_and_comm
domains/RefinementTypes.v	211	Theorem	TYPE_004_16_pred_or_comm
domains/RefinementTypes.v	216	Theorem	TYPE_004_17_pred_implies_ptrue
domains/RefinementTypes.v	221	Theorem	TYPE_004_18_pred_pfalse_implies
domains/RefinementTypes.v	226	Theorem	TYPE_004_19_subtype_refl
domains/RefinementTypes.v	230	Theorem	TYPE_004_20_pred_double_neg
domains/RefinementTypes.v	235	Theorem	TYPE_004_21_eval_val
domains/RefinementTypes.v	240	Theorem	TYPE_004_22_pred_impl_refl
domains/RefinementTypes.v	245	Theorem	TYPE_004_23_pred_and_assoc
domains/RefinementTypes.v	250	Theorem	TYPE_004_24_pred_or_assoc
domains/S001_HardwareContracts.v	222	Theorem	S_001_01_isa_state_deterministic
domains/S001_HardwareContracts.v	234	Theorem	S_001_02_microarch_state_extended
domains/S001_HardwareContracts.v	245	Theorem	S_001_03_cache_state_modeled
domains/S001_HardwareContracts.v	254	Theorem	S_001_04_branch_predictor_modeled
domains/S001_HardwareContracts.v	263	Theorem	S_001_05_speculation_state_modeled
domains/S001_HardwareContracts.v	274	Theorem	S_001_06_leakage_function_defined
domains/S001_HardwareContracts.v	283	Theorem	S_001_07_timing_observable
domains/S001_HardwareContracts.v	293	Theorem	S_001_08_power_observable
domains/S001_HardwareContracts.v	302	Theorem	S_001_09_constant_time_definition
domains/S001_HardwareContracts.v	318	Theorem	S_001_10_ct_independent_of_secrets
domains/S001_HardwareContracts.v	330	Theorem	S_001_11_ct_memory_access_pattern
domains/S001_HardwareContracts.v	342	Theorem	S_001_12_ct_branch_pattern
domains/S001_HardwareContracts.v	354	Theorem	S_001_13_ct_composition
domains/S001_HardwareContracts.v	369	Theorem	S_001_14_ct_loop_invariant
domains/S001_HardwareContracts.v	384	Theorem	S_001_15_ct_function_calls
domains/S001_HardwareContracts.v	396	Theorem	S_001_16_ct_cache_behavior
domains/S001_HardwareContracts.v	408	Theorem	S_001_17_speculation_rollback
domains/S001_HardwareContracts.v	419	Theorem	S_001_18_speculation_microarch_persist
domains/S001_HardwareContracts.v	430	Theorem	S_001_19_speculation_fence
domains/S001_HardwareContracts.v	441	Theorem	S_001_20_speculation_no_secret_load
domains/S001_HardwareContracts.v	449	Theorem	S_001_21_speculation_no_secret_branch
domains/S001_HardwareContracts.v	459	Theorem	S_001_22_speculation_bounded
domains/S001_HardwareContracts.v	468	Theorem	S_001_23_speculation_safe_program
domains/S001_HardwareContracts.v	481	Theorem	S_001_24_speculation_composition
domains/S001_HardwareContracts.v	494	Theorem	S_001_25_rowhammer_threshold
domains/S001_HardwareContracts.v	501	Theorem	S_001_26_rowhammer_pattern_safe
domains/S001_HardwareContracts.v	511	Theorem	S_001_27_memory_row_adjacency
domains/S001_HardwareContracts.v	520	Theorem	S_001_28_power_independent
domains/S001_HardwareContracts.v	532	Theorem	S_001_29_em_independent
domains/S001_HardwareContracts.v	544	Theorem	S_001_30_physical_leakage_bounded
domains/SIGMA001_VerifiedStorage.v	355	Theorem	SIGMA_001_01_query_ast_typed
domains/SIGMA001_VerifiedStorage.v	367	Theorem	SIGMA_001_02_no_sql_injection
domains/SIGMA001_VerifiedStorage.v	375	Theorem	SIGMA_001_03_query_preserves_schema
domains/SIGMA001_VerifiedStorage.v	384	Theorem	SIGMA_001_04_predicate_typed
domains/SIGMA001_VerifiedStorage.v	391	Theorem	SIGMA_001_05_projection_typed
domains/SIGMA001_VerifiedStorage.v	398	Theorem	SIGMA_001_06_join_typed
domains/SIGMA001_VerifiedStorage.v	406	Theorem	SIGMA_001_07_query_result_typed
domains/SIGMA001_VerifiedStorage.v	413	Theorem	SIGMA_001_08_parameterized_safe
domains/SIGMA001_VerifiedStorage.v	421	Theorem	SIGMA_001_09_atomicity
domains/SIGMA001_VerifiedStorage.v	448	Theorem	SIGMA_001_10_atomicity_commit
domains/SIGMA001_VerifiedStorage.v	461	Theorem	SIGMA_001_11_atomicity_abort
domains/SIGMA001_VerifiedStorage.v	477	Theorem	SIGMA_001_12_consistency
domains/SIGMA001_VerifiedStorage.v	494	Theorem	SIGMA_001_13_consistency_fk
domains/SIGMA001_VerifiedStorage.v	501	Theorem	SIGMA_001_14_consistency_unique
domains/SIGMA001_VerifiedStorage.v	508	Theorem	SIGMA_001_15_isolation_serializable
domains/SIGMA001_VerifiedStorage.v	515	Theorem	SIGMA_001_16_isolation_no_dirty_read
domains/SIGMA001_VerifiedStorage.v	521	Theorem	SIGMA_001_17_isolation_no_phantom
domains/SIGMA001_VerifiedStorage.v	527	Theorem	SIGMA_001_18_durability
domains/SIGMA001_VerifiedStorage.v	537	Theorem	SIGMA_001_19_wal_correct
domains/SIGMA001_VerifiedStorage.v	549	Theorem	SIGMA_001_20_wal_recovery
domains/SIGMA001_VerifiedStorage.v	557	Theorem	SIGMA_001_21_wal_idempotent
domains/SIGMA001_VerifiedStorage.v	563	Theorem	SIGMA_001_22_checkpoint_correct
domains/SIGMA001_VerifiedStorage.v	572	Theorem	SIGMA_001_23_no_partial_write
domains/SIGMA001_VerifiedStorage.v	579	Theorem	SIGMA_001_24_crash_atomic
domains/SIGMA001_VerifiedStorage.v	589	Theorem	SIGMA_001_25_recovery_complete
domains/SIGMA001_VerifiedStorage.v	598	Theorem	SIGMA_001_26_recovery_abort
domains/SIGMA001_VerifiedStorage.v	605	Theorem	SIGMA_001_27_btree_ordered
domains/SIGMA001_VerifiedStorage.v	617	Theorem	SIGMA_001_28_btree_balanced
domains/SIGMA001_VerifiedStorage.v	624	Theorem	SIGMA_001_29_btree_lookup_correct
domains/SIGMA001_VerifiedStorage.v	631	Theorem	SIGMA_001_30_btree_insert_preserves
domains/SIGMA001_VerifiedStorage.v	639	Theorem	SIGMA_001_31_btree_delete_preserves
domains/SIGMA001_VerifiedStorage.v	645	Theorem	SIGMA_001_32_btree_complexity
domains/SIGMA001_VerifiedStorage.v	651	Theorem	SIGMA_001_33_page_integrity
domains/SIGMA001_VerifiedStorage.v	661	Theorem	SIGMA_001_34_encryption_at_rest
domains/SIGMA001_VerifiedStorage.v	676	Theorem	SIGMA_001_35_merkle_tamper_detect
domains/SIGMA001_VerifiedStorage.v	687	Theorem	SIGMA_001_36_checksum_correct
domains/SIGMA001_VerifiedStorage.v	695	Theorem	SIGMA_001_37_audit_immutable
domains/SIGMA001_VerifiedStorage.v	703	Theorem	SIGMA_001_38_backup_consistent
domains/SIMDVerification.v	146	Theorem	PERF_003_01_simd_add_equivalence
domains/SIMDVerification.v	159	Theorem	PERF_003_02_simd_mul_equivalence
domains/SIMDVerification.v	172	Theorem	PERF_003_03_simd_cmp_equivalence
domains/SIMDVerification.v	185	Theorem	PERF_003_04_simd_shuffle_correctness
domains/SIMDVerification.v	200	Theorem	PERF_003_05_simd_alignment_requirement
domains/SIMDVerification.v	225	Theorem	PERF_003_06_simd_lane_independence
domains/SIMDVerification.v	242	Theorem	PERF_003_07_simd_reduce_equivalence
domains/SIMDVerification.v	257	Theorem	PERF_003_08_simd_broadcast_correctness
domains/SIMDVerification.v	270	Lemma	fold_and_all_true
domains/SIMDVerification.v	289	Theorem	PERF_003_09_simd_gather_safety
domains/SIMDVerification.v	308	Theorem	PERF_003_10_simd_masking_correctness
domains/SIMDVerification.v	332	Theorem	PERF_003_11_vectorization_legality
domains/SIMDVerification.v	359	Lemma	to_list_map2
domains/SIMDVerification.v	381	Theorem	PERF_003_12_simd_semantic_preservation
domains/SIMDVerification.v	393	Theorem	PERF_003_13_simd_mul_lane_independence
domains/SIMDVerification.v	410	Theorem	PERF_003_14_simd_cmp_lane_independence
domains/SIMDVerification.v	427	Theorem	PERF_003_15_broadcast_add_equiv
domains/SIMDVerification.v	447	Theorem	PERF_003_16_identity_shuffle
domains/SIMDVerification.v	467	Theorem	PERF_003_17_simd_add_commutative
domains/SIMDVerification.v	493	Theorem	PERF_003_18_all_true_mask_selects_new
domains/SIMDVerification.v	518	Theorem	PERF_003_19_all_false_mask_preserves_old
domains/SIMDVerification.v	536	Theorem	PERF_003_20_zero_aligned
domains/SQLInjectionPrevention.v	79	Lemma	andb_true_iff
domains/SQLInjectionPrevention.v	86	Theorem	SQLI_001_untainted_safe
domains/SQLInjectionPrevention.v	95	Theorem	SQLI_002_sanitized_safe
domains/SQLInjectionPrevention.v	100	Theorem	SQLI_003_userinput_unsafe
domains/SQLInjectionPrevention.v	105	Theorem	SQLI_004_parameterized_safe
domains/SQLInjectionPrevention.v	110	Theorem	SQLI_005_orm_safe
domains/SQLInjectionPrevention.v	115	Theorem	SQLI_006_concat_unsafe
domains/SQLInjectionPrevention.v	120	Theorem	SQLI_007_riina_protected
domains/SQLInjectionPrevention.v	125	Theorem	SQLI_008_parameterized_required
domains/SQLInjectionPrevention.v	136	Theorem	SQLI_009_no_concat_required
domains/SQLInjectionPrevention.v	150	Theorem	SQLI_010_sanitization_required
domains/SQLInjectionPrevention.v	163	Theorem	SQLI_011_whitelist_required
domains/SQLInjectionPrevention.v	175	Theorem	SQLI_012_escape_required
domains/SQLInjectionPrevention.v	186	Theorem	SQLI_013_riina_parameterized
domains/SQLInjectionPrevention.v	191	Theorem	SQLI_014_sanitization_makes_safe
domains/SQLInjectionPrevention.v	200	Theorem	SQLI_015_complete_prevention
domains/SQLInjectionPrevention.v	216	Theorem	untainted_safe
domains/SQLInjectionPrevention.v	222	Theorem	sanitized_safe
domains/SQLInjectionPrevention.v	226	Theorem	user_input_unsafe
domains/SQLInjectionPrevention.v	230	Theorem	string_concat_unsafe
domains/SQLInjectionPrevention.v	234	Theorem	parameterized_safe
domains/SQLInjectionPrevention.v	238	Theorem	riina_config_protected
domains/SecureBootVerification.v	21	Lemma	andb_true_iff
domains/SecureBootVerification.v	31	Lemma	andb_true_intro
domains/SecureBootVerification.v	34	Lemma	andb_true_elim1
domains/SecureBootVerification.v	37	Lemma	andb_true_elim2
domains/SecureBootVerification.v	40	Lemma	orb_true_iff
domains/SecureBootVerification.v	225	Theorem	SB_001_rom_integrity
domains/SecureBootVerification.v	237	Theorem	SB_002_rom_immutability
domains/SecureBootVerification.v	247	Theorem	SB_003_rot_complete
domains/SecureBootVerification.v	262	Theorem	SB_004_rot_anti_debug
domains/SecureBootVerification.v	273	Theorem	SB_005_root_key_enables_cot
domains/SecureBootVerification.v	288	Theorem	SB_006_full_rom_implies_rot
domains/SecureBootVerification.v	300	Theorem	SB_007_full_rom_implies_antidebug
domains/SecureBootVerification.v	312	Theorem	SB_008_construct_full_rom
domains/SecureBootVerification.v	324	Theorem	SB_009_rom_starts_verification
domains/SecureBootVerification.v	336	Theorem	SB_010_rom_integrity_required
domains/SecureBootVerification.v	362	Theorem	SB_011_sig_requires_nonrevoked
domains/SecureBootVerification.v	377	Theorem	SB_012_sig_requires_nonexpired
domains/SecureBootVerification.v	391	Theorem	SB_013_sig_requires_trusted
domains/SecureBootVerification.v	406	Theorem	SB_014_sig_key_id_match
domains/SecureBootVerification.v	419	Theorem	SB_015_sig_crypto_verified
domains/SecureBootVerification.v	432	Theorem	SB_016_key_validity_complete
domains/SecureBootVerification.v	447	Theorem	SB_017_construct_valid_key
domains/SecureBootVerification.v	460	Theorem	SB_018_revoked_key_invalid
domains/SecureBootVerification.v	472	Theorem	SB_019_expired_key_invalid
domains/SecureBootVerification.v	484	Theorem	SB_020_untrusted_key_invalid
domains/SecureBootVerification.v	518	Theorem	SB_021_cot_requires_rot
domains/SecureBootVerification.v	532	Theorem	SB_022_cot_requires_bootloader
domains/SecureBootVerification.v	546	Theorem	SB_023_cot_requires_kernel
domains/SecureBootVerification.v	559	Theorem	SB_024_cot_requires_initramfs
domains/SecureBootVerification.v	571	Theorem	SB_025_bootloader_sig_valid
domains/SecureBootVerification.v	584	Theorem	SB_026_kernel_sig_valid
domains/SecureBootVerification.v	597	Theorem	SB_027_initramfs_sig_valid
domains/SecureBootVerification.v	610	Theorem	SB_028_bootloader_hash_computed
domains/SecureBootVerification.v	622	Theorem	SB_029_kernel_hash_computed
domains/SecureBootVerification.v	634	Theorem	SB_030_initramfs_hash_computed
domains/SecureBootVerification.v	646	Theorem	SB_031_construct_verified_bootloader
domains/SecureBootVerification.v	659	Theorem	SB_032_construct_verified_kernel
domains/SecureBootVerification.v	672	Theorem	SB_033_construct_verified_initramfs
domains/SecureBootVerification.v	685	Theorem	SB_034_construct_cot
domains/SecureBootVerification.v	699	Theorem	SB_035_cot_all_verified
domains/SecureBootVerification.v	751	Theorem	SB_036_tpm_requires_enabled
domains/SecureBootVerification.v	763	Theorem	SB_037_tpm_requires_activated
domains/SecureBootVerification.v	775	Theorem	SB_038_construct_operational_tpm
domains/SecureBootVerification.v	787	Theorem	SB_039_empty_pcrs_extended
domains/SecureBootVerification.v	794	Theorem	SB_040_single_pcr_extended
domains/SecureBootVerification.v	804	Theorem	SB_041_cons_preserves_extended
domains/SecureBootVerification.v	815	Theorem	SB_042_head_extended
domains/SecureBootVerification.v	827	Theorem	SB_043_tail_extended
domains/SecureBootVerification.v	839	Theorem	SB_044_measurement_hash_computed
domains/SecureBootVerification.v	851	Theorem	SB_045_measurement_pcr_in_bounds
domains/SecureBootVerification.v	863	Theorem	SB_046_quote_requires_sig
domains/SecureBootVerification.v	874	Theorem	SB_047_pcr_sealed
domains/SecureBootVerification.v	885	Theorem	SB_048_locality_access
domains/SecureBootVerification.v	900	Theorem	SB_049_measured_boot_tpm
domains/SecureBootVerification.v	912	Theorem	SB_050_measured_boot_pcrs
domains/SecureBootVerification.v	945	Theorem	SB_051_version_no_rollback
domains/SecureBootVerification.v	956	Theorem	SB_052_bootloader_version_ok
domains/SecureBootVerification.v	967	Theorem	SB_053_kernel_version_ok
domains/SecureBootVerification.v	978	Theorem	SB_054_chain_bootloader_ok
domains/SecureBootVerification.v	990	Theorem	SB_055_chain_kernel_ok
domains/SecureBootVerification.v	1002	Theorem	SB_056_construct_antirollback
domains/SecureBootVerification.v	1014	Theorem	SB_057_min_zero_passes
domains/SecureBootVerification.v	1024	Theorem	SB_058_same_version_passes
domains/SecureBootVerification.v	1034	Theorem	SB_059_higher_version_passes
domains/SecureBootVerification.v	1045	Theorem	SB_060_lower_version_fails
domains/SecureBootVerification.v	1076	Theorem	SB_061_root_no_parent
domains/SecureBootVerification.v	1089	Theorem	SB_062_nonroot_has_parent
domains/SecureBootVerification.v	1100	Theorem	SB_063_valid_hierarchy_public
domains/SecureBootVerification.v	1112	Theorem	SB_064_valid_not_self_revoked
domains/SecureBootVerification.v	1139	Theorem	SB_065_key_in_db
domains/SecureBootVerification.v	1150	Theorem	SB_066_key_not_in_empty
domains/SecureBootVerification.v	1158	Theorem	SB_067_empty_forbidden
domains/SecureBootVerification.v	1166	Theorem	SB_068_key_is_forbidden
domains/SecureBootVerification.v	1180	Theorem	SB_069_allowed_uses_trusted
domains/SecureBootVerification.v	1192	Theorem	SB_070_allowed_not_forbidden
domains/SecureBootVerification.v	1219	Theorem	SB_071_complete_has_cot
domains/SecureBootVerification.v	1233	Theorem	SB_072_complete_has_measured
domains/SecureBootVerification.v	1247	Theorem	SB_073_complete_has_antirollback
domains/SecureBootVerification.v	1260	Theorem	SB_074_complete_has_policy
domains/SecureBootVerification.v	1272	Theorem	SB_075_policy_enabled
domains/SecureBootVerification.v	1285	Theorem	SB_076_policy_enforcing
domains/SecureBootVerification.v	1298	Theorem	SB_077_policy_no_unsigned
domains/SecureBootVerification.v	1310	Theorem	SB_078_construct_policy
domains/SecureBootVerification.v	1323	Theorem	SB_079_construct_complete
domains/SecureBootVerification.v	1337	Theorem	SB_080_complete_all_verified
domains/SecureBootVerification.v	1397	Theorem	SB_081_riina_rot
domains/SecureBootVerification.v	1401	Theorem	SB_082_riina_bl
domains/SecureBootVerification.v	1405	Theorem	SB_083_riina_kern
domains/SecureBootVerification.v	1409	Theorem	SB_084_riina_initrd
domains/SecureBootVerification.v	1413	Theorem	SB_085_riina_cot
domains/SecureBootVerification.v	1417	Theorem	SB_086_riina_tpm
domains/SecureBootVerification.v	1421	Theorem	SB_087_riina_measured
domains/SecureBootVerification.v	1425	Theorem	SB_088_riina_arb
domains/SecureBootVerification.v	1429	Theorem	SB_089_riina_policy
domains/SecureBootVerification.v	1433	Theorem	SB_090_riina_complete
domains/SecureUpdates.v	87	Theorem	update_001_version_newer
domains/SecureUpdates.v	102	Theorem	update_002_sig_count
domains/SecureUpdates.v	117	Theorem	update_003_key_trusted
domains/SecureUpdates.v	136	Theorem	update_004_rollback_counter
domains/SecureUpdates.v	146	Theorem	update_005_min_version
domains/SecureUpdates.v	161	Theorem	update_006_hash_valid
domains/SecureUpdates.v	176	Theorem	update_007_atomic
domains/SecureUpdates.v	196	Theorem	update_008_backup_exists
domains/SecureUpdates.v	215	Theorem	update_009_backup_version
domains/SecureUpdates.v	227	Theorem	update_010_recovery_restores
domains/SecureUpdates.v	241	Theorem	update_011_threshold
domains/SecureUpdates.v	256	Theorem	update_012_sig_fresh
domains/SecureUpdates.v	271	Theorem	update_013_different_keys
domains/SecureUpdates.v	285	Theorem	update_014_size_bounded
domains/SecureUpdates.v	300	Theorem	update_015_compatible
domains/SecureUpdates.v	315	Theorem	update_016_changelog
domains/SecureUpdates.v	330	Theorem	update_017_not_expired
domains/SecureUpdates.v	345	Theorem	update_018_download_valid
domains/SecureUpdates.v	360	Theorem	update_019_secure_channel
domains/SecureUpdates.v	375	Theorem	update_020_rollout_pct
domains/SecureUpdates.v	390	Theorem	update_021_reboot
domains/SecureUpdates.v	407	Theorem	update_022_post_verify
domains/SecureUpdates.v	421	Theorem	update_023_audit
domains/SecureUpdates.v	436	Theorem	update_024_notification
domains/SecureUpdates.v	453	Theorem	update_025_defense_in_depth
domains/SelfHealing.v	87	Theorem	heal_001_detection_complete
domains/SelfHealing.v	102	Theorem	heal_002_severity_bounded
domains/SelfHealing.v	112	Theorem	heal_003_plan_verified
domains/SelfHealing.v	127	Theorem	heal_004_timeout_bounded
domains/SelfHealing.v	142	Theorem	heal_005_actions_exist
domains/SelfHealing.v	152	Theorem	heal_006_checkpoint_verified
domains/SelfHealing.v	167	Theorem	heal_007_checkpoint_fresh
domains/SelfHealing.v	182	Theorem	heal_008_hash_valid
domains/SelfHealing.v	197	Theorem	heal_009_degradation_valid
domains/SelfHealing.v	212	Theorem	heal_010_capability_bounded
domains/SelfHealing.v	227	Theorem	heal_011_isolation_effective
domains/SelfHealing.v	246	Theorem	heal_012_failover_available
domains/SelfHealing.v	265	Theorem	heal_013_recovery_completes
domains/SelfHealing.v	284	Theorem	heal_014_no_recurrence
domains/SelfHealing.v	305	Theorem	heal_015_graceful_order
domains/SelfHealing.v	320	Theorem	heal_016_min_capability
domains/SelfHealing.v	335	Theorem	heal_017_attack_detected
domains/SelfHealing.v	350	Theorem	heal_018_attack_contained
domains/SelfHealing.v	365	Theorem	heal_019_evidence_preserved
domains/SelfHealing.v	380	Theorem	heal_020_rto_met
domains/SelfHealing.v	395	Theorem	heal_021_rpo_met
domains/SelfHealing.v	410	Theorem	heal_022_redundancy
domains/SelfHealing.v	425	Theorem	heal_023_audit_complete
domains/SelfHealing.v	441	Theorem	heal_024_learning_applied
domains/SelfHealing.v	458	Theorem	heal_025_defense_in_depth
domains/SensorFusion.v	74	Theorem	sensor_001_byzantine_threshold
domains/SensorFusion.v	90	Theorem	sensor_002_honest_majority
domains/SensorFusion.v	106	Theorem	sensor_003_authenticated
domains/SensorFusion.v	125	Theorem	sensor_004_freshness
domains/SensorFusion.v	140	Theorem	sensor_005_trust_threshold
domains/SensorFusion.v	155	Theorem	sensor_006_cross_validation
domains/SensorFusion.v	176	Theorem	sensor_007_anomaly_detected
domains/SensorFusion.v	187	Theorem	sensor_008_normal_accepted
domains/SensorFusion.v	208	Theorem	sensor_009_min_sources
domains/SensorFusion.v	223	Theorem	sensor_010_confidence_bounded
domains/SensorFusion.v	240	Theorem	sensor_011_temporal_consistent
domains/SensorFusion.v	257	Theorem	sensor_012_diversity
domains/SensorFusion.v	270	Theorem	sensor_013_weight_bounded
domains/SensorFusion.v	285	Theorem	sensor_014_outlier_rejected
domains/SensorFusion.v	300	Theorem	sensor_015_quorum
domains/SensorFusion.v	315	Theorem	sensor_016_no_replay
domains/SensorFusion.v	338	Theorem	sensor_017_calibration_valid
domains/SensorFusion.v	353	Theorem	sensor_018_range_valid
domains/SensorFusion.v	372	Theorem	sensor_019_rate_bounded
domains/SensorFusion.v	387	Theorem	sensor_020_redundancy
domains/SensorFusion.v	402	Theorem	sensor_021_health_ok
domains/SensorFusion.v	412	Theorem	sensor_022_deterministic
domains/SensorFusion.v	426	Theorem	sensor_023_secure_channel
domains/SensorFusion.v	442	Theorem	sensor_024_audit_complete
domains/SensorFusion.v	465	Theorem	sensor_025_defense_in_depth
domains/SessionTypes.v	174	Theorem	ST_001_dual_end
domains/SessionTypes.v	184	Theorem	ST_002_dual_send_recv
domains/SessionTypes.v	191	Theorem	ST_003_dual_recv_send
domains/SessionTypes.v	198	Theorem	ST_004_dual_select_offer
domains/SessionTypes.v	205	Theorem	ST_005_dual_offer_select
domains/SessionTypes.v	212	Theorem	ST_006_dual_involutive_end
domains/SessionTypes.v	219	Theorem	ST_007_dual_involutive_send
domains/SessionTypes.v	226	Theorem	ST_008_dual_involutive_recv
domains/SessionTypes.v	233	Theorem	ST_009_dual_chain
domains/SessionTypes.v	240	Theorem	ST_010_dual_chain_rev
domains/SessionTypes.v	247	Theorem	ST_011_dual_preserves_msg
domains/SessionTypes.v	257	Theorem	ST_012_endpoints_dual
domains/SessionTypes.v	264	Theorem	ST_013_fresh_linear
domains/SessionTypes.v	276	Theorem	ST_014_used_not_linear
domains/SessionTypes.v	283	Theorem	ST_015_use_preserves_id
domains/SessionTypes.v	290	Theorem	ST_016_use_preserves_type
domains/SessionTypes.v	297	Theorem	ST_017_wf_pair_dual
domains/SessionTypes.v	305	Theorem	ST_018_wf_pair_same_id
domains/SessionTypes.v	313	Theorem	ST_019_session_no_deadlock
domains/SessionTypes.v	333	Theorem	ST_020_dual_communicate
domains/SessionTypes.v	341	Theorem	ST_021_value_done
domains/SessionTypes.v	348	Theorem	ST_022_end_is_value
domains/SessionTypes.v	354	Theorem	ST_023_empty_deadlock_free
domains/SessionTypes.v	367	Theorem	ST_024_msg_eq_refl
domains/SessionTypes.v	378	Theorem	ST_025_msg_eq_true
domains/SessionTypes.v	386	Theorem	ST_026_msg_type_cases
domains/SessionTypes.v	398	Theorem	ST_027_msg_type_dec
domains/SessionTypes.v	408	Theorem	ST_028_session_type_cases
domains/SessionTypes.v	426	Theorem	ST_029_dual_non_end_send
domains/SessionTypes.v	433	Theorem	ST_030_dual_non_end_recv
domains/SessionTypes.v	440	Theorem	ST_031_dual_empty_select
domains/SessionTypes.v	447	Theorem	ST_032_dual_empty_offer
domains/SessionTypes.v	454	Theorem	ST_033_lookup_empty
domains/SessionTypes.v	461	Theorem	ST_034_lookup_found
domains/SessionTypes.v	469	Theorem	ST_035_lookup_skip
domains/SessionTypes.v	481	Theorem	ST_036_dual_compose_send
domains/SessionTypes.v	493	Theorem	ST_037_dual_branches
domains/SessionTypes.v	500	Theorem	ST_038_single_branch_dual
domains/SessionTypes.v	507	Theorem	ST_039_wt_end_empty
domains/SessionTypes.v	515	Theorem	ST_040_par_exists
domains/SessionTypes.v	522	Theorem	ST_041_chan_construct
domains/SessionTypes.v	538	Theorem	ST_042_pair_construct
domains/SessionTypes.v	547	Theorem	ST_043_process_cases
domains/SessionTypes.v	568	Theorem	ST_044_dual_triple_end
domains/SessionTypes.v	575	Theorem	ST_045_nested_send_dual
domains/SingaporeCyberTrustMark.v	75	Theorem	ctm_governance_check
domains/SingaporeCyberTrustMark.v	90	Theorem	ctm_protection_check
domains/SingaporeCyberTrustMark.v	105	Theorem	ctm_resilience_check
domains/SingaporeCyberTrustMark.v	120	Theorem	ctm_assurance_check
domains/SingaporeCyberTrustMark.v	135	Theorem	ctm_education_check
domains/SingaporeCyberTrustMark.v	150	Theorem	ctm_ai_check
domains/SingaporeCyberTrustMark.v	170	Theorem	ctm_certification
domains/SingaporeCyberTrustMark.v	184	Theorem	tier_monotonicity
domains/SingaporeCyberTrustMark.v	197	Theorem	ctm_tier_coverage
domains/SingaporeCyberTrustMark.v	203	Theorem	essential_is_tier_1
domains/SingaporeCyberTrustMark.v	215	Theorem	expert_is_tier_4
domains/SingaporeCyberTrustMark.v	221	Theorem	tier_level_positive
domains/SingaporeCyberTrustMark.v	228	Theorem	tier_level_bounded
domains/SingaporeCyberTrustMark.v	235	Theorem	essential_threshold_30
domains/SingaporeCyberTrustMark.v	243	Theorem	expert_threshold_90
domains/SingaporeCyberTrustMark.v	249	Theorem	threshold_positive
domains/SingaporeCyberTrustMark.v	256	Theorem	threshold_bounded
domains/SingaporeCyberTrustMark.v	263	Theorem	certified_expert_implies_advanced
domains/SingaporeCyberTrustMark.v	279	Theorem	certified_advanced_implies_intermediate
domains/SingaporeCyberTrustMark.v	292	Theorem	certified_intermediate_implies_essential
domains/SingaporeCyberTrustMark.v	310	Theorem	ctm_cloud_check
domains/SingaporeCyberTrustMark.v	323	Theorem	ctm_ot_check
domains/SingaporeCyberTrustMark.v	338	Theorem	ctm_2025_full
domains/SingaporeCyberTrustMark.v	361	Theorem	all_domains_above_implies_tier
domains/SingaporeCyberTrustMark.v	387	Theorem	cssp_must_have_ctm
domains/SingaporeCyberTrustMark.v	396	Theorem	cssp_without_ctm_non_compliant
domains/SingaporeCyberTrustMark.v	405	Theorem	expert_requires_90_all_domains
domains/SingaporeCybersecurityAct.v	89	Theorem	cii_obligation_1
domains/SingaporeCybersecurityAct.v	104	Theorem	cii_obligation_2
domains/SingaporeCybersecurityAct.v	121	Theorem	cii_obligation_3
domains/SingaporeCybersecurityAct.v	129	Theorem	sg_stricter_than_my
domains/SingaporeCybersecurityAct.v	146	Theorem	cii_obligation_4
domains/SingaporeCybersecurityAct.v	163	Theorem	esci_compliance
domains/SingaporeCybersecurityAct.v	181	Theorem	cssp_obligation
domains/SingaporeCybersecurityAct.v	199	Theorem	sg_cybersecurity_composition
domains/SingaporeCybersecurityAct.v	224	Theorem	cii_sector_coverage
domains/SingaporeCybersecurityAct.v	234	Theorem	entity_classification_coverage
domains/SingaporeCybersecurityAct.v	254	Theorem	stcc_compliance
domains/SingaporeCybersecurityAct.v	275	Theorem	cii_owner_strictest
domains/SingaporeCybersecurityAct.v	283	Theorem	cii_owner_implies_esci_risk
domains/SingaporeCybersecurityAct.v	298	Theorem	significant_incident_must_notify
domains/SingaporeCybersecurityAct.v	306	Theorem	two_hour_deadline_tight
domains/SingaporeCybersecurityAct.v	315	Theorem	sg_2h_stricter_than_my_6h
domains/SingaporeCybersecurityAct.v	323	Theorem	sg_2h_stricter_than_72h
domains/SingaporeCybersecurityAct.v	343	Theorem	audit_schedule_valid
domains/SingaporeCybersecurityAct.v	351	Theorem	more_controls_still_adequate
domains/SingaporeCybersecurityAct.v	365	Theorem	sg_cyber_full_implies_risk
domains/SingaporeCybersecurityAct.v	375	Theorem	sg_cyber_full_implies_audit
domains/SingaporeCybersecurityAct.v	383	Theorem	sg_cyber_full_implies_controls
domains/SingaporeCybersecurityAct.v	391	Theorem	sg_cyber_full_implies_irp
domains/SingaporeCybersecurityAct.v	399	Theorem	cssp_expired_non_compliant
domains/SingaporeCybersecurityAct.v	418	Theorem	regular_entity_no_cii_obligation
domains/SingaporeCybersecurityAct.v	431	Theorem	compliance_eliminates_penalty
domains/SingaporeHealthInfo.v	64	Theorem	hib_req_1
domains/SingaporeHealthInfo.v	83	Theorem	hib_req_2
domains/SingaporeHealthInfo.v	100	Theorem	hib_req_3
domains/SingaporeHealthInfo.v	120	Theorem	hib_req_4
domains/SingaporeHealthInfo.v	151	Theorem	hib_prohibited_insurance
domains/SingaporeHealthInfo.v	157	Theorem	hib_prohibited_employment
domains/SingaporeHealthInfo.v	163	Theorem	hib_treatment_allowed
domains/SingaporeHealthInfo.v	178	Theorem	hib_composition
domains/SingaporeHealthInfo.v	194	Theorem	sg_provider_coverage
domains/SingaporeHealthInfo.v	204	Theorem	health_category_coverage
domains/SingaporeHealthInfo.v	234	Theorem	patient_access_right
domains/SingaporeHealthInfo.v	245	Theorem	patient_access_late_violation
domains/SingaporeHealthInfo.v	272	Theorem	data_correction_logged
domains/SingaporeHealthInfo.v	301	Theorem	cross_institutional_exchange
domains/SingaporeHealthInfo.v	314	Theorem	general_health_not_sensitive
domains/SingaporeHealthInfo.v	322	Theorem	mental_health_is_sensitive
domains/SingaporeHealthInfo.v	328	Theorem	hiv_sti_is_sensitive
domains/SingaporeHealthInfo.v	334	Theorem	genetic_info_is_sensitive
domains/SingaporeHealthInfo.v	340	Theorem	nehr_requires_encryption
domains/SingaporeHealthInfo.v	351	Theorem	nehr_requires_sharing
domains/SingaporeHealthInfo.v	364	Theorem	use_type_coverage
domains/SingaporeHealthInfo.v	370	Theorem	research_allowed
domains/SingaporeHealthInfo.v	378	Theorem	public_health_allowed
domains/SingaporeHealthInfo.v	384	Theorem	hib_full_implies_cybersecurity
domains/SingaporeHealthInfo.v	394	Theorem	hib_full_implies_audit
domains/SingaporeHealthInfo.v	402	Theorem	hib_full_implies_nehr
domains/SingaporeHealthInfo.v	416	Theorem	cybersecurity_eliminates_penalty
domains/SingaporeHealthInfo.v	433	Theorem	public_hospital_must_share
domains/SingaporeMAS_TRM.v	104	Theorem	mas_cyber_hygiene
domains/SingaporeMAS_TRM.v	129	Theorem	critical_patch_14_days
domains/SingaporeMAS_TRM.v	137	Theorem	critical_strictest
domains/SingaporeMAS_TRM.v	162	Theorem	trm_governance_proof
domains/SingaporeMAS_TRM.v	181	Theorem	mas_composition
domains/SingaporeMAS_TRM.v	205	Theorem	mas_license_coverage
domains/SingaporeMAS_TRM.v	211	Theorem	ch_requires_mfa
domains/SingaporeMAS_TRM.v	222	Theorem	ch_requires_patching
domains/SingaporeMAS_TRM.v	228	Theorem	ch_requires_network
domains/SingaporeMAS_TRM.v	234	Theorem	ch_requires_antimalware
domains/SingaporeMAS_TRM.v	240	Theorem	ch_requires_pam
domains/SingaporeMAS_TRM.v	246	Theorem	patch_critical_strictest
domains/SingaporeMAS_TRM.v	251	Theorem	patch_low_most_lenient
domains/SingaporeMAS_TRM.v	255	Theorem	patch_deadline_positive
domains/SingaporeMAS_TRM.v	259	Theorem	patch_critical_subsumes_all
domains/SingaporeMAS_TRM.v	268	Theorem	mas_full_requires_hygiene
domains/SingaporeMAS_TRM.v	273	Theorem	mas_full_requires_governance
domains/SingaporeMAS_TRM.v	277	Theorem	mas_full_requires_testing
domains/SingaporeMAS_TRM.v	281	Theorem	mas_full_requires_resilience
domains/SingaporeMAS_TRM.v	298	Theorem	count_mas_bounded
domains/SingaporeMAS_TRM.v	309	Theorem	mas_seven_licenses
domains/SingaporeMTCS.v	58	Theorem	mtcs_level_1
domains/SingaporeMTCS.v	77	Theorem	mtcs_level_2
domains/SingaporeMTCS.v	98	Theorem	mtcs_level_3
domains/SingaporeMTCS.v	109	Theorem	mtcs_l3_implies_l2
domains/SingaporeMTCS.v	118	Theorem	mtcs_l2_implies_l1
domains/SingaporeMTCS.v	126	Theorem	mtcs_l3_implies_l1
domains/SingaporeMTCS.v	176	Theorem	im8_official
domains/SingaporeMTCS.v	184	Theorem	im8_secret
domains/SingaporeMTCS.v	203	Theorem	im8_assessment
domains/SingaporeMTCS.v	220	Theorem	im8_composition
domains/SingaporeMTCS.v	229	Theorem	im8_secret_highest
domains/SingaporeMTCS.v	241	Theorem	mtcs_level_coverage
domains/SingaporeMTCS.v	250	Theorem	im8_classification_coverage
domains/SingaporeMTCS.v	262	Theorem	mtcs_level_positive
domains/SingaporeMTCS.v	271	Theorem	mtcs_level_bounded
domains/SingaporeMTCS.v	278	Theorem	mtcs_level_ordering
domains/SingaporeMTCS.v	289	Theorem	mtcs_l2_requires_encryption
domains/SingaporeMTCS.v	299	Theorem	mtcs_l3_requires_sovereignty
domains/SingaporeMTCS.v	307	Theorem	mtcs_l3_requires_iso27001
domains/SingaporeMTCS.v	324	Theorem	mtcs_controls_monotonic
domains/SingaporeMTCS.v	332	Theorem	im8_level_bounded
domains/SingaporeMTCS.v	341	Theorem	im8_official_lowest
domains/SingaporeMTCS.v	348	Theorem	im8_confidential
domains/SingaporeMTCS.v	361	Theorem	im8_restricted
domains/SingaporeMTCS.v	370	Theorem	im8_secret_requires_encryption
domains/SingaporeMTCS.v	382	Theorem	im8_secret_requires_access_control
domains/SingaporeMTCS.v	392	Theorem	im8_secret_requires_audit
domains/SingaporeMTCS.v	409	Theorem	gcc_required_for_restricted
domains/SingaporeMTCS.v	429	Theorem	im8_secret_maps_to_mtcs3
domains/SingaporeMTCS.v	435	Theorem	im8_to_mtcs_monotonic
domains/SingaporeMTCS.v	450	Theorem	integrated_compliance
domains/SingaporeMTCS.v	460	Theorem	integrated_implies_encrypted
domains/SingaporePDPA.v	81	Theorem	obligation_1_consent
domains/SingaporePDPA.v	91	Theorem	obligation_1_business_exempt
domains/SingaporePDPA.v	99	Theorem	consent_withdrawal_effect
domains/SingaporePDPA.v	116	Theorem	obligation_2_purpose
domains/SingaporePDPA.v	131	Theorem	obligation_6_encrypted
domains/SingaporePDPA.v	139	Theorem	obligation_6_anonymized
domains/SingaporePDPA.v	157	Theorem	obligation_7_retention
domains/SingaporePDPA.v	177	Theorem	obligation_8_adequate
domains/SingaporePDPA.v	185	Theorem	obligation_8_contractual
domains/SingaporePDPA.v	193	Theorem	obligation_8_no_safeguards_blocked
domains/SingaporePDPA.v	221	Theorem	obligation_9_notification
domains/SingaporePDPA.v	242	Theorem	sg_pdpa_composition
domains/SingaporePDPA.v	271	Theorem	purpose_limitation_enforced
domains/SingaporePDPA.v	279	Theorem	purpose_match_no_violation
domains/SingaporePDPA.v	302	Theorem	notification_obligation_valid
domains/SingaporePDPA.v	334	Theorem	access_correction_right
domains/SingaporePDPA.v	346	Theorem	correction_within_deadline
domains/SingaporePDPA.v	358	Theorem	transfer_limitation_satisfied
domains/SingaporePDPA.v	387	Theorem	data_protection_officer_appointed
domains/SingaporePDPA.v	411	Theorem	do_not_call_registry_checked
domains/SingaporePDPA.v	419	Theorem	dnc_not_registered_allows
domains/SingaporePDPA.v	426	Theorem	breach_notification_72_hours
domains/SingaporePDPA.v	438	Theorem	breach_not_notifiable_threshold
domains/SingaporePDPA.v	449	Theorem	deemed_consent_valid
domains/SingaporePDPA.v	460	Theorem	deemed_consent_notification_valid
domains/SingaporePDPA.v	482	Theorem	business_improvement_exception
domains/SingaporePDPA.v	511	Theorem	accountability_complete
domains/SingaporePDPA.v	531	Theorem	data_anonymization_excludes
domains/SingaporePDPA.v	545	Theorem	sg_consent_coverage
domains/SingaporePDPA.v	554	Theorem	sg_data_category_coverage
domains/SingaporePDPA.v	563	Theorem	transfer_adequacy_coverage
domains/SingaporePDPA.v	583	Theorem	notification_purposes_nonempty
domains/SingaporePDPA.v	591	Theorem	notification_first_purpose_notified
domains/SingaporePDPA.v	600	Theorem	access_deadline_monotone
domains/SingaporePDPA.v	612	Theorem	access_request_immediate_response
domains/SingaporePDPA.v	639	Theorem	accuracy_within_interval
domains/SingaporePDPA.v	649	Theorem	accuracy_stale_requires_reverification
domains/SingaporePDPA.v	673	Theorem	dnc_registered_blocks_all_marketing_types
domains/SingaporePDPA.v	682	Theorem	dnc_exempt_allows_marketing
domains/SingaporePDPA.v	691	Theorem	dnc_status_decidable
domains/SingaporePDPA.v	721	Theorem	portability_obligation_met
domains/SingaporePDPA.v	732	Theorem	portability_late_response_violation
domains/SingaporePDPA.v	740	Theorem	portability_requires_standard_format
domains/SingaporePDPA.v	776	Theorem	pdpc_penalty_cap_respected
domains/SingaporePDPA.v	784	Theorem	pdpc_minor_breach_no_fine
domains/SingaporePDPA.v	794	Theorem	pdpc_moderate_breach_half_cap
domains/SingaporePDPA.v	804	Theorem	pdpc_severe_breach_full_cap
domains/SingaporePDPA.v	818	Theorem	consent_explicit_always_valid
domains/SingaporePDPA.v	829	Theorem	no_consent_personal_data_violation
domains/SingaporePDPA.v	840	Theorem	public_data_no_consent_needed
domains/SingaporePDPA.v	848	Theorem	retention_within_implies_not_dispose
domains/SingaporePDPA.v	860	Theorem	retention_dispose_exclusive
domains/SingaporePDPA.v	870	Theorem	retention_at_limit_valid
domains/SingaporePDPA.v	877	Theorem	retention_past_limit_dispose
domains/SingaporePDPA.v	893	Theorem	cross_border_composition
domains/SingaporePDPA.v	904	Theorem	cross_border_no_safeguards_fails
domains/SingaporePDPA.v	917	Theorem	individual_notification_harm_assessment
domains/SingaporePDPA.v	925	Theorem	no_harm_no_individual_notification
domains/SingaporePDPA.v	934	Theorem	breach_500_is_notifiable
domains/SingaporePDPA.v	944	Theorem	breach_harm_is_notifiable
domains/SingaporePDPA.v	960	Theorem	dpo_qualified_implies_appointed
domains/SingaporePDPA.v	969	Theorem	dpo_not_trained_not_qualified
domains/SingaporePDPA.v	988	Theorem	enterprise_compliance_composition
domains/SingaporePDPA.v	1009	Theorem	processing_basis_coverage
domains/SingaporePDPA.v	1019	Theorem	pdpc_direction_coverage
domains/SingaporePDPA.v	1032	Theorem	withdrawal_halts_processing
domains/SingaporePDPA.v	1041	Theorem	active_processing_implies_consent
domains/SmartContractSecurity.v	84	Lemma	andb_true_iff
domains/SmartContractSecurity.v	130	Theorem	SC_001_reentrancy_protected
domains/SmartContractSecurity.v	139	Theorem	SC_002_mutex_required
domains/SmartContractSecurity.v	151	Theorem	SC_003_cei_required
domains/SmartContractSecurity.v	163	Theorem	SC_004_pull_over_push
domains/SmartContractSecurity.v	174	Theorem	SC_005_integer_safe
domains/SmartContractSecurity.v	183	Theorem	SC_006_overflow_check
domains/SmartContractSecurity.v	195	Theorem	SC_007_underflow_check
domains/SmartContractSecurity.v	207	Theorem	SC_008_safe_math
domains/SmartContractSecurity.v	218	Theorem	SC_009_access_controlled
domains/SmartContractSecurity.v	227	Theorem	SC_010_owner_only
domains/SmartContractSecurity.v	238	Theorem	SC_011_no_tx_origin
domains/SmartContractSecurity.v	250	Theorem	SC_012_multi_sig
domains/SmartContractSecurity.v	261	Theorem	SC_013_delegate_safe
domains/SmartContractSecurity.v	270	Theorem	SC_014_storage_collision
domains/SmartContractSecurity.v	282	Theorem	SC_015_init_check
domains/SmartContractSecurity.v	294	Theorem	SC_016_selector_clash
domains/SmartContractSecurity.v	305	Theorem	SC_017_flash_defended
domains/SmartContractSecurity.v	314	Theorem	SC_018_oracle_checks
domains/SmartContractSecurity.v	326	Theorem	SC_019_twap
domains/SmartContractSecurity.v	338	Theorem	SC_020_multiple_oracles
domains/SmartContractSecurity.v	349	Theorem	SC_021_riina_fully_secure
domains/SmartContractSecurity.v	358	Theorem	SC_022_full_implies_reentrancy
domains/SmartContractSecurity.v	372	Theorem	SC_023_full_implies_integer
domains/SmartContractSecurity.v	386	Theorem	SC_024_full_implies_access
domains/SmartContractSecurity.v	399	Theorem	SC_025_full_implies_delegate
domains/SmartContractSecurity.v	411	Theorem	SC_026_full_implies_flash
domains/SmartContractSecurity.v	422	Theorem	SC_027_riina_no_reentrancy
domains/SmartContractSecurity.v	427	Theorem	SC_028_riina_overflow
domains/SmartContractSecurity.v	432	Theorem	SC_029_riina_no_txorigin
domains/SmartContractSecurity.v	437	Theorem	SC_030_full_implies_mutex
domains/SmartContractSecurity.v	449	Theorem	SC_031_full_implies_overflow
domains/SmartContractSecurity.v	461	Theorem	SC_032_full_implies_no_txorigin
domains/SmartContractSecurity.v	473	Theorem	SC_033_full_implies_oracle
domains/SmartContractSecurity.v	485	Theorem	SC_034_full_implies_cei
domains/SmartContractSecurity.v	497	Theorem	SC_035_complete_security
domains/SpectreDefense.v	75	Lemma	andb_true_iff
domains/SpectreDefense.v	83	Theorem	SPECTRE_001_all_variants
domains/SpectreDefense.v	92	Theorem	SPECTRE_002_all_mechanisms
domains/SpectreDefense.v	97	Theorem	SPECTRE_003_fully_protected
domains/SpectreDefense.v	102	Theorem	SPECTRE_004_v1_required
domains/SpectreDefense.v	113	Theorem	SPECTRE_005_v2_required
domains/SpectreDefense.v	127	Theorem	SPECTRE_006_v4_required
domains/SpectreDefense.v	140	Theorem	SPECTRE_007_rsb_required
domains/SpectreDefense.v	152	Theorem	SPECTRE_008_bhb_required
domains/SpectreDefense.v	163	Theorem	SPECTRE_009_serialization
domains/SpectreDefense.v	175	Theorem	SPECTRE_010_array_masking
domains/SpectreDefense.v	187	Theorem	SPECTRE_011_retpoline
domains/SpectreDefense.v	198	Theorem	SPECTRE_012_full_implies_variants
domains/SpectreDefense.v	209	Theorem	SPECTRE_013_full_implies_mechanisms
domains/SpectreDefense.v	220	Theorem	SPECTRE_014_riina_v1
domains/SpectreDefense.v	225	Theorem	SPECTRE_015_riina_v2
domains/SpectreDefense.v	230	Theorem	SPECTRE_016_riina_serialization
domains/SpectreDefense.v	235	Theorem	SPECTRE_017_riina_retpoline
domains/SpectreDefense.v	240	Theorem	SPECTRE_018_full_implies_v1
domains/SpectreDefense.v	252	Theorem	SPECTRE_019_full_implies_serial
domains/SpectreDefense.v	264	Theorem	SPECTRE_020_complete_defense
domains/SpeculativeExecution.v	107	Lemma	eff_join_pure_l
domains/SpeculativeExecution.v	112	Lemma	eff_join_pure_r
domains/SpeculativeExecution.v	115	Lemma	eff_le_refl
domains/SpeculativeExecution.v	118	Lemma	eff_le_trans
domains/SpeculativeExecution.v	124	Theorem	pure_is_constant_time
domains/SpeculativeExecution.v	158	Theorem	ct_composition
domains/SpeculativeExecution.v	168	Lemma	no_secret_branch
domains/SpeculativeExecution.v	194	Lemma	spec_safe_no_secret_branch_aux
domains/SpeculativeExecution.v	230	Theorem	spec_safe_implies_no_secret_leakage
domains/SpeculativeExecution.v	242	Theorem	effect_preorder_refl
domains/SpeculativeExecution.v	247	Theorem	effect_preorder_trans
domains/SpeculativeExecution.v	251	Theorem	pure_is_bottom
domains/SpeculativeExecution.v	256	Theorem	seq_preserves_spec_safe
domains/SpeculativeExecution.v	268	Theorem	public_branch_ct
domains/SpeculativeExecution.v	287	Theorem	annotation_soundness
domains/SpeculativeExecution.v	295	Theorem	binop_preserves_ct
domains/SpeculativeExecution.v	305	Theorem	pure_implies_spec_safe
domains/SpeculativeExecution.v	314	Theorem	timed_implies_spec_safe
domains/SpeculativeExecution.v	323	Theorem	const_is_pure
domains/SpeculativeExecution.v	331	Theorem	eff_join_comm
domains/StandardLibrary.v	598	Theorem	P_001_01
domains/StandardLibrary.v	614	Theorem	P_001_02
domains/StandardLibrary.v	630	Theorem	P_001_03
domains/StandardLibrary.v	644	Lemma	rev_app_single
domains/StandardLibrary.v	655	Theorem	P_001_04
domains/StandardLibrary.v	674	Theorem	P_001_05
domains/StandardLibrary.v	687	Theorem	P_001_06
domains/StandardLibrary.v	704	Theorem	P_001_07
domains/StandardLibrary.v	717	Theorem	P_001_08
domains/StandardLibrary.v	732	Theorem	P_001_09
domains/StandardLibrary.v	751	Theorem	P_001_10
domains/StandardLibrary.v	765	Theorem	P_001_11
domains/StandardLibrary.v	783	Theorem	P_001_12
domains/StandardLibrary.v	802	Theorem	P_001_13
domains/StandardLibrary.v	816	Theorem	P_001_14
domains/StandardLibrary.v	827	Theorem	P_001_15
domains/StandardLibrary.v	838	Theorem	P_001_16
domains/StandardLibrary.v	852	Theorem	P_001_17
domains/StandardLibrary.v	869	Theorem	P_001_18
domains/StandardLibrary.v	887	Theorem	P_001_19
domains/StandardLibrary.v	901	Theorem	P_001_20
domains/StandardLibrary.v	918	Theorem	P_001_21
domains/StandardLibrary.v	931	Theorem	P_001_22
domains/StandardLibrary.v	946	Theorem	P_001_23
domains/StandardLibrary.v	959	Theorem	P_001_24
domains/StandardLibrary.v	976	Theorem	P_001_25
domains/StandardLibrary.v	989	Theorem	P_001_26
domains/StandardLibrary.v	1006	Theorem	P_001_27
domains/StandardLibrary.v	1026	Theorem	P_001_28
domains/StandardLibrary.v	1041	Theorem	P_001_29
domains/StandardLibrary.v	1057	Theorem	P_001_30
domains/StandardLibrary.v	1078	Theorem	P_001_31
domains/StandardLibrary.v	1097	Theorem	P_001_32
domains/StandardLibrary.v	1108	Theorem	P_001_33
domains/StandardLibrary.v	1126	Theorem	P_001_34
domains/StandardLibrary.v	1145	Theorem	P_001_35
domains/StandardLibrary.v	1183	Theorem	P_001_36
domains/StandardLibrary.v	1205	Theorem	P_001_37
domains/StandardLibrary.v	1222	Lemma	level_leq_refl
domains/StandardLibrary.v	1231	Lemma	compartments_subset_refl
domains/StandardLibrary.v	1241	Theorem	P_001_38
domains/StandardLibrary.v	1286	Lemma	level_leq_trans
domains/StandardLibrary.v	1297	Lemma	compartments_subset_trans
domains/StandardLibrary.v	1314	Theorem	P_001_39
domains/StandardLibrary.v	1326	Theorem	P_001_40
domains/SupplyChainSecurity.v	322	Lemma	hash_eq_refl
domains/SupplyChainSecurity.v	334	Lemma	hash_eq_sym
domains/SupplyChainSecurity.v	350	Lemma	hash_eq_implies_eq
domains/SupplyChainSecurity.v	364	Lemma	bool_impl
domains/SupplyChainSecurity.v	371	Theorem	sup_001_dependency_compromise_mitigated
domains/SupplyChainSecurity.v	388	Theorem	sup_001_hash_signature_integrity
domains/SupplyChainSecurity.v	399	Theorem	sup_002_typosquatting_mitigated
domains/SupplyChainSecurity.v	413	Theorem	sup_002_name_verification_canonical
domains/SupplyChainSecurity.v	424	Theorem	sup_003_dependency_confusion_mitigated
domains/SupplyChainSecurity.v	438	Theorem	sup_003_internal_registry_isolation
domains/SupplyChainSecurity.v	451	Theorem	sup_004_build_compromise_mitigated
domains/SupplyChainSecurity.v	465	Theorem	sup_004_reproducible_detection
domains/SupplyChainSecurity.v	475	Theorem	sup_005_package_manager_mitigated
domains/SupplyChainSecurity.v	492	Theorem	sup_005_tuf_threshold_security
domains/SupplyChainSecurity.v	503	Theorem	sup_006_firmware_mitigated
domains/SupplyChainSecurity.v	517	Theorem	sup_006_firmware_integrity
domains/SupplyChainSecurity.v	528	Theorem	sup_007_hardware_mitigated
domains/SupplyChainSecurity.v	543	Theorem	sup_007_attestation_chain_security
domains/SupplyChainSecurity.v	555	Theorem	sup_008_third_party_mitigated
domains/SupplyChainSecurity.v	570	Theorem	sup_008_vendor_audit_security
domains/SupplyChainSecurity.v	581	Theorem	sup_009_watering_hole_mitigated
domains/SupplyChainSecurity.v	594	Theorem	sup_009_segment_isolation_lateral
domains/SupplyChainSecurity.v	606	Theorem	sup_010_update_attack_mitigated
domains/SupplyChainSecurity.v	620	Theorem	sup_010_version_rollback_prevention
domains/SupplyChainSecurity.v	631	Theorem	sup_011_source_compromise_mitigated
domains/SupplyChainSecurity.v	645	Theorem	sup_011_multi_reviewer_security
domains/SupplyChainSecurity.v	657	Theorem	sup_012_compiler_attack_mitigated
domains/SupplyChainSecurity.v	671	Theorem	sup_012_ddc_output_verification
domains/SupplyChainSecurity.v	683	Theorem	sup_013_binary_backdoor_mitigated
domains/SupplyChainSecurity.v	696	Theorem	sup_013_binary_hash_verification
domains/SupplyChainSecurity.v	707	Theorem	sup_014_certificate_compromise_mitigated
domains/SupplyChainSecurity.v	722	Theorem	sup_014_ct_log_verification
domains/SupplyChainSecurity.v	733	Theorem	sup_015_developer_compromise_mitigated
domains/SupplyChainSecurity.v	748	Theorem	sup_015_mfa_security
domains/SupplyChainSecurity.v	759	Theorem	sup_016_malware_mitigated
domains/SupplyChainSecurity.v	774	Theorem	sup_016_isolation_level_security
domains/SupplyChainSecurity.v	808	Theorem	supply_chain_full_security
domains/T001_HermeticBuild.v	165	Theorem	T_001_01_hex0_auditable
domains/T001_HermeticBuild.v	181	Theorem	T_001_02_hex0_correct
domains/T001_HermeticBuild.v	190	Theorem	T_001_03_stage_preserves_semantics
domains/T001_HermeticBuild.v	202	Theorem	T_001_04_bootstrap_chain_valid
domains/T001_HermeticBuild.v	213	Theorem	T_001_05_stage_deterministic
domains/T001_HermeticBuild.v	221	Theorem	T_001_06_stage_terminates
domains/T001_HermeticBuild.v	232	Theorem	T_001_07_self_hosting_valid
domains/T001_HermeticBuild.v	240	Theorem	T_001_08_bootstrap_idempotent
domains/T001_HermeticBuild.v	250	Theorem	T_001_09_no_network_access
domains/T001_HermeticBuild.v	261	Theorem	T_001_10_filesystem_readonly
domains/T001_HermeticBuild.v	272	Theorem	T_001_11_clock_fixed
domains/T001_HermeticBuild.v	283	Theorem	T_001_12_randomness_deterministic
domains/T001_HermeticBuild.v	292	Theorem	T_001_13_environment_clean
domains/T001_HermeticBuild.v	303	Theorem	T_001_14_inputs_whitelisted
domains/T001_HermeticBuild.v	312	Theorem	T_001_15_hermetic_composition
domains/T001_HermeticBuild.v	329	Theorem	T_001_16_bit_reproducible
domains/T001_HermeticBuild.v	342	Theorem	T_001_17_hash_deterministic
domains/T001_HermeticBuild.v	352	Theorem	T_001_18_diverse_double_compile
domains/T001_HermeticBuild.v	363	Theorem	T_001_19_cross_compile_equivalent
domains/T001_HermeticBuild.v	373	Theorem	T_001_20_source_hash_verified
domains/T001_HermeticBuild.v	383	Theorem	T_001_21_reproducibility_composition
domains/T001_HermeticBuild.v	416	Theorem	T_001_22_ddc_setup
domains/T001_HermeticBuild.v	429	Theorem	T_001_23_ddc_stage_a
domains/T001_HermeticBuild.v	438	Theorem	T_001_24_ddc_stage_b
domains/T001_HermeticBuild.v	447	Theorem	T_001_25_ddc_stage_aprime
domains/T001_HermeticBuild.v	457	Theorem	T_001_26_ddc_equivalence
domains/T001_HermeticBuild.v	468	Theorem	T_001_27_ddc_trojan_detected
domains/T001_HermeticBuild.v	482	Theorem	T_001_28_ddc_confidence
domains/TEEAttestation.v	27	Lemma	andb_true_iff
domains/TEEAttestation.v	37	Lemma	andb_false_iff
domains/TEEAttestation.v	44	Lemma	orb_true_iff
domains/TEEAttestation.v	51	Lemma	negb_true_iff
domains/TEEAttestation.v	56	Lemma	negb_false_iff
domains/TEEAttestation.v	322	Theorem	TEE_001
domains/TEEAttestation.v	329	Theorem	TEE_002
domains/TEEAttestation.v	332	Theorem	TEE_003
domains/TEEAttestation.v	335	Theorem	TEE_004
domains/TEEAttestation.v	338	Theorem	TEE_005
domains/TEEAttestation.v	341	Theorem	TEE_006
domains/TEEAttestation.v	344	Theorem	TEE_007
domains/TEEAttestation.v	347	Theorem	TEE_008
domains/TEEAttestation.v	350	Theorem	TEE_009
domains/TEEAttestation.v	353	Theorem	TEE_010
domains/TEEAttestation.v	356	Theorem	TEE_011
domains/TEEAttestation.v	359	Theorem	TEE_012
domains/TEEAttestation.v	362	Theorem	TEE_013
domains/TEEAttestation.v	365	Theorem	TEE_014
domains/TEEAttestation.v	371	Theorem	TEE_015
domains/TEEAttestation.v	377	Theorem	TEE_016
domains/TEEAttestation.v	383	Theorem	TEE_017
domains/TEEAttestation.v	390	Theorem	TEE_018
domains/TEEAttestation.v	399	Theorem	TEE_019
domains/TEEAttestation.v	408	Theorem	TEE_020
domains/TEEAttestation.v	416	Theorem	TEE_021
domains/TEEAttestation.v	419	Theorem	TEE_022
domains/TEEAttestation.v	422	Theorem	TEE_023
domains/TEEAttestation.v	425	Theorem	TEE_024
domains/TEEAttestation.v	428	Theorem	TEE_025_complete
domains/TEEAttestation.v	439	Theorem	TEE_026_create_transition
domains/TEEAttestation.v	447	Theorem	TEE_027_init_transition
domains/TEEAttestation.v	451	Theorem	TEE_028_enter_transition
domains/TEEAttestation.v	455	Theorem	TEE_029_exit_transition
domains/TEEAttestation.v	459	Theorem	TEE_030_suspend_transition
domains/TEEAttestation.v	463	Theorem	TEE_031_resume_transition
domains/TEEAttestation.v	467	Theorem	TEE_032_destroy_from_init
domains/TEEAttestation.v	471	Theorem	TEE_033_destroy_from_created
domains/TEEAttestation.v	475	Theorem	TEE_034_no_create_from_running
domains/TEEAttestation.v	479	Theorem	TEE_035_no_enter_uninitialized
domains/TEEAttestation.v	483	Theorem	TEE_036_lifecycle_to_running
domains/TEEAttestation.v	497	Theorem	TEE_037_suspend_resume_cycle
domains/TEEAttestation.v	509	Theorem	TEE_038_riina_quote_signature_valid
domains/TEEAttestation.v	517	Theorem	TEE_039_riina_quote_measurement_valid
domains/TEEAttestation.v	521	Theorem	TEE_040_riina_quote_signer_valid
domains/TEEAttestation.v	525	Theorem	TEE_041_riina_quote_svn_valid
domains/TEEAttestation.v	529	Theorem	TEE_042_riina_quote_nonce_valid
domains/TEEAttestation.v	533	Theorem	TEE_043_riina_quote_fresh
domains/TEEAttestation.v	537	Theorem	TEE_044_riina_quote_verifies
domains/TEEAttestation.v	541	Theorem	TEE_045_verified_quote_has_valid_signature
domains/TEEAttestation.v	554	Theorem	TEE_046_verified_quote_has_valid_measurement
domains/TEEAttestation.v	567	Theorem	TEE_047_verified_quote_has_valid_nonce
domains/TEEAttestation.v	577	Theorem	TEE_048_verified_quote_is_fresh
domains/TEEAttestation.v	586	Theorem	TEE_049_invalid_signature_fails_verification
domains/TEEAttestation.v	595	Theorem	TEE_050_stale_quote_fails_verification
domains/TEEAttestation.v	615	Theorem	TEE_051_derive_key_mrenclave
domains/TEEAttestation.v	619	Theorem	TEE_052_derive_key_mrsigner
domains/TEEAttestation.v	623	Theorem	TEE_053_key_derivation_deterministic
domains/TEEAttestation.v	635	Theorem	TEE_054_different_policy_different_key
domains/TEEAttestation.v	648	Theorem	TEE_055_keypolicy_uses_name_only
domains/TEEAttestation.v	656	Theorem	TEE_056_mrenclave_binding_enclave_specific
domains/TEEAttestation.v	669	Theorem	TEE_057_mrsigner_binding_signer_specific
domains/TEEAttestation.v	682	Theorem	TEE_058_different_key_names_different_keys
domains/TEEAttestation.v	693	Theorem	TEE_059_keypolicy_unseal_always_possible
domains/TEEAttestation.v	702	Theorem	TEE_060_key_size_does_not_affect_id
domains/TEEAttestation.v	711	Theorem	TEE_061_riina_memory_encrypted
domains/TEEAttestation.v	719	Theorem	TEE_062_riina_memory_is_enclave
domains/TEEAttestation.v	723	Theorem	TEE_063_enclave_memory_is_protected
domains/TEEAttestation.v	727	Theorem	TEE_064_normal_memory_always_protected
domains/TEEAttestation.v	736	Theorem	TEE_065_shared_memory_always_protected
domains/TEEAttestation.v	745	Theorem	TEE_066_reserved_memory_always_protected
domains/TEEAttestation.v	754	Theorem	TEE_067_enclave_memory_encrypted_implies_protected
domains/TEEAttestation.v	764	Theorem	TEE_068_unencrypted_enclave_memory_unprotected
domains/TEEAttestation.v	774	Theorem	TEE_069_address_in_region
domains/TEEAttestation.v	789	Theorem	TEE_070_non_overlapping_regions_disjoint
domains/TEEAttestation.v	802	Theorem	TEE_071_riina_platform_tcb_valid
domains/TEEAttestation.v	810	Theorem	TEE_072_riina_trust_chain_complete
domains/TEEAttestation.v	814	Theorem	TEE_073_riina_platform_trusted
domains/TEEAttestation.v	818	Theorem	TEE_074_trust_chain_requires_root_key
domains/TEEAttestation.v	831	Theorem	TEE_075_trust_chain_requires_pck_cert
domains/TEEAttestation.v	844	Theorem	TEE_076_trust_chain_requires_tcb_signing
domains/TEEAttestation.v	856	Theorem	TEE_077_trust_chain_requires_qe_report
domains/TEEAttestation.v	867	Theorem	TEE_078_invalid_root_breaks_trust
domains/TEEAttestation.v	877	Theorem	TEE_079_invalid_tcb_breaks_platform_trust
domains/TEEAttestation.v	886	Theorem	TEE_080_incomplete_chain_breaks_platform_trust
domains/TEEAttestation.v	896	Theorem	TEE_081_full_attestation_implies_all_properties
domains/TEEAttestation.v	941	Theorem	TEE_082_secure_tee_implies_all_enclave_properties
domains/TEEAttestation.v	968	Theorem	TEE_083_secure_tee_implies_all_attestation_properties
domains/TEEAttestation.v	995	Theorem	TEE_084_secure_tee_implies_key_derivation
domains/TEEAttestation.v	1006	Theorem	TEE_085_secure_tee_implies_local_attestation
domains/TEEAttestation.v	1018	Theorem	TEE_086_enclave_security_composition
domains/TEEAttestation.v	1031	Theorem	TEE_087_attestation_security_composition
domains/TEEAttestation.v	1044	Theorem	TEE_088_tee_security_composition
domains/TEEAttestation.v	1058	Theorem	TEE_089_verified_quote_measurement_matches_context
domains/TEEAttestation.v	1071	Theorem	TEE_090_verified_quote_signer_matches_context
domains/TEEAttestation.v	1084	Theorem	TEE_091_verified_quote_svn_sufficient
domains/TEEAttestation.v	1097	Theorem	TEE_092_verified_quote_nonce_matches
domains/TEEAttestation.v	1110	Theorem	TEE_093_platform_trust_composition
domains/TEEAttestation.v	1124	Theorem	TEE_094_riina_complete_security
domains/TEEAttestation.v	1133	Theorem	TEE_095_full_tee_security_decomposition
domains/TestingQA.v	398	Lemma	nat_eqb_refl
domains/TestingQA.v	407	Lemma	forallb_true_iff
domains/TestingQA.v	424	Lemma	existsb_exists
domains/TestingQA.v	441	Lemma	list_beq_refl
domains/TestingQA.v	449	Theorem	M_001_01
domains/TestingQA.v	461	Theorem	M_001_02
domains/TestingQA.v	472	Theorem	M_001_03
domains/TestingQA.v	504	Theorem	M_001_04
domains/TestingQA.v	519	Theorem	M_001_05
domains/TestingQA.v	531	Theorem	M_001_06
domains/TestingQA.v	542	Theorem	M_001_07
domains/TestingQA.v	557	Theorem	M_001_08
domains/TestingQA.v	594	Theorem	M_001_09
domains/TestingQA.v	603	Theorem	M_001_10
domains/TestingQA.v	617	Theorem	M_001_11
domains/TestingQA.v	651	Theorem	M_001_12
domains/TestingQA.v	664	Theorem	M_001_13
domains/TestingQA.v	679	Theorem	M_001_14
domains/TestingQA.v	690	Theorem	M_001_15
domains/TestingQA.v	703	Theorem	M_001_16
domains/TestingQA.v	715	Theorem	M_001_17
domains/TestingQA.v	725	Theorem	M_001_18
domains/TestingQA.v	740	Theorem	M_001_19
domains/TestingQA.v	752	Theorem	M_001_20
domains/TestingQA.v	765	Theorem	M_001_21
domains/TestingQA.v	782	Theorem	M_001_22
domains/TestingQA.v	791	Theorem	M_001_23
domains/TestingQA.v	805	Theorem	M_001_24
domains/TestingQA.v	823	Theorem	M_001_25
domains/TimeSecurity.v	82	Theorem	time_001_nonce_unique
domains/TimeSecurity.v	102	Theorem	time_002_replay_detected
domains/TimeSecurity.v	120	Theorem	time_003_seq_increasing
domains/TimeSecurity.v	135	Theorem	time_004_timestamp_fresh
domains/TimeSecurity.v	150	Theorem	time_005_capability_valid
domains/TimeSecurity.v	165	Theorem	time_006_owner_matches
domains/TimeSecurity.v	180	Theorem	time_007_atomic_complete
domains/TimeSecurity.v	197	Theorem	time_008_cas_correct
domains/TimeSecurity.v	212	Theorem	time_009_clock_monotonic
domains/TimeSecurity.v	227	Theorem	time_010_happens_before
domains/TimeSecurity.v	242	Theorem	time_011_logical_clock_update
domains/TimeSecurity.v	259	Theorem	time_012_timestamp_auth
domains/TimeSecurity.v	274	Theorem	time_013_multi_source
domains/TimeSecurity.v	289	Theorem	time_014_skew_bounded
domains/TimeSecurity.v	304	Theorem	time_015_deadline_met
domains/TimeSecurity.v	319	Theorem	time_016_timeout_triggered
domains/TimeSecurity.v	334	Theorem	time_017_lock_order
domains/TimeSecurity.v	349	Theorem	time_018_no_deadlock
domains/TimeSecurity.v	362	Theorem	time_019_progress
domains/TimeSecurity.v	377	Theorem	time_020_fair_scheduling
domains/TimeSecurity.v	392	Theorem	time_021_rate_limiting
domains/TimeSecurity.v	407	Theorem	time_022_ordered_delivery
domains/TimeSecurity.v	422	Theorem	time_023_audit_timestamp
domains/TimeSecurity.v	437	Theorem	time_024_session_valid
domains/TimeSecurity.v	452	Theorem	time_025_defense_in_depth
domains/TimingSecurity.v	282	Lemma	leb_true_le
domains/TimingSecurity.v	293	Lemma	ltb_true_lt
domains/TimingSecurity.v	300	Lemma	negb_true_iff
domains/TimingSecurity.v	305	Lemma	andb_true_iff_both
domains/TimingSecurity.v	312	Lemma	forallb_true_forall
domains/TimingSecurity.v	329	Lemma	existsb_exists
domains/TimingSecurity.v	346	Lemma	nat_eqb_refl
domains/TimingSecurity.v	351	Lemma	nat_eqb_eq
domains/TimingSecurity.v	393	Theorem	time_001_race_condition_prevention
domains/TimingSecurity.v	410	Theorem	time_001_lock_mutual_exclusion
domains/TimingSecurity.v	422	Theorem	time_001_session_preserves_owner
domains/TimingSecurity.v	449	Theorem	time_002_toctou_atomic_check_act
domains/TimingSecurity.v	465	Theorem	time_002_atomic_version_increment
domains/TimingSecurity.v	479	Theorem	time_002_failed_cas_unchanged
domains/TimingSecurity.v	505	Theorem	time_003_constant_time_property
domains/TimingSecurity.v	517	Theorem	time_003_no_timing_leakage
domains/TimingSecurity.v	527	Theorem	time_003_ct_compare_deterministic
domains/TimingSecurity.v	565	Theorem	time_004_timing_isolation_prevents_channel
domains/TimingSecurity.v	577	Theorem	time_004_isolated_domain_property
domains/TimingSecurity.v	605	Theorem	time_005_unauthenticated_ntp_rejected
domains/TimingSecurity.v	615	Theorem	time_005_authenticated_ntp_accepted
domains/TimingSecurity.v	625	Theorem	time_005_wrong_signature_rejected
domains/TimingSecurity.v	649	Theorem	time_006_replay_detected
domains/TimingSecurity.v	668	Theorem	time_006_fresh_nonce_recorded
domains/TimingSecurity.v	677	Theorem	time_006_old_timestamp_rejected
domains/TimingSecurity.v	702	Theorem	time_007_out_of_order_rejected
domains/TimingSecurity.v	714	Theorem	time_007_correct_sequence_accepted
domains/TimingSecurity.v	725	Theorem	time_007_sequence_increments
domains/TimingSecurity.v	761	Theorem	time_008_selected_task_meets_deadline
domains/TimingSecurity.v	784	Theorem	time_008_no_deadline_miss
domains/TimingSecurity.v	808	Theorem	time_009_unsigned_timestamp_rejected
domains/TimingSecurity.v	821	Theorem	time_009_valid_signature_accepted
domains/TimingSecurity.v	830	Theorem	time_009_wrong_signature_rejected
domains/TimingSecurity.v	859	Theorem	time_010_expired_timeout_detected
domains/TimingSecurity.v	874	Theorem	time_010_pending_timeout_preserved
domains/TimingSecurity.v	889	Theorem	time_010_completed_timeout_stable
domains/TimingSecurity.v	912	Theorem	time_011_adjusted_clock_synchronized
domains/TimingSecurity.v	931	Theorem	time_011_synchronized_clock_valid
domains/TimingSecurity.v	944	Theorem	time_011_excessive_skew_rejected
domains/TimingSecurity.v	969	Theorem	time_012_priority_inheritance_raises
domains/TimingSecurity.v	982	Theorem	time_012_release_restores_base
domains/TimingSecurity.v	991	Theorem	time_012_no_inversion_after_inheritance
domains/TimingSecurity.v	1022	Theorem	time_013_lock_order_respected
domains/TimingSecurity.v	1039	Theorem	time_013_out_of_order_rejected
domains/TimingSecurity.v	1056	Theorem	time_013_deadlock_free
domains/TimingSecurity.v	1088	Theorem	time_014_progress_increases
domains/TimingSecurity.v	1103	Theorem	time_014_bounded_progress_completes
domains/TimingSecurity.v	1118	Theorem	time_014_liveness_guaranteed
domains/TimingSecurity.v	1150	Theorem	time_015_scheduled_updates_record
domains/TimingSecurity.v	1159	Theorem	time_015_starved_thread_prioritized
domains/TimingSecurity.v	1175	Theorem	time_015_fairness_guaranteed
domains/TimingSecurity.v	1187	Theorem	time_015_update_preserves_threads
domains/TimingSecurity.v	1196	Theorem	time_001_main
domains/TimingSecurity.v	1210	Theorem	time_002_main
domains/TimingSecurity.v	1223	Theorem	time_003_main
domains/TimingSecurity.v	1233	Theorem	time_004_main
domains/TimingSecurity.v	1244	Theorem	time_005_main
domains/TimingSecurity.v	1255	Theorem	time_006_main
domains/TimingSecurity.v	1264	Theorem	time_007_main
domains/TimingSecurity.v	1274	Theorem	time_008_main
domains/TimingSecurity.v	1283	Theorem	time_009_main
domains/TimingSecurity.v	1291	Theorem	time_010_main
domains/TimingSecurity.v	1301	Theorem	time_011_main
domains/TimingSecurity.v	1309	Theorem	time_012_main
domains/TimingSecurity.v	1318	Theorem	time_013_main
domains/TimingSecurity.v	1328	Theorem	time_014_main
domains/TimingSecurity.v	1338	Theorem	time_015_main
domains/ToolingIDE.v	445	Theorem	N_001_01
domains/ToolingIDE.v	457	Theorem	N_001_02
domains/ToolingIDE.v	478	Theorem	N_001_03
domains/ToolingIDE.v	491	Theorem	N_001_04
domains/ToolingIDE.v	506	Theorem	N_001_05
domains/ToolingIDE.v	520	Theorem	N_001_06
domains/ToolingIDE.v	536	Theorem	N_001_07
domains/ToolingIDE.v	549	Theorem	N_001_08
domains/ToolingIDE.v	567	Theorem	N_001_09
domains/ToolingIDE.v	581	Theorem	N_001_10
domains/ToolingIDE.v	595	Theorem	N_001_11
domains/ToolingIDE.v	618	Theorem	N_001_12
domains/ToolingIDE.v	634	Theorem	N_001_13
domains/ToolingIDE.v	646	Theorem	N_001_14
domains/ToolingIDE.v	660	Theorem	N_001_15
domains/ToolingIDE.v	679	Lemma	resolve_step_terminates
domains/ToolingIDE.v	701	Theorem	N_001_16
domains/ToolingIDE.v	708	Theorem	N_001_17
domains/ToolingIDE.v	735	Theorem	N_001_18
domains/ToolingIDE.v	752	Theorem	N_001_19
domains/ToolingIDE.v	766	Theorem	N_001_20
domains/TotalStackFoundation.v	44	Lemma	layer_eqb_refl
domains/TotalStackFoundation.v	49	Lemma	layer_eqb_eq
domains/TotalStackFoundation.v	72	Lemma	layer_adjacent_L0_L1
domains/TotalStackFoundation.v	75	Lemma	layer_adjacent_L1_L2
domains/TotalStackFoundation.v	78	Lemma	layer_adjacent_L2_L3
domains/TotalStackFoundation.v	81	Lemma	layer_adjacent_L3_L4
domains/TotalStackFoundation.v	84	Lemma	layer_adjacent_L4_L5
domains/TotalStackFoundation.v	87	Lemma	layer_adjacent_L5_L6
domains/TotalStackFoundation.v	90	Lemma	layer_adjacent_L6_L7
domains/TotalStackFoundation.v	116	Lemma	sp_eqb_refl
domains/TotalStackFoundation.v	267	Lemma	existsb_app
domains/TotalStackFoundation.v	280	Lemma	existsb_cons_true
domains/TotalStackFoundation.v	287	Lemma	existsb_cons_or
domains/TotalStackFoundation.v	293	Lemma	forallb_impl
domains/TotalStackFoundation.v	306	Lemma	andb_true_intro_both
domains/TotalStackFoundation.v	322	Theorem	TOTAL_001_01_l0_l1_interface_security
domains/TotalStackFoundation.v	333	Theorem	TOTAL_001_02_l1_l2_interface_security
domains/TotalStackFoundation.v	344	Theorem	TOTAL_001_03_l2_l3_interface_security
domains/TotalStackFoundation.v	355	Theorem	TOTAL_001_04_l3_l4_interface_security
domains/TotalStackFoundation.v	366	Theorem	TOTAL_001_05_l4_l5_interface_security
domains/TotalStackFoundation.v	377	Theorem	TOTAL_001_06_l5_l6_interface_security
domains/TotalStackFoundation.v	388	Theorem	TOTAL_001_07_l6_l7_interface_security
domains/TotalStackFoundation.v	407	Theorem	TOTAL_001_08_confidentiality_preserved
domains/TotalStackFoundation.v	418	Theorem	TOTAL_001_09_integrity_preserved
domains/TotalStackFoundation.v	429	Theorem	TOTAL_001_10_availability_preserved
domains/TotalStackFoundation.v	443	Theorem	TOTAL_001_11_authentication_preserved
domains/TotalStackFoundation.v	457	Theorem	TOTAL_001_12_authorization_preserved
domains/TotalStackFoundation.v	468	Theorem	TOTAL_001_13_memory_corruption_impossible
domains/TotalStackFoundation.v	491	Theorem	TOTAL_001_14_side_channel_impossible
domains/TotalStackFoundation.v	510	Theorem	TOTAL_001_15_network_attack_impossible
domains/TotalStackFoundation.v	529	Theorem	TOTAL_001_16_privilege_escalation_impossible
domains/TotalStackFoundation.v	548	Theorem	TOTAL_001_17_ui_deception_impossible
domains/TotalStackFoundation.v	567	Theorem	TOTAL_001_18_boot_compromise_impossible
domains/TotalStackFoundation.v	586	Theorem	TOTAL_001_19_adjacent_layers_compose
domains/TotalStackFoundation.v	615	Theorem	TOTAL_001_20_security_property_transitivity
domains/TotalStackFoundation.v	634	Theorem	TOTAL_001_21_no_security_gap
domains/TotalStackFoundation.v	657	Theorem	TOTAL_001_22_defense_in_depth
domains/TotalStackFoundation.v	671	Theorem	TOTAL_001_23_single_layer_compromise_bounded
domains/TotalStackFoundation.v	704	Theorem	TOTAL_001_24_hardware_root_of_trust
domains/TotalStackFoundation.v	720	Theorem	TOTAL_001_25_measured_boot_integrity
domains/TotalStackFoundation.v	736	Theorem	TOTAL_001_26_secure_channel_establishment
domains/TotalStackFoundation.v	754	Theorem	TOTAL_001_27_capability_delegation
domains/TotalStackFoundation.v	772	Theorem	TOTAL_001_28_end_to_end_encryption
domains/TotalStackFoundation.v	794	Theorem	TOTAL_001_29_remote_code_execution_impossible
domains/TotalStackFoundation.v	817	Theorem	TOTAL_001_30_data_exfiltration_impossible
domains/TotalStackFoundation.v	836	Theorem	TOTAL_001_31_denial_of_service_bounded
domains/TotalStackFoundation.v	855	Theorem	TOTAL_001_32_malware_execution_impossible
domains/TotalStackFoundation.v	874	Theorem	TOTAL_001_33_insider_threat_bounded
domains/TotalStackFoundation.v	906	Theorem	TOTAL_001_34_all_layer_proofs_compose
domains/TotalStackFoundation.v	937	Lemma	attack_blocked_by_layer
domains/TotalStackFoundation.v	957	Theorem	TOTAL_001_35_total_stack_security
domains/TrafficResistance.v	77	Theorem	traffic_001_constant_rate_hides
domains/TrafficResistance.v	96	Theorem	traffic_002_constant_size_hides
domains/TrafficResistance.v	107	Theorem	traffic_003_cover_indistinguishable
domains/TrafficResistance.v	119	Theorem	traffic_004_flow_indistinguishable
domains/TrafficResistance.v	132	Theorem	traffic_005_timing_indistinguishable
domains/TrafficResistance.v	145	Theorem	traffic_006_mix_delay
domains/TrafficResistance.v	155	Theorem	traffic_007_batch_anonymity
domains/TrafficResistance.v	165	Theorem	traffic_008_multi_hop
domains/TrafficResistance.v	175	Theorem	traffic_009_layer_encryption
domains/TrafficResistance.v	190	Theorem	traffic_010_sender_anonymity
domains/TrafficResistance.v	205	Theorem	traffic_011_receiver_anonymity
domains/TrafficResistance.v	220	Theorem	traffic_012_padding_ratio
domains/TrafficResistance.v	234	Theorem	traffic_013_decoy_rate
domains/TrafficResistance.v	248	Theorem	traffic_014_jitter_bounded
domains/TrafficResistance.v	262	Theorem	traffic_015_no_timing_correlation
domains/TrafficResistance.v	277	Theorem	traffic_016_size_quantization
domains/TrafficResistance.v	293	Theorem	traffic_017_flow_correlation
domains/TrafficResistance.v	310	Theorem	traffic_018_guard_diversity
domains/TrafficResistance.v	321	Theorem	traffic_019_exit_diversity
domains/TrafficResistance.v	337	Theorem	traffic_020_path_randomness
domains/TrafficResistance.v	353	Theorem	traffic_021_statistical_indist
domains/TrafficResistance.v	367	Theorem	traffic_022_session_unlinkability
domains/TrafficResistance.v	381	Theorem	traffic_023_intersection_resistance
domains/TrafficResistance.v	390	Theorem	traffic_024_volume_resistance
domains/TrafficResistance.v	408	Theorem	traffic_025_defense_in_depth
domains/TranslationValidation.v	519	Lemma	val_match_refl
domains/TranslationValidation.v	530	Lemma	val_corresp_match
domains/TranslationValidation.v	541	Lemma	trace_equiv_refl
domains/TranslationValidation.v	549	Lemma	trace_equiv_sym
domains/TranslationValidation.v	556	Lemma	trace_equiv_trans
domains/TranslationValidation.v	569	Lemma	tgt_steps_trans
domains/TranslationValidation.v	580	Lemma	is_const_sound
domains/TranslationValidation.v	599	Theorem	COMPILE_001_01
domains/TranslationValidation.v	620	Theorem	COMPILE_001_02
domains/TranslationValidation.v	640	Theorem	COMPILE_001_03
domains/TranslationValidation.v	653	Theorem	COMPILE_001_04
domains/TranslationValidation.v	670	Theorem	COMPILE_001_05
domains/TranslationValidation.v	683	Theorem	COMPILE_001_06
domains/TranslationValidation.v	699	Theorem	COMPILE_001_07
domains/TranslationValidation.v	712	Theorem	COMPILE_001_08
domains/TranslationValidation.v	738	Theorem	COMPILE_001_09
domains/TranslationValidation.v	773	Theorem	COMPILE_001_10
domains/TranslationValidation.v	802	Theorem	COMPILE_001_11
domains/TranslationValidation.v	835	Theorem	COMPILE_001_12
domains/TranslationValidation.v	907	Theorem	COMPILE_001_13
domains/TranslationValidation.v	915	Theorem	COMPILE_001_14
domains/TranslationValidation.v	943	Theorem	COMPILE_001_15
domains/U001_RuntimeGuardian.v	192	Theorem	U_001_01_cfi_cfg_wellformed
domains/U001_RuntimeGuardian.v	208	Theorem	U_001_02_cfi_ip_in_cfg
domains/U001_RuntimeGuardian.v	218	Theorem	U_001_03_cfi_indirect_safe
domains/U001_RuntimeGuardian.v	230	Theorem	U_001_04_cfi_return_integrity
domains/U001_RuntimeGuardian.v	242	Theorem	U_001_05_cfi_call_integrity
domains/U001_RuntimeGuardian.v	254	Theorem	U_001_06_cfi_no_arbitrary_jump
domains/U001_RuntimeGuardian.v	270	Theorem	U_001_07_cfi_shadow_stack
domains/U001_RuntimeGuardian.v	280	Theorem	U_001_08_cfi_forward_edge
domains/U001_RuntimeGuardian.v	292	Theorem	U_001_09_cfi_backward_edge
domains/U001_RuntimeGuardian.v	303	Theorem	U_001_10_cfi_violation_detected
domains/U001_RuntimeGuardian.v	315	Theorem	U_001_11_mem_checksum_correct
domains/U001_RuntimeGuardian.v	324	Theorem	U_001_12_mem_redundant_storage
domains/U001_RuntimeGuardian.v	333	Theorem	U_001_13_mem_ecc_corrects
domains/U001_RuntimeGuardian.v	342	Lemma	double_even
domains/U001_RuntimeGuardian.v	354	Theorem	U_001_14_mem_ecc_detects
domains/U001_RuntimeGuardian.v	363	Theorem	U_001_15_mem_bounds_enforced
domains/U001_RuntimeGuardian.v	372	Theorem	U_001_16_mem_readonly_protected
domains/U001_RuntimeGuardian.v	382	Theorem	U_001_17_mem_kernel_isolated
domains/U001_RuntimeGuardian.v	392	Theorem	U_001_18_mem_corruption_detected
domains/U001_RuntimeGuardian.v	402	Theorem	U_001_19_nmr_variants_independent
domains/U001_RuntimeGuardian.v	411	Theorem	U_001_20_nmr_state_synchronized
domains/U001_RuntimeGuardian.v	422	Theorem	U_001_21_nmr_divergence_detected
domains/U001_RuntimeGuardian.v	432	Theorem	U_001_22_nmr_single_fault_tolerant
domains/U001_RuntimeGuardian.v	453	Theorem	U_001_23_nmr_voting_correct
domains/U001_RuntimeGuardian.v	473	Theorem	U_001_24_nmr_recovery_sound
domains/U001_RuntimeGuardian.v	482	Theorem	U_001_25_nmr_coverage
domains/U001_RuntimeGuardian.v	496	Theorem	U_001_26_panic_keys_zeroized
domains/U001_RuntimeGuardian.v	509	Theorem	U_001_27_panic_execution_halted
domains/U001_RuntimeGuardian.v	518	Theorem	U_001_28_panic_audit_logged
domains/U001_RuntimeGuardian.v	527	Theorem	U_001_29_panic_triggered
domains/U001_RuntimeGuardian.v	536	Theorem	U_001_30_panic_irreversible
domains/U001_RuntimeGuardian.v	546	Theorem	U_001_31_watchdog_nmi
domains/U001_RuntimeGuardian.v	556	Theorem	U_001_32_watchdog_monitor_integrity
domains/U001_RuntimeGuardian.v	566	Theorem	U_001_33_monitor_unprivileged
domains/U001_RuntimeGuardian.v	576	Theorem	U_001_34_monitor_complete_mediation
domains/U001_RuntimeGuardian.v	585	Theorem	U_001_35_monitor_tamper_evident
domains/V001_TerminationGuarantees.v	236	Theorem	V_001_01_structural_decrease
domains/V001_TerminationGuarantees.v	252	Theorem	V_001_02_structural_termination
domains/V001_TerminationGuarantees.v	262	Theorem	V_001_03_nat_structural
domains/V001_TerminationGuarantees.v	273	Theorem	V_001_04_list_structural
domains/V001_TerminationGuarantees.v	300	Theorem	V_001_05_tree_structural
domains/V001_TerminationGuarantees.v	332	Theorem	V_001_06_mutual_structural
domains/V001_TerminationGuarantees.v	341	Theorem	V_001_07_nested_structural
domains/V001_TerminationGuarantees.v	360	Theorem	V_001_08_structural_checker_sound
domains/V001_TerminationGuarantees.v	371	Theorem	V_001_09_sized_type_wellformed
domains/V001_TerminationGuarantees.v	384	Theorem	V_001_10_size_decreases
domains/V001_TerminationGuarantees.v	404	Theorem	V_001_11_sized_list_terminates
domains/V001_TerminationGuarantees.v	422	Theorem	V_001_12_sized_tree_terminates
domains/V001_TerminationGuarantees.v	437	Theorem	V_001_13_size_inference_correct
domains/V001_TerminationGuarantees.v	446	Theorem	V_001_14_size_subtyping
domains/V001_TerminationGuarantees.v	457	Theorem	V_001_15_sized_preservation
domains/V001_TerminationGuarantees.v	515	Theorem	V_001_16_sized_composition
domains/V001_TerminationGuarantees.v	526	Theorem	V_001_17_measure_wellformed
domains/V001_TerminationGuarantees.v	539	Theorem	V_001_18_measure_decreases
domains/V001_TerminationGuarantees.v	554	Theorem	V_001_19_lexicographic_wellformed
domains/V001_TerminationGuarantees.v	571	Theorem	V_001_20_ackermann_terminates
domains/V001_TerminationGuarantees.v	584	Theorem	V_001_21_complex_measure_sound
domains/V001_TerminationGuarantees.v	596	Theorem	V_001_22_measure_inference
domains/V001_TerminationGuarantees.v	605	Theorem	V_001_23_measure_composition
domains/V001_TerminationGuarantees.v	613	Theorem	V_001_24_wellfounded_checker_sound
domains/V001_TerminationGuarantees.v	626	Theorem	V_001_25_codata_productive
domains/V001_TerminationGuarantees.v	641	Theorem	V_001_26_stream_productive
domains/V001_TerminationGuarantees.v	653	Theorem	V_001_27_productivity_observe
domains/V001_TerminationGuarantees.v	664	Theorem	V_001_28_guarded_recursion
domains/V001_TerminationGuarantees.v	679	Theorem	V_001_29_codata_unfold
domains/V001_TerminationGuarantees.v	687	Theorem	V_001_30_productive_composition
domains/V001_TerminationGuarantees.v	709	Theorem	V_001_31_non_terminating_marked
domains/V001_TerminationGuarantees.v	736	Theorem	V_001_32_strong_normalization
domains/V001_TerminationGuarantees.v	756	Theorem	V_001_32_strong_normalization
domains/VerifiedAIML.v	138	Theorem	DOMAIN_002_01_output_bounded
domains/VerifiedAIML.v	162	Theorem	DOMAIN_002_02_lipschitz_continuity
domains/VerifiedAIML.v	177	Theorem	DOMAIN_002_03_adversarial_robustness
domains/VerifiedAIML.v	200	Theorem	DOMAIN_002_04_softmax_normalization
domains/VerifiedAIML.v	215	Theorem	DOMAIN_002_05_relu_monotonicity
domains/VerifiedAIML.v	230	Theorem	DOMAIN_002_06_matrix_associativity
domains/VerifiedAIML.v	243	Theorem	DOMAIN_002_07_gradient_descent_convergence
domains/VerifiedAIML.v	258	Theorem	DOMAIN_002_08_inference_determinism
domains/VerifiedAIML.v	270	Theorem	DOMAIN_002_09_numerical_stability
domains/VerifiedAIML.v	285	Theorem	DOMAIN_002_10_model_integrity
domains/VerifiedAIML.v	300	Theorem	DOMAIN_002_11_input_validation
domains/VerifiedAIML.v	318	Theorem	DOMAIN_002_12_confidence_calibration
domains/VerifiedAIML.v	333	Theorem	DOMAIN_002_13_fairness_constraint
domains/VerifiedAIML.v	348	Theorem	DOMAIN_002_14_explanation_faithfulness
domains/VerifiedAIML.v	363	Theorem	DOMAIN_002_15_safe_action_space
domains/VerifiedAIML.v	386	Theorem	relu_non_negative
domains/VerifiedAIML.v	396	Theorem	relu_idempotent
domains/VerifiedAIML.v	405	Theorem	relu_preserves_positive
domains/VerifiedAIML.v	411	Theorem	relu_kills_negative
domains/VerifiedAIML.v	417	Theorem	classify_binary
domains/VerifiedAIML.v	425	Theorem	classify_above_threshold
domains/VerifiedAIML.v	436	Theorem	classify_below_threshold
domains/VerifiedAIML.v	447	Theorem	inference_deterministic
domains/VerifiedAIML.v	454	Theorem	gradient_step_decreases
domains/VerifiedAIML.v	462	Theorem	within_epsilon_symmetric
domains/VerifiedAudit.v	80	Theorem	audit_001_entry_hashed
domains/VerifiedAudit.v	99	Theorem	audit_002_append_only
domains/VerifiedAudit.v	120	Theorem	audit_003_sequence_monotonic
domains/VerifiedAudit.v	133	Theorem	audit_004_inclusion_valid
domains/VerifiedAudit.v	148	Theorem	audit_005_consistency_order
domains/VerifiedAudit.v	163	Theorem	audit_006_witnesses_sufficient
domains/VerifiedAudit.v	178	Theorem	audit_007_witness_root
domains/VerifiedAudit.v	193	Theorem	audit_008_timestamp_ordered
domains/VerifiedAudit.v	208	Theorem	audit_009_principal_logged
domains/VerifiedAudit.v	223	Theorem	audit_010_action_logged
domains/VerifiedAudit.v	238	Theorem	audit_011_resource_logged
domains/VerifiedAudit.v	253	Theorem	audit_012_hash_binds
domains/VerifiedAudit.v	268	Theorem	audit_013_log_not_empty
domains/VerifiedAudit.v	283	Theorem	audit_014_checkpoint_seq
domains/VerifiedAudit.v	298	Theorem	audit_015_witness_recent
domains/VerifiedAudit.v	313	Theorem	audit_016_witnesses_diverse
domains/VerifiedAudit.v	327	Theorem	audit_017_path_bounded
domains/VerifiedAudit.v	337	Theorem	audit_018_root_unique
domains/VerifiedAudit.v	351	Theorem	audit_019_entry_unique
domains/VerifiedAudit.v	365	Theorem	audit_020_signature_valid
domains/VerifiedAudit.v	380	Theorem	audit_021_retention
domains/VerifiedAudit.v	395	Theorem	audit_022_query_complete
domains/VerifiedAudit.v	410	Theorem	audit_023_storage_redundant
domains/VerifiedAudit.v	425	Theorem	audit_024_tamper_detected
domains/VerifiedAudit.v	441	Theorem	audit_025_defense_in_depth
domains/VerifiedAutonomy.v	85	Theorem	auto_001_velocity_bounded
domains/VerifiedAutonomy.v	100	Theorem	auto_002_distance_maintained
domains/VerifiedAutonomy.v	115	Theorem	auto_003_heading_bounded
domains/VerifiedAutonomy.v	130	Theorem	auto_004_confidence_ok
domains/VerifiedAutonomy.v	151	Theorem	auto_005_sensor_failsafe
domains/VerifiedAutonomy.v	157	Theorem	auto_006_envelope_failsafe
domains/VerifiedAutonomy.v	165	Theorem	auto_007_human_override
domains/VerifiedAutonomy.v	178	Theorem	auto_008_reaction_bounded
domains/VerifiedAutonomy.v	192	Theorem	auto_009_emergency_stop_valid
domains/VerifiedAutonomy.v	198	Theorem	auto_010_safe_hold_valid
domains/VerifiedAutonomy.v	218	Theorem	auto_011_mode_transition
domains/VerifiedAutonomy.v	226	Theorem	auto_012_no_skip_assisted
domains/VerifiedAutonomy.v	239	Theorem	auto_013_decision_fresh
domains/VerifiedAutonomy.v	254	Theorem	auto_014_action_bounded
domains/VerifiedAutonomy.v	273	Theorem	auto_015_sensor_agreement
domains/VerifiedAutonomy.v	286	Theorem	auto_016_watchdog_active
domains/VerifiedAutonomy.v	301	Theorem	auto_017_redundancy
domains/VerifiedAutonomy.v	316	Theorem	auto_018_geofence_respected
domains/VerifiedAutonomy.v	335	Theorem	auto_019_collision_free
domains/VerifiedAutonomy.v	358	Theorem	auto_020_energy_ok
domains/VerifiedAutonomy.v	373	Theorem	auto_021_link_quality
domains/VerifiedAutonomy.v	388	Theorem	auto_022_constraints_met
domains/VerifiedAutonomy.v	403	Theorem	auto_023_logging_complete
domains/VerifiedAutonomy.v	418	Theorem	auto_024_verify_first
domains/VerifiedAutonomy.v	435	Theorem	auto_025_defense_in_depth
domains/VerifiedCompliance.v	406	Theorem	AJ_001_01_gdpr_data_minimization
domains/VerifiedCompliance.v	426	Theorem	AJ_001_02_gdpr_purpose_limitation
domains/VerifiedCompliance.v	442	Theorem	AJ_001_03_gdpr_storage_limitation
domains/VerifiedCompliance.v	458	Theorem	AJ_001_04_gdpr_accuracy
domains/VerifiedCompliance.v	474	Theorem	AJ_001_05_gdpr_integrity
domains/VerifiedCompliance.v	490	Theorem	AJ_001_06_gdpr_access_right
domains/VerifiedCompliance.v	505	Theorem	AJ_001_07_gdpr_erasure_right
domains/VerifiedCompliance.v	530	Theorem	AJ_001_08_gdpr_portability
domains/VerifiedCompliance.v	546	Theorem	AJ_001_09_gdpr_consent_valid
domains/VerifiedCompliance.v	562	Theorem	AJ_001_10_hipaa_phi_protected
domains/VerifiedCompliance.v	580	Theorem	AJ_001_11_hipaa_access_control
domains/VerifiedCompliance.v	594	Theorem	AJ_001_12_hipaa_audit_controls
domains/VerifiedCompliance.v	608	Theorem	AJ_001_13_hipaa_minimum_necessary
domains/VerifiedCompliance.v	622	Theorem	AJ_001_14_hipaa_encryption
domains/VerifiedCompliance.v	636	Theorem	AJ_001_15_hipaa_integrity
domains/VerifiedCompliance.v	650	Theorem	AJ_001_16_hipaa_availability
domains/VerifiedCompliance.v	664	Theorem	AJ_001_17_hipaa_breach_notification
domains/VerifiedCompliance.v	678	Theorem	AJ_001_18_pci_network_segmentation
domains/VerifiedCompliance.v	697	Theorem	AJ_001_19_pci_cardholder_protection
domains/VerifiedCompliance.v	711	Theorem	AJ_001_20_pci_encryption
domains/VerifiedCompliance.v	725	Theorem	AJ_001_21_pci_access_restricted
domains/VerifiedCompliance.v	740	Theorem	AJ_001_22_pci_unique_ids
domains/VerifiedCompliance.v	751	Theorem	AJ_001_23_pci_physical_security
domains/VerifiedCompliance.v	764	Theorem	AJ_001_24_pci_logging
domains/VerifiedCompliance.v	775	Theorem	AJ_001_25_pci_testing
domains/VerifiedCompliance.v	786	Theorem	AJ_001_26_control_mapping_complete
domains/VerifiedCompliance.v	805	Theorem	AJ_001_27_evidence_chain_valid
domains/VerifiedCompliance.v	818	Theorem	AJ_001_28_continuous_monitoring
domains/VerifiedCompliance.v	835	Theorem	AJ_001_29_proof_as_evidence
domains/VerifiedCompliance.v	854	Theorem	AJ_001_30_audit_trail_complete
domains/VerifiedCompliance.v	870	Theorem	AJ_001_31_compliance_composition
domains/VerifiedCompliance.v	887	Theorem	AJ_001_32_regulation_coverage
domains/VerifiedCompliance.v	903	Theorem	AJ_001_33_control_effectiveness
domains/VerifiedCompliance.v	917	Theorem	AJ_001_34_gap_detection
domains/VerifiedCompliance.v	933	Theorem	AJ_001_35_remediation_tracked
domains/VerifiedFileSystem.v	23	Lemma	andb_true_iff
domains/VerifiedFileSystem.v	33	Lemma	orb_true_iff
domains/VerifiedFileSystem.v	39	Lemma	negb_false_iff
domains/VerifiedFileSystem.v	42	Lemma	negb_true_iff
domains/VerifiedFileSystem.v	327	Theorem	VFS_001
domains/VerifiedFileSystem.v	334	Theorem	VFS_002
domains/VerifiedFileSystem.v	337	Theorem	VFS_003
domains/VerifiedFileSystem.v	340	Theorem	VFS_004
domains/VerifiedFileSystem.v	343	Theorem	VFS_005
domains/VerifiedFileSystem.v	346	Theorem	VFS_006
domains/VerifiedFileSystem.v	349	Theorem	VFS_007
domains/VerifiedFileSystem.v	352	Theorem	VFS_008
domains/VerifiedFileSystem.v	355	Theorem	VFS_009
domains/VerifiedFileSystem.v	358	Theorem	VFS_010
domains/VerifiedFileSystem.v	361	Theorem	VFS_011
domains/VerifiedFileSystem.v	364	Theorem	VFS_012
domains/VerifiedFileSystem.v	367	Theorem	VFS_013
domains/VerifiedFileSystem.v	370	Theorem	VFS_014
domains/VerifiedFileSystem.v	376	Theorem	VFS_015
domains/VerifiedFileSystem.v	384	Theorem	VFS_016
domains/VerifiedFileSystem.v	391	Theorem	VFS_017
domains/VerifiedFileSystem.v	397	Theorem	VFS_018
domains/VerifiedFileSystem.v	403	Theorem	VFS_019
domains/VerifiedFileSystem.v	411	Theorem	VFS_020
domains/VerifiedFileSystem.v	418	Theorem	VFS_021
domains/VerifiedFileSystem.v	424	Theorem	VFS_022
domains/VerifiedFileSystem.v	433	Theorem	VFS_023
domains/VerifiedFileSystem.v	442	Theorem	VFS_024
domains/VerifiedFileSystem.v	449	Theorem	VFS_025
domains/VerifiedFileSystem.v	455	Theorem	VFS_026
domains/VerifiedFileSystem.v	461	Theorem	VFS_027
domains/VerifiedFileSystem.v	467	Theorem	VFS_028
domains/VerifiedFileSystem.v	473	Theorem	VFS_029
domains/VerifiedFileSystem.v	483	Theorem	VFS_030_complete
domains/VerifiedFileSystem.v	496	Theorem	VFS_031_root_can_read
domains/VerifiedFileSystem.v	508	Theorem	VFS_032_root_can_write
domains/VerifiedFileSystem.v	516	Theorem	VFS_033_root_can_execute
domains/VerifiedFileSystem.v	524	Theorem	VFS_034_owner_read
domains/VerifiedFileSystem.v	537	Theorem	VFS_035_owner_write
domains/VerifiedFileSystem.v	550	Theorem	VFS_036_owner_execute
domains/VerifiedFileSystem.v	563	Theorem	VFS_037_other_permissions
domains/VerifiedFileSystem.v	574	Theorem	VFS_038_group_permissions
domains/VerifiedFileSystem.v	584	Theorem	VFS_039_no_read_without_perm
domains/VerifiedFileSystem.v	597	Theorem	VFS_040_no_write_without_perm
domains/VerifiedFileSystem.v	610	Theorem	VFS_041_no_execute_without_perm
domains/VerifiedFileSystem.v	623	Theorem	VFS_042_access_deterministic
domains/VerifiedFileSystem.v	633	Theorem	VFS_043_owner_full_access
domains/VerifiedFileSystem.v	649	Theorem	VFS_044_root_full_access
domains/VerifiedFileSystem.v	662	Theorem	VFS_045_permission_consistency
domains/VerifiedFileSystem.v	671	Theorem	VFS_046_committed_is_complete
domains/VerifiedFileSystem.v	682	Theorem	VFS_047_checkpointed_is_complete
domains/VerifiedFileSystem.v	689	Theorem	VFS_048_pending_not_complete
domains/VerifiedFileSystem.v	696	Theorem	VFS_049_aborted_not_complete
domains/VerifiedFileSystem.v	703	Theorem	VFS_050_empty_journal_consistent
domains/VerifiedFileSystem.v	712	Theorem	VFS_051_single_committed_consistent
domains/VerifiedFileSystem.v	723	Theorem	VFS_052_txn_complete_decidable
domains/VerifiedFileSystem.v	733	Theorem	VFS_053_journal_head_ge_tail
domains/VerifiedFileSystem.v	742	Theorem	VFS_054_all_txns_complete
domains/VerifiedFileSystem.v	752	Theorem	VFS_055_complete_txn_valid_state
domains/VerifiedFileSystem.v	766	Theorem	VFS_056_no_self_cycle
domains/VerifiedFileSystem.v	783	Theorem	VFS_057_self_cycle_detected
domains/VerifiedFileSystem.v	792	Theorem	VFS_058_integrity_requires_no_cycle
domains/VerifiedFileSystem.v	803	Theorem	VFS_059_integrity_requires_parent
domains/VerifiedFileSystem.v	814	Theorem	VFS_060_integrity_requires_dot
domains/VerifiedFileSystem.v	824	Theorem	VFS_061_empty_dir_no_parent_link
domains/VerifiedFileSystem.v	832	Theorem	VFS_062_empty_dir_no_dot
domains/VerifiedFileSystem.v	840	Theorem	VFS_063_empty_dir_no_integrity
domains/VerifiedFileSystem.v	851	Theorem	VFS_064_wellformed_dir_complete
domains/VerifiedFileSystem.v	864	Theorem	VFS_065_dir_integrity_decidable
domains/VerifiedFileSystem.v	874	Theorem	VFS_066_zero_usage_ok
domains/VerifiedFileSystem.v	886	Theorem	VFS_067_at_limit_ok
domains/VerifiedFileSystem.v	895	Theorem	VFS_068_enforced_bytes_ok
domains/VerifiedFileSystem.v	904	Theorem	VFS_069_enforced_inodes_ok
domains/VerifiedFileSystem.v	913	Theorem	VFS_070_can_alloc_zero_bytes
domains/VerifiedFileSystem.v	923	Theorem	VFS_071_cannot_exceed_quota
domains/VerifiedFileSystem.v	934	Theorem	VFS_072_bytes_ok_semantics
domains/VerifiedFileSystem.v	943	Theorem	VFS_073_inodes_ok_semantics
domains/VerifiedFileSystem.v	952	Theorem	VFS_074_can_alloc_inode_under_limit
domains/VerifiedFileSystem.v	962	Theorem	VFS_075_cannot_alloc_inode_at_limit
domains/VerifiedFileSystem.v	971	Theorem	VFS_076_online_no_recovery
domains/VerifiedFileSystem.v	983	Theorem	VFS_077_clean_no_recovery
domains/VerifiedFileSystem.v	991	Theorem	VFS_078_mounting_not_complete
domains/VerifiedFileSystem.v	999	Theorem	VFS_079_recovering_not_complete
domains/VerifiedFileSystem.v	1007	Theorem	VFS_080_error_not_complete
domains/VerifiedFileSystem.v	1015	Theorem	VFS_081_recovery_needed_blocks
domains/VerifiedFileSystem.v	1023	Theorem	VFS_082_crash_safe_journal
domains/VerifiedFileSystem.v	1031	Theorem	VFS_083_empty_journal_safe
domains/VerifiedFileSystem.v	1039	Theorem	VFS_084_recovery_complete_valid_state
domains/VerifiedFileSystem.v	1051	Theorem	VFS_085_recovery_complete_no_recovery
domains/VerifiedFileSystem.v	1062	Theorem	VFS_086_success_is_atomic
domains/VerifiedFileSystem.v	1074	Theorem	VFS_087_failure_is_atomic
domains/VerifiedFileSystem.v	1082	Theorem	VFS_088_partial_not_atomic
domains/VerifiedFileSystem.v	1090	Theorem	VFS_089_atomic_definite_result
domains/VerifiedFileSystem.v	1103	Theorem	VFS_090_journaled_has_entry
domains/VerifiedFileSystem.v	1115	Theorem	VFS_091_non_journaled_no_entry
domains/VerifiedFileSystem.v	1127	Theorem	VFS_092_create_journaled
domains/VerifiedFileSystem.v	1137	Theorem	VFS_093_delete_journaled
domains/VerifiedFileSystem.v	1147	Theorem	VFS_094_rename_journaled
domains/VerifiedFileSystem.v	1157	Theorem	VFS_095_atomicity_decidable
domains/VerifiedFileSystem.v	1167	Theorem	VFS_096_full_security
domains/VerifiedFileSystem.v	1187	Theorem	VFS_097_full_integrity
domains/VerifiedFileSystem.v	1203	Theorem	VFS_098_safe_recovery_sound
domains/VerifiedFileSystem.v	1215	Theorem	VFS_099_quota_access_combined
domains/VerifiedFileSystem.v	1229	Theorem	VFS_100_atomic_journaled_durable
domains/VerifiedFileSystem.v	1239	Theorem	VFS_101_dir_with_quota
domains/VerifiedFileSystem.v	1251	Theorem	VFS_102_verification_chain
domains/VerifiedFileSystem.v	1266	Theorem	VFS_103_journal_consistency_preservation
domains/VerifiedFileSystem.v	1277	Theorem	VFS_104_access_dir_combined
domains/VerifiedFileSystem.v	1288	Theorem	VFS_105_system_soundness
domains/VerifiedHardware.v	22	Lemma	update_eq
domains/VerifiedHardware.v	28	Lemma	update_neq
domains/VerifiedHardware.v	708	Lemma	isa_rtl_add_equiv
domains/VerifiedHardware.v	728	Theorem	PHI_001_01_rtl_isa_equivalence
domains/VerifiedHardware.v	770	Theorem	PHI_001_02_pipeline_correct
domains/VerifiedHardware.v	777	Theorem	PHI_001_03_memory_system_correct
domains/VerifiedHardware.v	785	Theorem	PHI_001_04_register_file_correct
domains/VerifiedHardware.v	793	Theorem	PHI_001_05_alu_correct
domains/VerifiedHardware.v	804	Theorem	PHI_001_06_branch_correct
domains/VerifiedHardware.v	818	Theorem	PHI_001_07_interrupt_correct
domains/VerifiedHardware.v	827	Theorem	PHI_001_08_instruction_fetch_correct
domains/VerifiedHardware.v	852	Theorem	PHI_001_09_timing_independent
domains/VerifiedHardware.v	864	Theorem	PHI_001_10_no_data_dependent_timing
domains/VerifiedHardware.v	880	Theorem	PHI_001_11_cache_constant_time
domains/VerifiedHardware.v	888	Theorem	PHI_001_12_branch_constant_time
domains/VerifiedHardware.v	896	Theorem	PHI_001_13_memory_constant_time
domains/VerifiedHardware.v	903	Theorem	PHI_001_14_division_constant_time
domains/VerifiedHardware.v	911	Theorem	PHI_001_15_multiplication_constant_time
domains/VerifiedHardware.v	919	Theorem	PHI_001_16_power_independent
domains/VerifiedHardware.v	927	Lemma	reachable_spec_false
domains/VerifiedHardware.v	942	Theorem	PHI_001_17_no_speculation
domains/VerifiedHardware.v	954	Theorem	PHI_001_18_scub_barrier
domains/VerifiedHardware.v	961	Theorem	PHI_001_19_no_spectre_v1
domains/VerifiedHardware.v	970	Theorem	PHI_001_20_no_spectre_v2
domains/VerifiedHardware.v	979	Theorem	PHI_001_21_no_meltdown
domains/VerifiedHardware.v	989	Lemma	program_leakage_state_independent
domains/VerifiedHardware.v	998	Theorem	PHI_001_22_no_microarch_leakage
domains/VerifiedHardware.v	1007	Theorem	PHI_001_23_fence_sc_correct
domains/VerifiedHardware.v	1014	Theorem	PHI_001_24_isolation_mode_correct
domains/VerifiedHardware.v	1021	Theorem	PHI_001_25_complete_coverage
domains/VerifiedHardware.v	1035	Theorem	PHI_001_26_no_hidden_functionality
domains/VerifiedHardware.v	1066	Lemma	no_hidden_functionality_non_div
domains/VerifiedHardware.v	1079	Theorem	PHI_001_27_behavior_specified
domains/VerifiedHardware.v	1090	Theorem	PHI_001_28_no_trigger_logic
domains/VerifiedHardware.v	1103	Lemma	behavior_in_spec_refl
domains/VerifiedHardware.v	1109	Lemma	single_step_in_spec
domains/VerifiedHardware.v	1155	Lemma	reachable_first_step_in_spec
domains/VerifiedHardware.v	1168	Theorem	PHI_001_29_no_payload_logic
domains/VerifiedHardware.v	1180	Theorem	PHI_001_30_formal_equivalence
domains/VerifiedHardware.v	1187	Theorem	PHI_001_31_trojan_detected
domains/VerifiedHardware.v	1200	Theorem	PHI_001_32_ecc_single_correct
domains/VerifiedHardware.v	1218	Theorem	PHI_001_33_ecc_double_detect
domains/VerifiedHardware.v	1231	Theorem	PHI_001_34_zeroize_complete
domains/VerifiedHardware.v	1238	Theorem	PHI_001_35_checkpoint_correct
domains/VerifiedHardware.v	1251	Theorem	PHI_001_36_voltage_monitor
domains/VerifiedHardware.v	1271	Theorem	PHI_001_37_frequency_monitor
domains/VerifiedHardware.v	1291	Theorem	PHI_001_38_tamper_evident
domains/VerifiedIdentity.v	75	Lemma	list_eq_refl
domains/VerifiedIdentity.v	82	Lemma	list_eq_sym
domains/VerifiedIdentity.v	88	Lemma	list_eq_sound
domains/VerifiedIdentity.v	162	Lemma	constant_time_eq_correct
domains/VerifiedIdentity.v	443	Lemma	existsb_exists
domains/VerifiedIdentity.v	465	Lemma	existsb_not_exists
domains/VerifiedIdentity.v	482	Lemma	credential_matches_refl
domains/VerifiedIdentity.v	492	Lemma	credential_matches_eq
domains/VerifiedIdentity.v	505	Theorem	AA_001_01_auth_completeness
domains/VerifiedIdentity.v	528	Theorem	AA_001_02_auth_soundness
domains/VerifiedIdentity.v	568	Theorem	AA_001_03_auth_deterministic
domains/VerifiedIdentity.v	576	Theorem	AA_001_04_credential_unforgeability
domains/VerifiedIdentity.v	596	Theorem	AA_001_05_no_auth_bypass
domains/VerifiedIdentity.v	617	Theorem	AA_001_06_auth_timing_safe
domains/VerifiedIdentity.v	625	Theorem	AA_001_07_auth_rate_limited
domains/VerifiedIdentity.v	638	Theorem	AA_001_08_auth_logging
domains/VerifiedIdentity.v	654	Theorem	AA_001_09_password_hash_secure
domains/VerifiedIdentity.v	666	Theorem	AA_001_10_password_preimage_resistant
domains/VerifiedIdentity.v	679	Theorem	AA_001_11_password_not_stored
domains/VerifiedIdentity.v	692	Theorem	AA_001_12_password_pepper_bound
domains/VerifiedIdentity.v	703	Theorem	AA_001_13_password_constant_time_compare
domains/VerifiedIdentity.v	722	Theorem	AA_001_14_password_breach_checked
domains/VerifiedIdentity.v	734	Theorem	AA_001_15_token_unforgeability
domains/VerifiedIdentity.v	754	Theorem	AA_001_16_token_channel_bound
domains/VerifiedIdentity.v	767	Theorem	AA_001_17_token_expiry
domains/VerifiedIdentity.v	781	Theorem	AA_001_18_token_replay_prevented
domains/VerifiedIdentity.v	794	Theorem	AA_001_19_token_revocation
domains/VerifiedIdentity.v	804	Theorem	AA_001_20_token_refresh_secure
domains/VerifiedIdentity.v	816	Theorem	AA_001_21_token_claims_integrity
domains/VerifiedIdentity.v	824	Theorem	AA_001_22_token_binding_verified
domains/VerifiedIdentity.v	838	Theorem	AA_001_23_session_isolation
domains/VerifiedIdentity.v	856	Theorem	AA_001_24_session_binding
domains/VerifiedIdentity.v	870	Theorem	AA_001_25_session_expiry
domains/VerifiedIdentity.v	882	Theorem	AA_001_26_session_no_fixation
domains/VerifiedIdentity.v	892	Theorem	AA_001_27_session_regeneration
domains/VerifiedIdentity.v	902	Theorem	AA_001_28_fido2_phishing_resistant
domains/VerifiedIdentity.v	919	Theorem	AA_001_29_fido2_origin_bound
domains/VerifiedIdentity.v	935	Theorem	AA_001_30_fido2_replay_prevented
domains/VerifiedIdentity.v	949	Theorem	AA_001_31_fido2_user_verification
domains/VerifiedIdentity.v	964	Theorem	AA_001_32_mfa_composition
domains/VerifiedInfra.v	403	Theorem	INF_001_01_lb_routes_correctly
domains/VerifiedInfra.v	418	Theorem	INF_001_02_lb_session_affinity
domains/VerifiedInfra.v	436	Theorem	INF_001_03_lb_no_request_smuggling
domains/VerifiedInfra.v	448	Theorem	INF_001_04_lb_health_check_correct
domains/VerifiedInfra.v	462	Theorem	INF_001_05_lb_fair_distribution
domains/VerifiedInfra.v	478	Theorem	INF_001_06_db_atomicity
domains/VerifiedInfra.v	490	Theorem	INF_001_07_db_consistency
domains/VerifiedInfra.v	501	Theorem	INF_001_08_db_isolation
domains/VerifiedInfra.v	515	Theorem	INF_001_09_db_durability
domains/VerifiedInfra.v	527	Theorem	INF_001_10_db_no_injection
domains/VerifiedInfra.v	536	Theorem	INF_001_11_db_encryption_at_rest
domains/VerifiedInfra.v	547	Theorem	INF_001_12_db_access_controlled
domains/VerifiedInfra.v	558	Theorem	INF_001_13_db_audit_complete
domains/VerifiedInfra.v	571	Lemma	filter_In_length_pos
domains/VerifiedInfra.v	591	Theorem	INF_001_14_mq_exactly_once
domains/VerifiedInfra.v	605	Theorem	INF_001_15_mq_ordering
domains/VerifiedInfra.v	615	Theorem	INF_001_16_mq_no_deser_attack
domains/VerifiedInfra.v	624	Theorem	INF_001_17_mq_dlq_complete
domains/VerifiedInfra.v	634	Theorem	INF_001_18_mq_backpressure
domains/VerifiedInfra.v	645	Theorem	INF_001_19_log_append_only
domains/VerifiedInfra.v	663	Theorem	INF_001_20_log_no_injection
domains/VerifiedInfra.v	673	Theorem	INF_001_21_log_tamper_detected
domains/VerifiedInfra.v	683	Theorem	INF_001_22_secret_isolated
domains/VerifiedInfra.v	697	Theorem	INF_001_23_secret_rotation_safe
domains/VerifiedInfra.v	710	Theorem	INF_001_24_secret_expiry
domains/VerifiedInfra.v	720	Theorem	INF_001_25_secret_audited
domains/VerifiedIsolation.v	554	Theorem	AI_001_01_address_space_disjoint
domains/VerifiedIsolation.v	576	Theorem	AI_001_02_no_cross_domain_read
domains/VerifiedIsolation.v	596	Theorem	AI_001_03_no_cross_domain_write
domains/VerifiedIsolation.v	613	Theorem	AI_001_04_page_table_isolation
domains/VerifiedIsolation.v	624	Theorem	AI_001_05_kernel_memory_protected
domains/VerifiedIsolation.v	645	Theorem	AI_001_06_user_cannot_map_kernel
domains/VerifiedIsolation.v	661	Theorem	AI_001_07_iommu_isolation
domains/VerifiedIsolation.v	675	Theorem	AI_001_08_memory_encryption
domains/VerifiedIsolation.v	693	Theorem	AI_001_09_capability_unforgeable
domains/VerifiedIsolation.v	711	Theorem	AI_001_10_capability_bounded
domains/VerifiedIsolation.v	725	Theorem	AI_001_11_no_capability_leak
domains/VerifiedIsolation.v	741	Theorem	AI_001_12_capability_delegation_safe
domains/VerifiedIsolation.v	760	Theorem	AI_001_13_capability_revocation
domains/VerifiedIsolation.v	775	Theorem	AI_001_14_least_privilege
domains/VerifiedIsolation.v	789	Theorem	AI_001_15_capability_composition
domains/VerifiedIsolation.v	807	Theorem	AI_001_16_namespace_isolation
domains/VerifiedIsolation.v	825	Theorem	AI_001_17_cgroup_isolation
domains/VerifiedIsolation.v	837	Theorem	AI_001_18_seccomp_enforcement
domains/VerifiedIsolation.v	851	Theorem	AI_001_19_rootfs_isolation
domains/VerifiedIsolation.v	866	Theorem	AI_001_20_network_namespace
domains/VerifiedIsolation.v	896	Theorem	AI_001_21_no_container_escape
domains/VerifiedIsolation.v	918	Theorem	AI_001_22_container_composition
domains/VerifiedIsolation.v	938	Theorem	AI_001_23_hypervisor_isolation
domains/VerifiedIsolation.v	961	Theorem	AI_001_24_ept_correct
domains/VerifiedIsolation.v	976	Theorem	AI_001_25_vmcs_integrity
domains/VerifiedIsolation.v	988	Theorem	AI_001_26_vm_exit_safe
domains/VerifiedIsolation.v	1001	Theorem	AI_001_27_device_passthrough_safe
domains/VerifiedIsolation.v	1015	Theorem	AI_001_28_no_vm_escape
domains/VerifiedIsolation.v	1034	Theorem	AI_001_29_enclave_memory_encrypted
domains/VerifiedIsolation.v	1051	Theorem	AI_001_30_enclave_code_integrity
domains/VerifiedIsolation.v	1064	Theorem	AI_001_31_enclave_attestation
domains/VerifiedIsolation.v	1079	Theorem	AI_001_32_enclave_sealing
domains/VerifiedIsolation.v	1090	Theorem	AI_001_33_no_enclave_read
domains/VerifiedIsolation.v	1103	Theorem	AI_001_34_enclave_side_channel
domains/VerifiedIsolation.v	1115	Theorem	AI_001_35_enclave_composition
domains/VerifiedMicrokernel.v	252	Theorem	OS_001_01_cap_unforgeable
domains/VerifiedMicrokernel.v	267	Theorem	OS_001_02_cap_monotonic
domains/VerifiedMicrokernel.v	283	Theorem	OS_001_03_cap_revocation_complete
domains/VerifiedMicrokernel.v	300	Theorem	OS_001_04_cap_transfer_safe
domains/VerifiedMicrokernel.v	319	Theorem	OS_001_05_cap_derivation_sound
domains/VerifiedMicrokernel.v	337	Theorem	OS_001_06_no_confused_deputy
domains/VerifiedMicrokernel.v	348	Theorem	OS_001_07_cap_lookup_correct
domains/VerifiedMicrokernel.v	358	Theorem	OS_001_08_cap_space_isolation
domains/VerifiedMicrokernel.v	373	Theorem	OS_001_09_cap_invoke_authorized
domains/VerifiedMicrokernel.v	384	Theorem	OS_001_10_cap_badge_integrity
domains/VerifiedMicrokernel.v	423	Theorem	OS_001_11_address_space_isolation
domains/VerifiedMicrokernel.v	452	Theorem	OS_001_12_kernel_memory_integrity
domains/VerifiedMicrokernel.v	470	Theorem	OS_001_13_page_table_correct
domains/VerifiedMicrokernel.v	487	Theorem	OS_001_14_no_page_table_corruption
domains/VerifiedMicrokernel.v	501	Theorem	OS_001_15_mapping_respects_caps
domains/VerifiedMicrokernel.v	519	Theorem	OS_001_16_unmap_complete
domains/VerifiedMicrokernel.v	531	Theorem	OS_001_17_no_kernel_data_leak
domains/VerifiedMicrokernel.v	554	Theorem	OS_001_18_frame_allocation_safe
domains/VerifiedMicrokernel.v	580	Theorem	OS_001_19_ipc_type_safe
domains/VerifiedMicrokernel.v	591	Theorem	OS_001_20_ipc_cap_transfer_safe
domains/VerifiedMicrokernel.v	603	Theorem	OS_001_21_ipc_deadlock_free
domains/VerifiedMicrokernel.v	622	Theorem	OS_001_22_ipc_no_amplification
domains/VerifiedMicrokernel.v	647	Theorem	OS_001_23_ipc_isolation
domains/VerifiedMicrokernel.v	660	Theorem	OS_001_24_endpoint_protection
domains/VerifiedMicrokernel.v	682	Theorem	OS_001_25_notification_no_leak
domains/VerifiedNetwork.v	363	Theorem	NET_001_01_tls_handshake_auth
domains/VerifiedNetwork.v	379	Theorem	NET_001_02_tls_forward_secrecy
domains/VerifiedNetwork.v	390	Theorem	NET_001_03_tls_no_downgrade
domains/VerifiedNetwork.v	401	Theorem	NET_001_04_tls_key_derivation
domains/VerifiedNetwork.v	415	Theorem	NET_001_05_tls_transcript_binding
domains/VerifiedNetwork.v	426	Theorem	NET_001_06_tls_0rtt_replay_safe
domains/VerifiedNetwork.v	436	Theorem	NET_001_07_tls_certificate_chain_valid
domains/VerifiedNetwork.v	448	Theorem	NET_001_08_tls_cipher_strength
domains/VerifiedNetwork.v	458	Theorem	NET_001_09_tls_no_truncation
domains/VerifiedNetwork.v	468	Theorem	NET_001_10_tls_channel_binding
domains/VerifiedNetwork.v	483	Theorem	NET_001_11_tcp_state_machine_correct
domains/VerifiedNetwork.v	497	Theorem	NET_001_12_tcp_seq_unpredictable
domains/VerifiedNetwork.v	507	Theorem	NET_001_13_tcp_no_injection
domains/VerifiedNetwork.v	522	Theorem	NET_001_14_tcp_flow_control_correct
domains/VerifiedNetwork.v	532	Theorem	NET_001_15_ip_frag_reassembly_safe
domains/VerifiedNetwork.v	545	Theorem	NET_001_16_ip_no_overlapping_fragments
domains/VerifiedNetwork.v	555	Theorem	NET_001_17_icmp_rate_limited
domains/VerifiedNetwork.v	565	Theorem	NET_001_18_ip_routing_correct
domains/VerifiedNetwork.v	575	Theorem	NET_001_19_dnssec_chain_valid
domains/VerifiedNetwork.v	595	Theorem	NET_001_20_dns_cache_safe
domains/VerifiedNetwork.v	608	Theorem	NET_001_21_dns_no_rebinding
domains/VerifiedNetwork.v	618	Theorem	NET_001_22_dns_query_integrity
domains/VerifiedNetwork.v	630	Theorem	NET_001_23_dns_response_authentic
domains/VerifiedNetwork.v	643	Theorem	NET_001_24_dns_no_amplification
domains/VerifiedNetwork.v	653	Theorem	NET_001_25_doh_confidential
domains/VerifiedNetworkStack.v	24	Lemma	andb_true_iff
domains/VerifiedNetworkStack.v	34	Lemma	orb_false_iff
domains/VerifiedNetworkStack.v	40	Lemma	negb_true_iff
domains/VerifiedNetworkStack.v	409	Theorem	NET_001
domains/VerifiedNetworkStack.v	415	Theorem	NET_002
domains/VerifiedNetworkStack.v	416	Theorem	NET_003
domains/VerifiedNetworkStack.v	417	Theorem	NET_004
domains/VerifiedNetworkStack.v	418	Theorem	NET_005
domains/VerifiedNetworkStack.v	419	Theorem	NET_006
domains/VerifiedNetworkStack.v	420	Theorem	NET_007
domains/VerifiedNetworkStack.v	421	Theorem	NET_008
domains/VerifiedNetworkStack.v	422	Theorem	NET_009
domains/VerifiedNetworkStack.v	423	Theorem	NET_010
domains/VerifiedNetworkStack.v	424	Theorem	NET_011
domains/VerifiedNetworkStack.v	425	Theorem	NET_012
domains/VerifiedNetworkStack.v	426	Theorem	NET_013
domains/VerifiedNetworkStack.v	427	Theorem	NET_014
domains/VerifiedNetworkStack.v	430	Theorem	NET_015
domains/VerifiedNetworkStack.v	436	Theorem	NET_016
domains/VerifiedNetworkStack.v	441	Theorem	NET_017
domains/VerifiedNetworkStack.v	444	Theorem	NET_018
domains/VerifiedNetworkStack.v	447	Theorem	NET_019
domains/VerifiedNetworkStack.v	453	Theorem	NET_020
domains/VerifiedNetworkStack.v	458	Theorem	NET_021
domains/VerifiedNetworkStack.v	461	Theorem	NET_022
domains/VerifiedNetworkStack.v	467	Theorem	NET_023
domains/VerifiedNetworkStack.v	473	Theorem	NET_024
domains/VerifiedNetworkStack.v	478	Theorem	NET_025
domains/VerifiedNetworkStack.v	481	Theorem	NET_026
domains/VerifiedNetworkStack.v	484	Theorem	NET_027
domains/VerifiedNetworkStack.v	487	Theorem	NET_028
domains/VerifiedNetworkStack.v	490	Theorem	NET_029
domains/VerifiedNetworkStack.v	493	Theorem	NET_030
domains/VerifiedNetworkStack.v	497	Theorem	NET_031
domains/VerifiedNetworkStack.v	501	Theorem	NET_032
domains/VerifiedNetworkStack.v	504	Theorem	NET_033
domains/VerifiedNetworkStack.v	507	Theorem	NET_034
domains/VerifiedNetworkStack.v	510	Theorem	NET_035_complete
domains/VerifiedNetworkStack.v	520	Theorem	TCP_001_state_eq_refl
domains/VerifiedNetworkStack.v	530	Theorem	TCP_002_state_eq_sym
domains/VerifiedNetworkStack.v	537	Theorem	TCP_003_state_decidable
domains/VerifiedNetworkStack.v	547	Theorem	TCP_004_closed_not_connected
domains/VerifiedNetworkStack.v	551	Theorem	TCP_005_listen_not_connected
domains/VerifiedNetworkStack.v	555	Theorem	TCP_006_established_is_connected
domains/VerifiedNetworkStack.v	559	Theorem	TCP_007_established_allows_data
domains/VerifiedNetworkStack.v	563	Theorem	TCP_008_syn_sent_no_data
domains/VerifiedNetworkStack.v	567	Theorem	TCP_009_closed_terminal
domains/VerifiedNetworkStack.v	571	Theorem	TCP_010_time_wait_terminal
domains/VerifiedNetworkStack.v	575	Theorem	TCP_011_established_not_terminal
domains/VerifiedNetworkStack.v	579	Theorem	TCP_012_data_implies_connection
domains/VerifiedNetworkStack.v	586	Theorem	TCP_013_terminal_cases
domains/VerifiedNetworkStack.v	593	Theorem	TCP_014_eleven_states
domains/VerifiedNetworkStack.v	611	Theorem	TCP_015_syn_only_setup
domains/VerifiedNetworkStack.v	618	Theorem	TCP_016_listen_syn_transition
domains/VerifiedNetworkStack.v	624	Theorem	TCP_017_syn_sent_synack_transition
domains/VerifiedNetworkStack.v	630	Theorem	TCP_018_syn_recv_ack_transition
domains/VerifiedNetworkStack.v	636	Theorem	TCP_019_established_fin_transition
domains/VerifiedNetworkStack.v	642	Theorem	TCP_020_last_ack_transition
domains/VerifiedNetworkStack.v	648	Theorem	PARSE_001_safe_read_sufficient
domains/VerifiedNetworkStack.v	662	Theorem	PARSE_002_safe_read_insufficient
domains/VerifiedNetworkStack.v	672	Theorem	PARSE_003_advance_preserves_capacity
domains/VerifiedNetworkStack.v	679	Theorem	PARSE_004_advance_increases_position
domains/VerifiedNetworkStack.v	686	Theorem	PARSE_005_tcp_min_header
domains/VerifiedNetworkStack.v	690	Theorem	PARSE_006_tcp_max_header
domains/VerifiedNetworkStack.v	694	Theorem	PARSE_007_ip_min_header
domains/VerifiedNetworkStack.v	698	Theorem	PARSE_008_eth_min_frame
domains/VerifiedNetworkStack.v	702	Theorem	PARSE_009_combined_min
domains/VerifiedNetworkStack.v	706	Theorem	PARSE_010_safe_read_monotonic
domains/VerifiedNetworkStack.v	718	Theorem	PARSE_011_empty_buffer_zero_read
domains/VerifiedNetworkStack.v	723	Theorem	PARSE_012_at_capacity_no_read
domains/VerifiedNetworkStack.v	731	Theorem	PARSE_013_safe_write_eq_read
domains/VerifiedNetworkStack.v	738	Theorem	PARSE_014_advance_compose
domains/VerifiedNetworkStack.v	746	Theorem	PARSE_015_advance_preserves_data
domains/VerifiedNetworkStack.v	753	Theorem	CONG_001_initial_cwnd
domains/VerifiedNetworkStack.v	762	Theorem	CONG_002_initial_ssthresh
domains/VerifiedNetworkStack.v	767	Theorem	CONG_003_exclusive_phases
domains/VerifiedNetworkStack.v	776	Theorem	CONG_004_cong_avoid_not_slow
domains/VerifiedNetworkStack.v	785	Theorem	CONG_005_aimd_decrease_halves
domains/VerifiedNetworkStack.v	797	Theorem	CONG_006_aimd_decrease_ssthresh
domains/VerifiedNetworkStack.v	804	Theorem	CONG_007_aimd_decrease_rtt
domains/VerifiedNetworkStack.v	811	Theorem	CONG_008_aimd_decrease_rto
domains/VerifiedNetworkStack.v	818	Theorem	CONG_009_slow_start_increase
domains/VerifiedNetworkStack.v	826	Theorem	CONG_010_increase_ssthresh
domains/VerifiedNetworkStack.v	834	Theorem	CONG_011_fast_retransmit_thresh
domains/VerifiedNetworkStack.v	838	Theorem	CONG_012_decrease_phase
domains/VerifiedNetworkStack.v	848	Theorem	CONG_013_min_cwnd_after_decrease
domains/VerifiedNetworkStack.v	855	Theorem	CONG_014_increase_rto
domains/VerifiedNetworkStack.v	863	Theorem	CONG_015_initial_slow_start
domains/VerifiedNetworkStack.v	871	Theorem	HS_001_make_syn_flag
domains/VerifiedNetworkStack.v	880	Theorem	HS_002_make_syn_no_ack
domains/VerifiedNetworkStack.v	885	Theorem	HS_003_make_synack_flags
domains/VerifiedNetworkStack.v	891	Theorem	HS_004_make_ack_flags
domains/VerifiedNetworkStack.v	897	Theorem	HS_005_init_not_complete
domains/VerifiedNetworkStack.v	902	Theorem	HS_006_complete_step
domains/VerifiedNetworkStack.v	907	Theorem	HS_007_syn_preserves_isn
domains/VerifiedNetworkStack.v	912	Theorem	HS_008_synack_ack_num
domains/VerifiedNetworkStack.v	917	Theorem	HS_009_ack_ack_num
domains/VerifiedNetworkStack.v	922	Theorem	HS_010_syn_zero_data
domains/VerifiedNetworkStack.v	927	Theorem	SEQ_001_seq_space
domains/VerifiedNetworkStack.v	935	Lemma	SEQ_SPACE_neq_0
domains/VerifiedNetworkStack.v	939	Lemma	SEQ_SPACE_pos
domains/VerifiedNetworkStack.v	945	Theorem	SEQ_002_seq_le_refl
domains/VerifiedNetworkStack.v	953	Theorem	SEQ_003_next_seq_advance
domains/VerifiedNetworkStack.v	964	Theorem	SEQ_004_seq_in_window_start
domains/VerifiedNetworkStack.v	982	Theorem	SEQ_005_valid_ack_equal
domains/VerifiedNetworkStack.v	991	Theorem	SEQ_006_seq_gt_def
domains/VerifiedNetworkStack.v	998	Theorem	SEQ_007_seq_ge_def
domains/VerifiedNetworkStack.v	1005	Theorem	SEQ_008_next_seq_zero
domains/VerifiedNetworkStack.v	1014	Theorem	SEQ_009_seq_mod
domains/VerifiedNetworkStack.v	1022	Theorem	SEQ_010_seq_le_zero
domains/VerifiedNetworkStack.v	1026	Theorem	SOCK_001_new_socket_unbound
domains/VerifiedNetworkStack.v	1035	Theorem	SOCK_002_new_socket_no_local
domains/VerifiedNetworkStack.v	1040	Theorem	SOCK_003_new_socket_no_remote
domains/VerifiedNetworkStack.v	1045	Theorem	SOCK_004_new_socket_closed
domains/VerifiedNetworkStack.v	1050	Theorem	SOCK_005_sock_state_eq_refl
domains/VerifiedNetworkStack.v	1057	Theorem	SOCK_006_unbound_cannot_send
domains/VerifiedNetworkStack.v	1065	Theorem	SOCK_007_unbound_cannot_recv
domains/VerifiedNetworkStack.v	1073	Theorem	SOCK_008_new_socket_cannot_send
domains/VerifiedNetworkStack.v	1078	Theorem	SOCK_009_new_socket_cannot_recv
domains/VerifiedNetworkStack.v	1083	Theorem	SOCK_010_default_no_reuse
domains/VerifiedNetworkStack.v	1088	Theorem	TCP_021_fin_wait1_fin_ack
domains/VerifiedNetworkStack.v	1098	Theorem	TCP_022_fin_wait1_fin_only
domains/VerifiedNetworkStack.v	1104	Theorem	TCP_023_fin_wait1_ack_only
domains/VerifiedNetworkStack.v	1110	Theorem	TCP_024_fin_wait2_fin
domains/VerifiedNetworkStack.v	1116	Theorem	TCP_025_closing_ack
domains/VerifiedNetworkStack.v	1122	Theorem	TCP_026_time_wait_stable
domains/VerifiedNetworkStack.v	1127	Theorem	TCP_027_close_wait_stable
domains/VerifiedNetworkStack.v	1132	Theorem	TCP_028_syn_recv_rst
domains/VerifiedNetworkStack.v	1138	Theorem	TCP_029_connection_subset
domains/VerifiedNetworkStack.v	1146	Theorem	TCP_030_established_data_stable
domains/VerifiedNetworkStack.v	1152	Theorem	COMP_001_verified_security
domains/VerifiedNetworkStack.v	1172	Theorem	COMP_002_verified_reliability
domains/VerifiedNetworkStack.v	1194	Theorem	COMP_003_handshake_valid
domains/VerifiedNetworkStack.v	1201	Theorem	COMP_004_established_data_transfer
domains/VerifiedNetworkStack.v	1209	Theorem	COMP_005_cong_fairness
domains/VerifiedNetworkStack.v	1218	Theorem	COMP_006_tcp_parse_safety
domains/VerifiedNetworkStack.v	1227	Theorem	COMP_007_frame_parse_safety
domains/VerifiedNetworkStack.v	1237	Theorem	COMP_008_riina_complete
domains/VerifiedNetworkStack.v	1251	Theorem	COMP_009_tcp_deterministic
domains/VerifiedNetworkStack.v	1258	Theorem	COMP_010_seq_wraparound
domains/VerifiedProtocols.v	52	Lemma	hkdf_deterministic
domains/VerifiedProtocols.v	557	Theorem	AH_001_01_protocol_specification
domains/VerifiedProtocols.v	573	Theorem	AH_001_02_implementation_matches_spec
domains/VerifiedProtocols.v	583	Theorem	AH_001_03_trace_valid
domains/VerifiedProtocols.v	592	Theorem	AH_001_04_security_goals_satisfied
domains/VerifiedProtocols.v	603	Theorem	AH_001_05_protocol_composition
domains/VerifiedProtocols.v	617	Theorem	AH_001_06_proverif_verified
domains/VerifiedProtocols.v	630	Theorem	AH_001_07_protocol_deterministic
domains/VerifiedProtocols.v	642	Theorem	AH_001_08_tls13_confidentiality
domains/VerifiedProtocols.v	657	Theorem	AH_001_09_tls13_authentication
domains/VerifiedProtocols.v	667	Theorem	AH_001_10_tls13_forward_secrecy
domains/VerifiedProtocols.v	680	Theorem	AH_001_11_tls13_handshake_correct
domains/VerifiedProtocols.v	689	Theorem	AH_001_12_tls13_key_derivation
domains/VerifiedProtocols.v	697	Theorem	AH_001_13_tls13_certificate_verify
domains/VerifiedProtocols.v	712	Theorem	AH_001_14_tls13_finished_verify
domains/VerifiedProtocols.v	730	Theorem	AH_001_15_tls13_record_layer
domains/VerifiedProtocols.v	739	Theorem	AH_001_16_tls13_no_downgrade
domains/VerifiedProtocols.v	748	Theorem	AH_001_17_noise_pattern_correct
domains/VerifiedProtocols.v	763	Theorem	AH_001_18_noise_handshake_correct
domains/VerifiedProtocols.v	774	Theorem	AH_001_19_noise_key_confirmation
domains/VerifiedProtocols.v	791	Theorem	AH_001_20_noise_identity_hiding
domains/VerifiedProtocols.v	805	Theorem	AH_001_21_noise_payload_encrypt
domains/VerifiedProtocols.v	816	Theorem	AH_001_22_noise_rekey_correct
domains/VerifiedProtocols.v	832	Theorem	AH_001_23_noise_composition
domains/VerifiedProtocols.v	844	Theorem	AH_001_24_signal_double_ratchet
domains/VerifiedProtocols.v	861	Theorem	AH_001_25_signal_forward_secrecy
domains/VerifiedProtocols.v	873	Theorem	AH_001_26_signal_break_in_recovery
domains/VerifiedProtocols.v	885	Theorem	AH_001_27_signal_out_of_order
domains/VerifiedProtocols.v	895	Theorem	AH_001_28_signal_x3dh_correct
domains/VerifiedProtocols.v	916	Theorem	AH_001_29_signal_session_correct
domains/VerifiedProtocols.v	927	Theorem	AH_001_30_no_replay
domains/VerifiedProtocols.v	943	Theorem	AH_001_31_no_reflection
domains/VerifiedProtocols.v	953	Theorem	AH_001_32_no_mitm
domains/VerifiedProtocols.v	964	Theorem	AH_001_33_key_material_secret
domains/VerifiedProtocols.v	975	Theorem	AH_001_34_randomness_fresh
domains/VerifiedProtocols.v	985	Theorem	AH_001_35_timing_resistant
domains/VerifiedProtocols.v	1042	Theorem	verification_complete
domains/VerifiedRuntime.v	224	Lemma	mem_update_same
domains/VerifiedRuntime.v	234	Lemma	mem_update_diff
domains/VerifiedRuntime.v	243	Lemma	andb_true_iff
domains/VerifiedRuntime.v	250	Theorem	RT_001_01_alloc_safe
domains/VerifiedRuntime.v	276	Theorem	RT_001_02_alloc_no_overlap
domains/VerifiedRuntime.v	294	Theorem	RT_001_03_free_correct
domains/VerifiedRuntime.v	307	Theorem	RT_001_04_no_use_after_free
domains/VerifiedRuntime.v	321	Theorem	RT_001_05_no_double_free
domains/VerifiedRuntime.v	333	Theorem	RT_001_06_alloc_alignment
domains/VerifiedRuntime.v	346	Theorem	RT_001_07_heap_integrity
domains/VerifiedRuntime.v	362	Theorem	RT_001_08_alloc_bounded
domains/VerifiedRuntime.v	375	Theorem	RT_001_09_gc_preserves_live
domains/VerifiedRuntime.v	397	Theorem	RT_001_10_gc_collects_dead
domains/VerifiedRuntime.v	417	Theorem	RT_001_11_gc_roots_complete
domains/VerifiedRuntime.v	424	Theorem	RT_001_12_gc_pause_bound
domains/VerifiedRuntime.v	431	Theorem	RT_001_13_gc_memory_bound
domains/VerifiedRuntime.v	438	Theorem	RT_001_14_finalizer_safe
domains/VerifiedRuntime.v	447	Theorem	RT_001_15_gc_progress
domains/VerifiedRuntime.v	457	Theorem	RT_001_16_sandbox_memory_isolated
domains/VerifiedRuntime.v	475	Theorem	RT_001_17_sandbox_cap_isolated
domains/VerifiedRuntime.v	489	Theorem	RT_001_18_sandbox_resource_limited
domains/VerifiedRuntime.v	499	Theorem	RT_001_19_sandbox_terminable
domains/VerifiedRuntime.v	510	Theorem	RT_001_20_sandbox_comm_controlled
domains/VerifiedUI.v	275	Lemma	filter_preserves_property
domains/VerifiedUI.v	293	Lemma	forall_filter_subset
domains/VerifiedUI.v	304	Lemma	find_topmost_in_list
domains/VerifiedUI.v	329	Lemma	is_visible_implies_visible
domains/VerifiedUI.v	338	Lemma	is_visible_implies_opacity
domains/VerifiedUI.v	347	Theorem	UX_001_01_wysiwyk
domains/VerifiedUI.v	393	Lemma	find_topmost_geq_current
domains/VerifiedUI.v	411	Lemma	find_topmost_max_z
domains/VerifiedUI.v	448	Theorem	UX_001_02_z_order_integrity
domains/VerifiedUI.v	465	Theorem	UX_001_03_no_invisible_overlay
domains/VerifiedUI.v	478	Theorem	UX_001_04_visual_consistency
domains/VerifiedUI.v	496	Theorem	UX_001_05_layout_deterministic
domains/VerifiedUI.v	507	Theorem	UX_001_06_origin_indicator_correct
domains/VerifiedUI.v	522	Theorem	UX_001_07_cert_indicator_correct
domains/VerifiedUI.v	539	Theorem	UX_001_08_no_url_spoof
domains/VerifiedUI.v	565	Theorem	UX_001_09_frame_ancestry_correct
domains/VerifiedUI.v	579	Theorem	UX_001_10_tab_integrity
domains/VerifiedUI.v	590	Theorem	UX_001_11_consent_explicit
domains/VerifiedUI.v	612	Theorem	UX_001_12_consent_revocable
domains/VerifiedUI.v	626	Theorem	UX_001_13_no_confirmshaming
domains/VerifiedUI.v	639	Theorem	UX_001_14_no_hidden_costs
domains/VerifiedUI.v	650	Theorem	UX_001_15_equal_option_presentation
domains/VerifiedUI.v	715	Lemma	firstn_length_le
domains/VerifiedUI.v	727	Lemma	filter_all_true
domains/VerifiedUI.v	739	Lemma	firstn_forall
domains/VerifiedUI.v	753	Lemma	filter_length_le
domains/VerifiedUI.v	763	Lemma	firstn_length_le2
domains/VerifiedUI.v	775	Theorem	UX_002_01_input_length_bounded
domains/VerifiedUI.v	790	Theorem	UX_002_02_xss_injection_impossible
domains/VerifiedUI.v	807	Theorem	UX_002_03_sql_injection_impossible
domains/VerifiedUI.v	824	Lemma	filter_id_forall
domains/VerifiedUI.v	835	Lemma	firstn_all_le
domains/VerifiedUI.v	847	Theorem	UX_002_04_input_idempotent
domains/VerifiedUI.v	861	Theorem	UX_002_05_empty_input_safe
domains/VerifiedUI.v	876	Theorem	UX_002_06_sanitize_preserves_safe
domains/VerifiedUI.v	887	Theorem	UX_002_07_sanitized_flag_set
domains/VerifiedUI.v	897	Theorem	UX_002_08_sanitize_never_increases
domains/VerifiedUI.v	965	Theorem	UX_003_01_focus_always_visible
domains/VerifiedUI.v	989	Theorem	UX_003_02_focus_order_deterministic
domains/VerifiedUI.v	1002	Theorem	UX_003_03_focus_wraps_around
domains/VerifiedUI.v	1021	Theorem	UX_003_04_focus_trap_in_modal
domains/VerifiedUI.v	1034	Theorem	UX_003_05_no_focus_outside_bounds
domains/VerifiedUI.v	1050	Theorem	UX_003_06_focus_moves_forward
domains/VerifiedUI.v	1117	Theorem	UX_004_01_wcag_aa_contrast
domains/VerifiedUI.v	1127	Theorem	UX_004_02_wcag_aaa_contrast
domains/VerifiedUI.v	1137	Theorem	UX_004_03_large_text_relaxed
domains/VerifiedUI.v	1147	Theorem	UX_004_04_contrast_symmetric
domains/VerifiedUI.v	1158	Theorem	UX_004_05_same_color_min_contrast
domains/VerifiedUI.v	1170	Theorem	UX_004_06_black_white_max
domains/VerifiedUI.v	1177	Theorem	UX_004_07_aa_implies_large_text
domains/VerifiedUI.v	1248	Theorem	UX_005_01_breakpoint_deterministic
domains/VerifiedUI.v	1259	Theorem	UX_005_02_elements_fit_viewport
domains/VerifiedUI.v	1273	Theorem	UX_005_03_no_horizontal_scroll
domains/VerifiedUI.v	1285	Theorem	UX_005_04_touch_targets_minimum_size
domains/VerifiedUI.v	1299	Theorem	UX_005_05_text_readable_at_breakpoint
domains/VerifiedUI.v	1317	Theorem	UX_005_06_layout_stable_on_resize
domains/VerifiedUI.v	1327	Theorem	UX_005_07_breakpoint_boundaries
domains/VerifiedUI.v	1419	Theorem	UX_006_01_error_always_visible
domains/VerifiedUI.v	1430	Theorem	UX_006_02_error_persists_until_acknowledged
domains/VerifiedUI.v	1443	Theorem	UX_006_03_error_message_matches_severity
domains/VerifiedUI.v	1458	Theorem	UX_006_04_no_silent_failure
domains/VerifiedUI.v	1469	Theorem	UX_006_05_error_recoverable
domains/VerifiedUI.v	1480	Theorem	UX_006_06_error_message_honest
domains/VerifiedUI.v	1490	Theorem	UX_006_07_warning_style_for_errors
domains/VerifiedUI.v	1505	Theorem	UX_006_08_severity_level_monotonic
domains/VerifiedUI.v	1514	Theorem	UX_006_09_info_style_normal
domains/VerifiedUI.v	1529	Theorem	UX_007_01_sanitized_input_in_verified_ui
domains/VerifiedUI.v	1551	Theorem	UX_007_02_accessible_error_in_responsive
domains/W001_VerifiedMemory.v	258	Theorem	W_001_01_sep_emp_neutral
domains/W001_VerifiedMemory.v	279	Theorem	W_001_02_sep_comm
domains/W001_VerifiedMemory.v	304	Theorem	W_001_03_sep_assoc
domains/W001_VerifiedMemory.v	331	Theorem	W_001_04_sep_frame
domains/W001_VerifiedMemory.v	343	Theorem	W_001_05_points_to_exclusive
domains/W001_VerifiedMemory.v	356	Theorem	W_001_06_points_to_deterministic
domains/W001_VerifiedMemory.v	371	Theorem	W_001_07_sep_disjoint
domains/W001_VerifiedMemory.v	381	Theorem	W_001_08_precise_unique
domains/W001_VerifiedMemory.v	396	Theorem	W_001_09_sep_monotonic
domains/W001_VerifiedMemory.v	406	Theorem	W_001_10_hoare_triple_sound
domains/W001_VerifiedMemory.v	416	Theorem	W_001_11_alloc_fresh
domains/W001_VerifiedMemory.v	429	Theorem	W_001_12_alloc_disjoint
domains/W001_VerifiedMemory.v	447	Theorem	W_001_13_alloc_sized
domains/W001_VerifiedMemory.v	456	Theorem	W_001_14_free_reclaims
domains/W001_VerifiedMemory.v	464	Theorem	W_001_15_free_idempotent
domains/W001_VerifiedMemory.v	474	Theorem	W_001_16_no_use_after_free
domains/W001_VerifiedMemory.v	482	Theorem	W_001_17_no_double_free
domains/W001_VerifiedMemory.v	491	Theorem	W_001_18_allocator_invariant
domains/W001_VerifiedMemory.v	508	Theorem	W_001_19_buddy_split_correct
domains/W001_VerifiedMemory.v	518	Theorem	W_001_20_buddy_merge_correct
domains/W001_VerifiedMemory.v	527	Theorem	W_001_21_bounds_checked
domains/W001_VerifiedMemory.v	543	Theorem	W_001_22_no_buffer_overflow
domains/W001_VerifiedMemory.v	553	Theorem	W_001_23_no_buffer_underflow
domains/W001_VerifiedMemory.v	563	Theorem	W_001_24_no_null_deref
domains/W001_VerifiedMemory.v	573	Theorem	W_001_25_no_wild_pointer
domains/W001_VerifiedMemory.v	584	Theorem	W_001_26_type_safe_access
domains/W001_VerifiedMemory.v	593	Theorem	W_001_27_alignment_correct
domains/W001_VerifiedMemory.v	603	Theorem	W_001_28_initialization_complete
domains/W001_VerifiedMemory.v	612	Theorem	W_001_29_lifetime_respected
domains/W001_VerifiedMemory.v	621	Theorem	W_001_30_no_memory_leak
domains/W001_VerifiedMemory.v	631	Theorem	W_001_31_ownership_unique
domains/W001_VerifiedMemory.v	644	Theorem	W_001_32_borrow_temporal
domains/W001_VerifiedMemory.v	653	Theorem	W_001_33_borrow_no_write
domains/W001_VerifiedMemory.v	662	Theorem	W_001_34_mutable_exclusive
domains/W001_VerifiedMemory.v	671	Theorem	W_001_35_region_isolated
domains/W001_VerifiedMemory.v	681	Theorem	W_001_35_region_isolated
domains/W001_VerifiedMemory.v	691	Theorem	W_001_36_region_bulk_free
domains/W001_VerifiedMemory.v	700	Theorem	W_001_37_region_deterministic
domains/W001_VerifiedMemory.v	707	Theorem	W_001_38_ownership_transfer
domains/W001_VerifiedMemory.v	716	Theorem	W_001_39_ownership_split
domains/W001_VerifiedMemory.v	733	Theorem	W_001_40_ownership_join
domains/WCETBounds.v	32	Lemma	default_hw_wellformed
domains/WCETBounds.v	123	Lemma	cache_latency_bound
domains/WCETBounds.v	135	Lemma	branch_cost_bound
domains/WCETBounds.v	143	Lemma	max_lub
domains/WCETBounds.v	149	Lemma	le_max_l
domains/WCETBounds.v	154	Lemma	le_max_r
domains/WCETBounds.v	159	Theorem	PERF_001_01_constant_time_bound
domains/WCETBounds.v	176	Theorem	PERF_001_02_seq_composition_bound
domains/WCETBounds.v	188	Theorem	PERF_001_03_branch_bound
domains/WCETBounds.v	201	Theorem	PERF_001_03_branch_exact
domains/WCETBounds.v	209	Theorem	PERF_001_04_loop_bound
domains/WCETBounds.v	221	Theorem	PERF_001_04_loop_lower_bound
domains/WCETBounds.v	229	Theorem	PERF_001_05_call_bound
domains/WCETBounds.v	241	Theorem	PERF_001_05_call_overhead_included
domains/WCETBounds.v	261	Theorem	PERF_001_06_recursion_depth_bound
domains/WCETBounds.v	276	Theorem	PERF_001_07_memory_access_bound
domains/WCETBounds.v	289	Theorem	PERF_001_07_memory_actual_bound
domains/WCETBounds.v	301	Theorem	PERF_001_08_pipeline_stall_bound
domains/WCETBounds.v	318	Theorem	PERF_001_08_pipeline_conservative
domains/WCETBounds.v	334	Theorem	PERF_001_09_critical_section_bound
domains/WCETBounds.v	344	Theorem	PERF_001_09_no_preemption_additive
domains/WCETBounds.v	367	Theorem	PERF_001_10_dma_transfer_bound
domains/WCETBounds.v	375	Theorem	PERF_001_10_dma_size_scaling
domains/WCETBounds.v	408	Theorem	PERF_001_11_cache_abstraction_sound
domains/WCETBounds.v	426	Theorem	PERF_001_11_may_analysis_safe
domains/WCETBounds.v	435	Theorem	PERF_001_12_wcet_monotonicity_loop
domains/WCETBounds.v	451	Theorem	PERF_001_12_wcet_monotonicity_recursion
domains/WCETBounds.v	475	Theorem	PERF_001_13_parallel_wcet_bound
domains/WCETBounds.v	485	Theorem	PERF_001_13_parallel_wcet_tight
domains/WCETBounds.v	500	Theorem	PERF_001_13_parallel_list_bound
domains/WCETBounds.v	517	Theorem	PERF_001_14_safe_wcet_margin
domains/WCETBounds.v	565	Theorem	PERF_001_14_margin_nonnegative
domains/WCETBounds.v	592	Theorem	PERF_001_15_schedulability_check
domains/WCETBounds.v	600	Theorem	PERF_001_15_utilization_monotonic
domains/WCETBounds.v	608	Theorem	PERF_001_15_empty_schedulable
domains/WCETBounds.v	615	Theorem	PERF_001_15_single_task_schedulable
domains/WCETBounds.v	625	Theorem	PERF_001_15_deadline_feasibility
domains/WCETBounds.v	638	Theorem	PERF_001_15_response_time_valid
domains/WCETBounds.v	646	Theorem	WCET_bounds_soundness
domains/WCETTypes.v	67	Theorem	wcet_positive
domains/WCETTypes.v	73	Theorem	cost_positive
domains/WCETTypes.v	80	Theorem	wcet_sound
domains/WCETTypes.v	91	Theorem	wcet_seq_composition
domains/WCETTypes.v	100	Theorem	wcet_seq_additive
domains/WCETTypes.v	107	Theorem	wcet_if_max
domains/WCETTypes.v	114	Theorem	eval_deterministic
domains/WCETTypes.v	137	Theorem	wcet_nested_if_bound
domains/WCETTypes.v	147	Theorem	wcet_plus_bound
domains/WCETTypes.v	154	Theorem	cost_const
domains/WCETTypes.v	161	Theorem	cost_var
domains/WCETTypes.v	168	Theorem	const_eval_value
domains/WCETTypes.v	175	Theorem	wcet_plus_mono_l
domains/WCETTypes.v	182	Theorem	wcet_plus_mono_r
domains/WCETTypes.v	189	Theorem	seq_cost_sum
domains/WCETTypes.v	200	Theorem	cost_plus_at_least_3
domains/WCETTypes.v	210	Theorem	wcet_nested_seq
domains/WCETTypes.v	218	Theorem	wcet_plus_at_least_3
domains/WCETTypes.v	228	Theorem	cost_nonzero
domains/WCETTypes.v	235	Theorem	wcet_if_ge_cond
domains/WCETTypes.v	242	Theorem	wcet_seq_ge_right
domains/WCETTypes.v	249	Theorem	wcet_seq_ge_left
domains/WasmBackendVerification.v	175	Lemma	wasm_eval_const
domains/WasmBackendVerification.v	186	Lemma	wasm_eval_add
domains/WasmBackendVerification.v	192	Lemma	wasm_eval_mul
domains/WasmBackendVerification.v	198	Theorem	wasm_001_const_preservation
domains/WasmBackendVerification.v	220	Theorem	wasm_002_ni_preservation
domains/WasmBackendVerification.v	232	Theorem	wasm_002_memory_separation
domains/WasmBackendVerification.v	264	Theorem	wasm_003_effect_preservation
domains/WasmBackendVerification.v	270	Theorem	wasm_003_io_self_safe
domains/WasmBackendVerification.v	288	Theorem	wasm_004_int_type_preserved
domains/WasmBackendVerification.v	294	Theorem	wasm_004_add_type_preserved
domains/WasmBackendVerification.v	300	Theorem	wasm_004_bool_type_preserved
domains/WasmBackendVerification.v	327	Theorem	wasm_005_disjoint_regions
domains/WasmBackendVerification.v	336	Theorem	wasm_005_public_cannot_access_secret
domains/WasmBackendVerification.v	371	Theorem	wasm_006_string_const_produces_ptr
domains/WasmBackendVerification.v	377	Theorem	wasm_006_string_ptr_is_i32
domains/WasmBackendVerification.v	383	Theorem	wasm_006_string_dedup
domains/WasmBackendVerification.v	407	Theorem	wasm_007_closure_layout
domains/WasmBackendVerification.v	418	Theorem	wasm_007_closure_no_overlap
domains/WasmBackendVerification.v	426	Theorem	wasm_007_closure_func_idx_recoverable
domains/WasmBackendVerification.v	459	Theorem	wasm_008_pair_offsets_disjoint
domains/WasmBackendVerification.v	465	Theorem	wasm_008_pair_fits_in_region
domains/WasmBackendVerification.v	475	Theorem	wasm_008_sum_tag_determines_branch
domains/WasmBackendVerification.v	482	Theorem	wasm_008_sum_fits_in_region
domains/WasmBackendVerification.v	488	Theorem	wasm_008_pairs_disjoint
domains/WasmBackendVerification.v	513	Theorem	wasm_009_alloc_returns_current
domains/WasmBackendVerification.v	523	Theorem	wasm_009_alloc_advances_ptr
domains/WasmBackendVerification.v	533	Theorem	wasm_009_alloc_preserves_limit
domains/WasmBackendVerification.v	543	Theorem	wasm_009_sequential_alloc_disjoint
domains/WasmBackendVerification.v	557	Theorem	wasm_009_alloc_oom
domains/WasmBackendVerification.v	568	Theorem	wasm_010_compile_ir_total
domains/WasmBackendVerification.v	580	Theorem	wasm_010_const_translates
domains/WasmBackendVerification.v	587	Theorem	wasm_010_var_translates
domains/WasmBackendVerification.v	593	Theorem	wasm_010_add_translates
domains/WasmBackendVerification.v	599	Theorem	wasm_010_mul_translates
domains/WasmBackendVerification.v	605	Theorem	wasm_010_call_translates
domains/WasmBackendVerification.v	611	Theorem	wasm_010_let_translates
domains/WasmBackendVerification.v	617	Theorem	wasm_010_if_translates
domains/WasmBackendVerification.v	623	Theorem	wasm_010_load_translates
domains/WasmBackendVerification.v	629	Theorem	wasm_010_store_translates
domains/WasmBackendVerification.v	635	Lemma	app_ne_nil_r
domains/WasmBackendVerification.v	645	Lemma	singleton_ne_nil
domains/WasmBackendVerification.v	652	Lemma	cons_ne_nil
domains/WasmBackendVerification.v	659	Theorem	wasm_010_completeness
domains/WebSecurity.v	99	Theorem	web_001_reflected_xss_impossible
domains/WebSecurity.v	113	Theorem	web_002_stored_xss_impossible
domains/WebSecurity.v	130	Theorem	web_003_dom_xss_impossible
domains/WebSecurity.v	139	Theorem	web_004_csrf_impossible
domains/WebSecurity.v	155	Theorem	web_005_ssrf_impossible
domains/WebSecurity.v	165	Theorem	web_006_clickjacking_impossible
domains/WebSecurity.v	175	Theorem	web_007_open_redirect_impossible
domains/WebSecurity.v	191	Theorem	web_008_http_smuggling_impossible
domains/WebSecurity.v	206	Theorem	web_009_cache_poisoning_impossible
domains/WebSecurity.v	215	Theorem	web_010_session_hijacking_mitigated
domains/WebSecurity.v	230	Theorem	web_011_session_fixation_impossible
domains/WebSecurity.v	238	Theorem	web_012_cookie_attacks_mitigated
domains/WebSecurity.v	252	Theorem	web_013_path_traversal_impossible
domains/WebSecurity.v	261	Theorem	web_014_lfi_impossible
domains/WebSecurity.v	271	Theorem	web_015_rfi_impossible
domains/WebSecurity.v	280	Theorem	web_016_prototype_pollution_impossible
domains/WebSecurity.v	296	Theorem	web_017_deserialization_safe
domains/WebSecurity.v	305	Theorem	web_018_http_response_split_impossible
domains/WebSecurity.v	315	Theorem	web_019_parameter_pollution_mitigated
domains/WebSecurity.v	326	Theorem	web_020_mass_assignment_impossible
domains/WebSecurity.v	338	Theorem	web_021_idor_mitigated
domains/WebSecurity.v	354	Theorem	web_022_verb_tampering_mitigated
domains/WebSecurity.v	369	Theorem	web_023_host_header_attack_mitigated
domains/WebSecurity.v	378	Theorem	web_024_web_cache_deception_mitigated
domains/WebSecurity.v	395	Theorem	web_025_graphql_attacks_mitigated
domains/X001_ConcurrencyModel.v	314	Theorem	X_001_01_shared_xor_mutable
domains/X001_ConcurrencyModel.v	331	Theorem	X_001_02_ownership_exclusive
domains/X001_ConcurrencyModel.v	344	Theorem	X_001_03_no_concurrent_write
domains/X001_ConcurrencyModel.v	356	Theorem	X_001_04_no_write_during_read
domains/X001_ConcurrencyModel.v	371	Theorem	X_001_05_race_freedom
domains/X001_ConcurrencyModel.v	382	Theorem	X_001_06_race_freedom_composition
domains/X001_ConcurrencyModel.v	395	Theorem	X_001_07_atomic_operations
domains/X001_ConcurrencyModel.v	403	Theorem	X_001_08_lock_protects
domains/X001_ConcurrencyModel.v	415	Theorem	X_001_09_session_type_dual
domains/X001_ConcurrencyModel.v	435	Theorem	X_001_09b_dual_send_recv
domains/X001_ConcurrencyModel.v	443	Theorem	X_001_09c_dual_compose
domains/X001_ConcurrencyModel.v	450	Theorem	X_001_10_session_fidelity
domains/X001_ConcurrencyModel.v	459	Theorem	X_001_11_session_progress
domains/X001_ConcurrencyModel.v	469	Theorem	X_001_12_session_safety
domains/X001_ConcurrencyModel.v	479	Theorem	X_001_13_channel_linear
domains/X001_ConcurrencyModel.v	488	Theorem	X_001_14_no_channel_reuse
domains/X001_ConcurrencyModel.v	496	Theorem	X_001_15_send_recv_match
domains/X001_ConcurrencyModel.v	504	Theorem	X_001_16_select_offer_match
domains/X001_ConcurrencyModel.v	512	Theorem	X_001_17_session_composition
domains/X001_ConcurrencyModel.v	522	Theorem	X_001_17b_dual_base_involutive
domains/X001_ConcurrencyModel.v	532	Theorem	X_001_17c_dual_chain
domains/X001_ConcurrencyModel.v	541	Theorem	X_001_18_no_circular_wait
domains/X001_ConcurrencyModel.v	562	Theorem	X_001_19_lock_ordering
domains/X001_ConcurrencyModel.v	572	Theorem	X_001_20_session_deadlock_free
domains/X001_ConcurrencyModel.v	588	Theorem	X_001_21_resource_ordering
domains/X001_ConcurrencyModel.v	597	Theorem	X_001_22_timeout_prevents_deadlock
domains/X001_ConcurrencyModel.v	606	Theorem	X_001_23_deadlock_detection
domains/X001_ConcurrencyModel.v	622	Theorem	X_001_24_livelock_freedom
domains/X001_ConcurrencyModel.v	631	Theorem	X_001_25_starvation_freedom
domains/X001_ConcurrencyModel.v	640	Theorem	X_001_26_mutex_correct
domains/X001_ConcurrencyModel.v	656	Theorem	X_001_27_rwlock_correct
domains/X001_ConcurrencyModel.v	665	Theorem	X_001_28_barrier_correct
domains/X001_ConcurrencyModel.v	674	Theorem	X_001_29_semaphore_correct
domains/X001_ConcurrencyModel.v	684	Theorem	X_001_29_semaphore_correct
domains/X001_ConcurrencyModel.v	692	Theorem	X_001_30_condvar_correct
domains/X001_ConcurrencyModel.v	700	Theorem	X_001_31_global_type_projectable
domains/X001_ConcurrencyModel.v	712	Theorem	X_001_32_multiparty_safety
domains/X001_ConcurrencyModel.v	722	Theorem	X_001_33_multiparty_progress
domains/X001_ConcurrencyModel.v	735	Theorem	X_001_34_role_conformance
domains/X001_ConcurrencyModel.v	744	Theorem	X_001_35_multiparty_composition
domains/XSSPrevention.v	26	Lemma	andb_true_iff
domains/XSSPrevention.v	36	Lemma	andb_false_iff
domains/XSSPrevention.v	43	Lemma	orb_true_iff
domains/XSSPrevention.v	50	Lemma	negb_true_iff
domains/XSSPrevention.v	55	Lemma	forallb_true
domains/XSSPrevention.v	196	Theorem	XSS_001
domains/XSSPrevention.v	202	Theorem	XSS_002
domains/XSSPrevention.v	203	Theorem	XSS_003
domains/XSSPrevention.v	204	Theorem	XSS_004
domains/XSSPrevention.v	205	Theorem	XSS_005
domains/XSSPrevention.v	206	Theorem	XSS_006
domains/XSSPrevention.v	207	Theorem	XSS_007
domains/XSSPrevention.v	208	Theorem	XSS_008
domains/XSSPrevention.v	209	Theorem	XSS_009
domains/XSSPrevention.v	212	Theorem	XSS_010
domains/XSSPrevention.v	218	Theorem	XSS_011
domains/XSSPrevention.v	221	Theorem	XSS_012
domains/XSSPrevention.v	224	Theorem	XSS_013
domains/XSSPrevention.v	229	Theorem	XSS_014
domains/XSSPrevention.v	234	Theorem	XSS_015
domains/XSSPrevention.v	237	Theorem	XSS_016
domains/XSSPrevention.v	240	Theorem	XSS_017
domains/XSSPrevention.v	243	Theorem	XSS_018
domains/XSSPrevention.v	246	Theorem	XSS_019
domains/XSSPrevention.v	249	Theorem	XSS_020
domains/XSSPrevention.v	252	Theorem	XSS_021
domains/XSSPrevention.v	255	Theorem	XSS_022
domains/XSSPrevention.v	258	Theorem	XSS_023
domains/XSSPrevention.v	261	Theorem	XSS_024
domains/XSSPrevention.v	264	Theorem	XSS_025_complete
domains/XSSPrevention.v	272	Theorem	XSS_026
domains/XSSPrevention.v	278	Theorem	XSS_027
domains/XSSPrevention.v	279	Theorem	XSS_028
domains/XSSPrevention.v	284	Theorem	XSS_029
domains/XSSPrevention.v	288	Theorem	XSS_030
domains/XSSPrevention.v	292	Theorem	XSS_031
domains/XSSPrevention.v	295	Theorem	XSS_032
domains/XSSPrevention.v	298	Theorem	XSS_033
domains/XSSPrevention.v	307	Theorem	XSS_034
domains/XSSPrevention.v	310	Theorem	XSS_035
domains/XSSPrevention.v	314	Theorem	XSS_036
domains/XSSPrevention.v	320	Theorem	XSS_037
domains/XSSPrevention.v	321	Theorem	XSS_038
domains/XSSPrevention.v	322	Theorem	XSS_039
domains/XSSPrevention.v	323	Theorem	XSS_040
domains/XSSPrevention.v	324	Theorem	XSS_041
domains/XSSPrevention.v	330	Theorem	XSS_042
domains/XSSPrevention.v	335	Theorem	XSS_043
domains/XSSPrevention.v	337	Theorem	XSS_044
domains/XSSPrevention.v	350	Theorem	XSS_045
domains/XSSPrevention.v	356	Theorem	XSS_046
domains/XSSPrevention.v	361	Theorem	XSS_047
domains/XSSPrevention.v	365	Theorem	XSS_048
domains/XSSPrevention.v	368	Theorem	XSS_049
domains/XSSPrevention.v	371	Theorem	XSS_050
domains/XSSPrevention.v	386	Theorem	XSS_051
domains/XSSPrevention.v	392	Theorem	XSS_052
domains/XSSPrevention.v	393	Theorem	XSS_053
domains/XSSPrevention.v	394	Theorem	XSS_054
domains/XSSPrevention.v	395	Theorem	XSS_055
domains/XSSPrevention.v	396	Theorem	XSS_056
domains/XSSPrevention.v	397	Theorem	XSS_057
domains/XSSPrevention.v	401	Theorem	XSS_058
domains/XSSPrevention.v	408	Theorem	XSS_059
domains/XSSPrevention.v	414	Theorem	XSS_060
domains/XSSPrevention.v	419	Theorem	XSS_061
domains/XSSPrevention.v	423	Theorem	XSS_062
domains/XSSPrevention.v	427	Theorem	XSS_063
domains/XSSPrevention.v	435	Theorem	XSS_064
domains/XSSPrevention.v	446	Theorem	XSS_065
domains/XSSPrevention.v	449	Theorem	XSS_066
domains/XSSPrevention.v	455	Theorem	XSS_067
domains/XSSPrevention.v	456	Theorem	XSS_068
domains/XSSPrevention.v	457	Theorem	XSS_069
domains/XSSPrevention.v	458	Theorem	XSS_070
domains/XSSPrevention.v	459	Theorem	XSS_071
domains/XSSPrevention.v	465	Theorem	XSS_072
domains/XSSPrevention.v	470	Theorem	XSS_073
domains/XSSPrevention.v	474	Theorem	XSS_074
domains/XSSPrevention.v	481	Theorem	XSS_075
domains/XSSPrevention.v	489	Theorem	XSS_076
domains/XSSPrevention.v	495	Theorem	XSS_077
domains/XSSPrevention.v	496	Theorem	XSS_078
domains/XSSPrevention.v	497	Theorem	XSS_079
domains/XSSPrevention.v	498	Theorem	XSS_080
domains/XSSPrevention.v	501	Theorem	XSS_081
domains/XSSPrevention.v	519	Theorem	XSS_082
domains/XSSPrevention.v	522	Theorem	XSS_083
domains/XSSPrevention.v	525	Theorem	XSS_084
domains/XSSPrevention.v	528	Theorem	XSS_085
domains/XSSPrevention.v	547	Theorem	XSS_086
domains/XSSPrevention.v	549	Theorem	XSS_087
domains/XSSPrevention.v	553	Theorem	XSS_088
domains/XSSPrevention.v	557	Theorem	XSS_089
domains/XSSPrevention.v	561	Theorem	XSS_090
domains/XSSPrevention.v	565	Theorem	XSS_091
domains/XSSPrevention.v	570	Theorem	XSS_092
domains/XSSPrevention.v	575	Theorem	XSS_093
domains/XSSPrevention.v	584	Theorem	XSS_094
domains/XSSPrevention.v	586	Theorem	XSS_095
domains/XSSPrevention.v	605	Theorem	XSS_096
domains/XSSPrevention.v	607	Theorem	XSS_097
domains/XSSPrevention.v	611	Theorem	XSS_098
domains/XSSPrevention.v	617	Theorem	XSS_099
domains/XSSPrevention.v	622	Theorem	XSS_100
domains/XSSPrevention.v	626	Theorem	XSS_101
domains/XSSPrevention.v	630	Theorem	XSS_102
domains/XSSPrevention.v	634	Theorem	XSS_103
domains/XSSPrevention.v	644	Theorem	XSS_104
domains/XSSPrevention.v	647	Theorem	XSS_105
domains/XSSPrevention.v	667	Theorem	XSS_106
domains/XSSPrevention.v	669	Theorem	XSS_107
domains/XSSPrevention.v	673	Theorem	XSS_108
domains/XSSPrevention.v	679	Theorem	XSS_109
domains/XSSPrevention.v	684	Theorem	XSS_110
domains/XSSPrevention.v	688	Theorem	XSS_111
domains/XSSPrevention.v	692	Theorem	XSS_112
domains/XSSPrevention.v	696	Theorem	XSS_113
domains/XSSPrevention.v	706	Theorem	XSS_114
domains/XSSPrevention.v	709	Theorem	XSS_115
domains/XSSPrevention.v	736	Theorem	XSS_116
domains/XSSPrevention.v	742	Theorem	XSS_117
domains/XSSPrevention.v	744	Theorem	XSS_118
domains/XSSPrevention.v	746	Theorem	XSS_119
domains/XSSPrevention.v	748	Theorem	XSS_120
domains/XSSPrevention.v	750	Theorem	XSS_121
domains/XSSPrevention.v	754	Theorem	XSS_122
domains/XSSPrevention.v	759	Theorem	XSS_123
domains/XSSPrevention.v	769	Theorem	XSS_124
domains/XSSPrevention.v	772	Theorem	XSS_125
domains/XSSPrevention.v	812	Theorem	XSS_126
domains/XSSPrevention.v	814	Theorem	XSS_127
domains/XSSPrevention.v	815	Theorem	XSS_128
domains/XSSPrevention.v	816	Theorem	XSS_129
domains/XSSPrevention.v	817	Theorem	XSS_130
domains/XSSPrevention.v	818	Theorem	XSS_131
domains/XSSPrevention.v	821	Theorem	XSS_132
domains/XSSPrevention.v	824	Theorem	XSS_133
domains/XSSPrevention.v	837	Theorem	XSS_134
domains/XSSPrevention.v	842	Theorem	XSS_135
domains/XSSPrevention.v	883	Theorem	XSS_136
domains/XSSPrevention.v	887	Theorem	XSS_137
domains/XSSPrevention.v	891	Theorem	XSS_138
domains/XSSPrevention.v	895	Theorem	XSS_139
domains/XSSPrevention.v	899	Theorem	XSS_140
domains/XSSPrevention.v	902	Theorem	XSS_141
domains/XSSPrevention.v	907	Theorem	XSS_142
domains/XSSPrevention.v	910	Theorem	XSS_143
domains/XSSPrevention.v	911	Theorem	XSS_144
domains/XSSPrevention.v	912	Theorem	XSS_145
domains/XSSPrevention.v	942	Theorem	XSS_146
domains/XSSPrevention.v	946	Theorem	XSS_147
domains/XSSPrevention.v	950	Theorem	XSS_148
domains/XSSPrevention.v	954	Theorem	XSS_149
domains/XSSPrevention.v	957	Theorem	XSS_150
domains/XSSPrevention.v	962	Theorem	XSS_151
domains/XSSPrevention.v	965	Theorem	XSS_152
domains/XSSPrevention.v	966	Theorem	XSS_153
domains/XSSPrevention.v	967	Theorem	XSS_154
domains/XSSPrevention.v	970	Theorem	XSS_155
domains/XSSPrevention.v	971	Theorem	XSS_156
domains/XSSPrevention.v	978	Theorem	XSS_157
domains/XSSPrevention.v	993	Theorem	XSS_158
domains/XSSPrevention.v	1001	Theorem	XSS_159
domains/XSSPrevention.v	1009	Theorem	XSS_160
domains/XSSPrevention.v	1016	Theorem	XSS_161
domains/XSSPrevention.v	1022	Theorem	XSS_162
domains/XSSPrevention.v	1031	Theorem	XSS_163
domains/XSSPrevention.v	1038	Theorem	XSS_164
domains/XSSPrevention.v	1046	Theorem	XSS_165
domains/Y001_VerifiedStdlib.v	328	Theorem	Y_001_01_option_map_correct
domains/Y001_VerifiedStdlib.v	343	Theorem	Y_001_02_option_bind_correct
domains/Y001_VerifiedStdlib.v	354	Theorem	Y_001_03_result_map_correct
domains/Y001_VerifiedStdlib.v	365	Theorem	Y_001_04_result_and_then_correct
domains/Y001_VerifiedStdlib.v	377	Theorem	Y_001_05_option_unwrap_safe
domains/Y001_VerifiedStdlib.v	388	Theorem	Y_001_06_result_unwrap_safe
domains/Y001_VerifiedStdlib.v	399	Theorem	Y_001_07_option_or_default
domains/Y001_VerifiedStdlib.v	407	Theorem	Y_001_08_result_or_default
domains/Y001_VerifiedStdlib.v	415	Theorem	Y_001_09_vec_push_correct
domains/Y001_VerifiedStdlib.v	427	Theorem	Y_001_10_vec_pop_correct
domains/Y001_VerifiedStdlib.v	439	Theorem	Y_001_11_vec_get_bounds
domains/Y001_VerifiedStdlib.v	449	Theorem	Y_001_12_vec_len_accurate
domains/Y001_VerifiedStdlib.v	458	Theorem	Y_001_13_hashmap_get_put
domains/Y001_VerifiedStdlib.v	471	Theorem	Y_001_14_hashmap_get_other
domains/Y001_VerifiedStdlib.v	511	Theorem	Y_001_14b_hashmap_different_key
domains/Y001_VerifiedStdlib.v	525	Theorem	Y_001_15_hashmap_remove_correct
domains/Y001_VerifiedStdlib.v	544	Theorem	Y_001_16_btree_ordered
domains/Y001_VerifiedStdlib.v	553	Theorem	Y_001_17_btree_balanced
domains/Y001_VerifiedStdlib.v	562	Theorem	Y_001_18_collection_no_overflow
domains/Y001_VerifiedStdlib.v	570	Theorem	Y_001_19_utf8_valid_preserved
domains/Y001_VerifiedStdlib.v	582	Theorem	Y_001_20_string_concat_valid
domains/Y001_VerifiedStdlib.v	592	Theorem	Y_001_21_string_len_bytes
domains/Y001_VerifiedStdlib.v	600	Theorem	Y_001_22_string_len_chars
domains/Y001_VerifiedStdlib.v	608	Theorem	Y_001_23_string_slice_valid
domains/Y001_VerifiedStdlib.v	617	Theorem	Y_001_24_format_bounded
domains/Y001_VerifiedStdlib.v	626	Theorem	Y_001_25_no_format_string_attack
domains/Y001_VerifiedStdlib.v	634	Theorem	Y_001_26_string_compare_correct
domains/Y001_VerifiedStdlib.v	642	Theorem	Y_001_27_io_effect_tracked
domains/Y001_VerifiedStdlib.v	654	Theorem	Y_001_28_file_read_bounds
domains/Y001_VerifiedStdlib.v	662	Theorem	Y_001_29_json_parse_pure
domains/Y001_VerifiedStdlib.v	670	Theorem	Y_001_30_json_roundtrip
domains/Y001_VerifiedStdlib.v	678	Theorem	Y_001_31_json_parse_terminates
domains/Y001_VerifiedStdlib.v	686	Theorem	Y_001_32_xml_parse_safe
domains/Y001_VerifiedStdlib.v	694	Theorem	Y_001_33_regex_terminates
domains/Y001_VerifiedStdlib.v	702	Theorem	Y_001_34_regex_no_redos
domains/Y001_VerifiedStdlib.v	710	Theorem	Y_001_35_int_add_no_overflow
domains/Y001_VerifiedStdlib.v	726	Theorem	Y_001_36_int_mul_no_overflow
domains/Y001_VerifiedStdlib.v	738	Theorem	Y_001_37_int_div_no_zero
domains/Y001_VerifiedStdlib.v	747	Theorem	Y_001_38_float_nan_propagates
domains/Y001_VerifiedStdlib.v	754	Theorem	Y_001_39_bigint_correct
domains/Y001_VerifiedStdlib.v	763	Theorem	Y_001_40_numeric_constant_time
domains/Z001_DeclassificationPolicy.v	37	Lemma	principal_eqb_refl
domains/Z001_DeclassificationPolicy.v	269	Theorem	Z_001_01_principal_lattice
domains/Z001_DeclassificationPolicy.v	282	Theorem	Z_001_02_acts_for_transitive
domains/Z001_DeclassificationPolicy.v	290	Theorem	Z_001_03_acts_for_reflexive
domains/Z001_DeclassificationPolicy.v	297	Theorem	Z_001_04_authority_delegation
domains/Z001_DeclassificationPolicy.v	304	Theorem	Z_001_05_authority_bounded
domains/Z001_DeclassificationPolicy.v	312	Theorem	Z_001_06_principal_join
domains/Z001_DeclassificationPolicy.v	324	Theorem	Z_001_07_principal_meet
domains/Z001_DeclassificationPolicy.v	336	Theorem	Z_001_08_robust_definition
domains/Z001_DeclassificationPolicy.v	346	Theorem	Z_001_09_robust_guard
domains/Z001_DeclassificationPolicy.v	353	Theorem	Z_001_10_robust_decision
domains/Z001_DeclassificationPolicy.v	362	Theorem	Z_001_11_robust_composition
domains/Z001_DeclassificationPolicy.v	373	Theorem	Z_001_12_no_attacker_controlled
domains/Z001_DeclassificationPolicy.v	381	Theorem	Z_001_13_robust_preserves_ni
domains/Z001_DeclassificationPolicy.v	391	Theorem	Z_001_14_downgrade_bounded
domains/Z001_DeclassificationPolicy.v	399	Theorem	Z_001_15_robust_checker_sound
domains/Z001_DeclassificationPolicy.v	406	Theorem	Z_001_16_budget_wellformed
domains/Z001_DeclassificationPolicy.v	416	Theorem	Z_001_17_budget_consumption
domains/Z001_DeclassificationPolicy.v	430	Theorem	Z_001_18_budget_exhaustion
domains/Z001_DeclassificationPolicy.v	438	Theorem	Z_001_19_budget_reset
domains/Z001_DeclassificationPolicy.v	449	Theorem	Z_001_20_total_leakage_bounded
domains/Z001_DeclassificationPolicy.v	462	Theorem	Z_001_21_mutual_information_bounded
domains/Z001_DeclassificationPolicy.v	476	Theorem	Z_001_22_budget_composition
domains/Z001_DeclassificationPolicy.v	488	Theorem	Z_001_23_budget_per_principal
domains/Z001_DeclassificationPolicy.v	504	Theorem	Z_001_24_policy_authorized
domains/Z001_DeclassificationPolicy.v	517	Theorem	Z_001_25_policy_guard_satisfied
domains/Z001_DeclassificationPolicy.v	527	Theorem	Z_001_26_policy_transform_applied
domains/Z001_DeclassificationPolicy.v	533	Theorem	Z_001_27_policy_audit_logged
domains/Z001_DeclassificationPolicy.v	544	Theorem	Z_001_28_policy_no_bypass
domains/Z001_DeclassificationPolicy.v	550	Theorem	Z_001_29_policy_composition
domains/Z001_DeclassificationPolicy.v	573	Theorem	Z_001_30_policy_revocation
domains/Z001_DeclassificationPolicy.v	586	Theorem	Z_001_31_dp_definition
domains/Z001_DeclassificationPolicy.v	593	Theorem	Z_001_32_dp_composition
domains/Z001_DeclassificationPolicy.v	618	Theorem	Z_001_33_dp_laplace_correct
domains/Z001_DeclassificationPolicy.v	634	Theorem	Z_001_34_dp_gaussian_correct
domains/Z001_DeclassificationPolicy.v	646	Theorem	Z_001_35_dp_privacy_budget
domains/ZKSNARKSecurity.v	30	Lemma	andb_true_iff
domains/ZKSNARKSecurity.v	40	Lemma	andb3_true_iff
domains/ZKSNARKSecurity.v	50	Lemma	andb4_true_iff
domains/ZKSNARKSecurity.v	60	Lemma	negb_true_iff
domains/ZKSNARKSecurity.v	65	Lemma	leb_le
domains/ZKSNARKSecurity.v	72	Lemma	ltb_lt
domains/ZKSNARKSecurity.v	79	Lemma	orb_true_iff
domains/ZKSNARKSecurity.v	133	Theorem	ZK_001
domains/ZKSNARKSecurity.v	139	Theorem	ZK_002
domains/ZKSNARKSecurity.v	140	Theorem	ZK_003
domains/ZKSNARKSecurity.v	141	Theorem	ZK_004
domains/ZKSNARKSecurity.v	142	Theorem	ZK_005
domains/ZKSNARKSecurity.v	143	Theorem	ZK_006
domains/ZKSNARKSecurity.v	144	Theorem	ZK_007
domains/ZKSNARKSecurity.v	145	Theorem	ZK_008
domains/ZKSNARKSecurity.v	146	Theorem	ZK_009
domains/ZKSNARKSecurity.v	147	Theorem	ZK_010
domains/ZKSNARKSecurity.v	148	Theorem	ZK_011
domains/ZKSNARKSecurity.v	149	Theorem	ZK_012
domains/ZKSNARKSecurity.v	150	Theorem	ZK_013
domains/ZKSNARKSecurity.v	151	Theorem	ZK_014
domains/ZKSNARKSecurity.v	155	Theorem	ZK_015
domains/ZKSNARKSecurity.v	159	Theorem	ZK_016
domains/ZKSNARKSecurity.v	162	Theorem	ZK_017
domains/ZKSNARKSecurity.v	165	Theorem	ZK_018
domains/ZKSNARKSecurity.v	169	Theorem	ZK_019
domains/ZKSNARKSecurity.v	173	Theorem	ZK_020
domains/ZKSNARKSecurity.v	177	Theorem	ZK_021
domains/ZKSNARKSecurity.v	180	Theorem	ZK_022
domains/ZKSNARKSecurity.v	183	Theorem	ZK_023
domains/ZKSNARKSecurity.v	186	Theorem	ZK_024
domains/ZKSNARKSecurity.v	189	Theorem	ZK_025_complete
domains/ZKSNARKSecurity.v	236	Theorem	ke_001_riina_ke_secure
domains/ZKSNARKSecurity.v	241	Theorem	ke_002_extractor_exists
domains/ZKSNARKSecurity.v	251	Theorem	ke_003_extractor_polynomial
domains/ZKSNARKSecurity.v	261	Theorem	ke_004_extractor_probability
domains/ZKSNARKSecurity.v	270	Theorem	ke_005_riina_wr_valid
domains/ZKSNARKSecurity.v	275	Theorem	ke_006_valid_satisfiable
domains/ZKSNARKSecurity.v	285	Theorem	ke_007_positive_statement
domains/ZKSNARKSecurity.v	295	Theorem	ke_008_positive_witness
domains/ZKSNARKSecurity.v	342	Theorem	sim_001_riina_sim_secure
domains/ZKSNARKSecurity.v	347	Theorem	sim_002_simulator_exists
domains/ZKSNARKSecurity.v	358	Theorem	sim_003_simulator_poly
domains/ZKSNARKSecurity.v	369	Theorem	sim_004_simulator_indist
domains/ZKSNARKSecurity.v	379	Theorem	sim_005_simulator_no_witness
domains/ZKSNARKSecurity.v	388	Theorem	sim_006_riina_di_strong
domains/ZKSNARKSecurity.v	393	Theorem	sim_007_strong_implies_computational
domains/ZKSNARKSecurity.v	402	Theorem	sim_008_strong_bounded_advantage
domains/ZKSNARKSecurity.v	445	Theorem	comp_001_riina_completeness
domains/ZKSNARKSecurity.v	450	Theorem	comp_002_requires_honest_prover
domains/ZKSNARKSecurity.v	463	Theorem	comp_003_requires_witness
domains/ZKSNARKSecurity.v	476	Theorem	comp_004_requires_protocol
domains/ZKSNARKSecurity.v	488	Theorem	comp_005_verifier_accepts
domains/ZKSNARKSecurity.v	497	Theorem	comp_006_riina_prover_honest
domains/ZKSNARKSecurity.v	502	Theorem	comp_007_riina_verifier_accepts
domains/ZKSNARKSecurity.v	545	Theorem	succ_001_riina_succinct
domains/ZKSNARKSecurity.v	550	Theorem	succ_002_riina_polylog
domains/ZKSNARKSecurity.v	555	Theorem	succ_003_bounded_size
domains/ZKSNARKSecurity.v	565	Theorem	succ_004_bounded_verification
domains/ZKSNARKSecurity.v	575	Theorem	succ_005_witness_independent
domains/ZKSNARKSecurity.v	584	Theorem	succ_006_polylog_proof_size
domains/ZKSNARKSecurity.v	593	Theorem	succ_007_polylog_verification
domains/ZKSNARKSecurity.v	645	Theorem	mpc_001_riina_mpc_secure
domains/ZKSNARKSecurity.v	650	Theorem	mpc_002_riina_tw_secure
domains/ZKSNARKSecurity.v	655	Theorem	mpc_003_multiple_participants
domains/ZKSNARKSecurity.v	667	Theorem	mpc_004_valid_threshold
domains/ZKSNARKSecurity.v	679	Theorem	mpc_005_verifiable
domains/ZKSNARKSecurity.v	689	Theorem	mpc_006_tw_destroyed
domains/ZKSNARKSecurity.v	699	Theorem	mpc_007_tw_multi_party
domains/ZKSNARKSecurity.v	748	Theorem	g16_001_riina_secure
domains/ZKSNARKSecurity.v	753	Theorem	g16_002_riina_proof_valid
domains/ZKSNARKSecurity.v	758	Theorem	g16_003_pairing_friendly
domains/ZKSNARKSecurity.v	768	Theorem	g16_004_three_elements
domains/ZKSNARKSecurity.v	778	Theorem	g16_005_bounded_pairings
domains/ZKSNARKSecurity.v	787	Theorem	g16_006_valid_curve_points
domains/ZKSNARKSecurity.v	796	Theorem	g16_007_valid_subgroup
domains/ZKSNARKSecurity.v	843	Theorem	plonk_001_riina_secure
domains/ZKSNARKSecurity.v	848	Theorem	plonk_002_riina_gate_valid
domains/ZKSNARKSecurity.v	853	Theorem	plonk_003_universal_setup
domains/ZKSNARKSecurity.v	863	Theorem	plonk_004_polynomial_commitment
domains/ZKSNARKSecurity.v	873	Theorem	plonk_005_arithmetic_gates
domains/ZKSNARKSecurity.v	882	Theorem	plonk_006_bounded_degree
domains/ZKSNARKSecurity.v	892	Theorem	plonk_007_sufficient_fan_in
domains/ZKSNARKSecurity.v	929	Theorem	full_001_riina_full_zk_secure
domains/ZKSNARKSecurity.v	934	Theorem	full_002_implies_base
domains/ZKSNARKSecurity.v	947	Theorem	full_003_implies_ke
domains/ZKSNARKSecurity.v	960	Theorem	full_004_implies_sim
domains/ZKSNARKSecurity.v	972	Theorem	full_005_implies_succinct
domains/ZKSNARKSecurity.v	983	Theorem	full_006_implies_mpc
domains/ZKSNARKSecurity.v	993	Theorem	full_007_implies_tw
domains/ZKSNARKSecurity.v	1002	Theorem	full_008_riina_all_properties
domains/ZKSNARKSecurity.v	1041	Theorem	se_001_riina_se_secure
domains/ZKSNARKSecurity.v	1046	Theorem	se_002_security_parameter
domains/ZKSNARKSecurity.v	1057	Theorem	se_003_statistical_bounded
domains/ZKSNARKSecurity.v	1092	Theorem	pst_001_riina_is_snark
domains/ZKSNARKSecurity.v	1097	Theorem	pst_002_snark_is_argument
domains/ZKSNARKSecurity.v	1107	Theorem	pst_003_snark_knowledge
domains/ZKSNARKSecurity.v	1117	Theorem	pst_004_snark_succinct
domains/ZKSTARKSecurity.v	29	Lemma	andb_true_iff
domains/ZKSTARKSecurity.v	39	Lemma	orb_true_iff
domains/ZKSTARKSecurity.v	45	Lemma	negb_true_iff
domains/ZKSTARKSecurity.v	48	Lemma	bool_dec
domains/ZKSTARKSecurity.v	51	Lemma	andb_false_iff
domains/ZKSTARKSecurity.v	169	Theorem	STARK_001
domains/ZKSTARKSecurity.v	176	Theorem	STARK_002
domains/ZKSTARKSecurity.v	179	Theorem	STARK_003
domains/ZKSTARKSecurity.v	182	Theorem	STARK_004
domains/ZKSTARKSecurity.v	185	Theorem	STARK_005
domains/ZKSTARKSecurity.v	188	Theorem	STARK_006
domains/ZKSTARKSecurity.v	191	Theorem	STARK_007
domains/ZKSTARKSecurity.v	194	Theorem	STARK_008
domains/ZKSTARKSecurity.v	197	Theorem	STARK_009
domains/ZKSTARKSecurity.v	200	Theorem	STARK_010
domains/ZKSTARKSecurity.v	203	Theorem	STARK_011
domains/ZKSTARKSecurity.v	206	Theorem	STARK_012
domains/ZKSTARKSecurity.v	209	Theorem	STARK_013
domains/ZKSTARKSecurity.v	213	Theorem	STARK_014
domains/ZKSTARKSecurity.v	216	Theorem	STARK_015
domains/ZKSTARKSecurity.v	219	Theorem	STARK_016
domains/ZKSTARKSecurity.v	226	Theorem	STARK_017
domains/ZKSTARKSecurity.v	232	Theorem	STARK_018
domains/ZKSTARKSecurity.v	237	Theorem	STARK_019
domains/ZKSTARKSecurity.v	240	Theorem	STARK_020
domains/ZKSTARKSecurity.v	243	Theorem	STARK_021
domains/ZKSTARKSecurity.v	246	Theorem	STARK_022
domains/ZKSTARKSecurity.v	249	Theorem	STARK_023
domains/ZKSTARKSecurity.v	252	Theorem	STARK_024
domains/ZKSTARKSecurity.v	255	Theorem	STARK_025_complete
domains/ZKSTARKSecurity.v	265	Theorem	FRI_soundness_property
domains/ZKSTARKSecurity.v	279	Theorem	FRI_query_bound_property
domains/ZKSTARKSecurity.v	289	Theorem	FRI_commitment_binding_property
domains/ZKSTARKSecurity.v	298	Theorem	FRI_fiat_shamir_property
domains/ZKSTARKSecurity.v	306	Theorem	FRI_riina_soundness
domains/ZKSTARKSecurity.v	309	Theorem	FRI_riina_query_bound
domains/ZKSTARKSecurity.v	312	Theorem	FRI_riina_commitment
domains/ZKSTARKSecurity.v	315	Theorem	FRI_riina_transform
domains/ZKSTARKSecurity.v	318	Theorem	FRI_riina_secure
domains/ZKSTARKSecurity.v	321	Theorem	FRI_rounds_positive
domains/ZKSTARKSecurity.v	324	Theorem	FRI_proximity_positive
domains/ZKSTARKSecurity.v	336	Theorem	soundness_implies_starks
domains/ZKSTARKSecurity.v	345	Theorem	soundness_implies_fri
domains/ZKSTARKSecurity.v	354	Theorem	soundness_implies_binding
domains/ZKSTARKSecurity.v	362	Theorem	riina_computational_soundness
domains/ZKSTARKSecurity.v	370	Theorem	soundness_amplification
domains/ZKSTARKSecurity.v	381	Theorem	soundness_composition
domains/ZKSTARKSecurity.v	404	Theorem	zk_implies_starks_zk
domains/ZKSTARKSecurity.v	412	Theorem	zk_implies_indistinguishable
domains/ZKSTARKSecurity.v	420	Theorem	perfect_zk_implies_simulation
domains/ZKSTARKSecurity.v	429	Theorem	perfect_zk_rewinding
domains/ZKSTARKSecurity.v	437	Theorem	riina_simulation_zk
domains/ZKSTARKSecurity.v	441	Theorem	riina_perfect_zk
domains/ZKSTARKSecurity.v	445	Theorem	simulator_validity
domains/ZKSTARKSecurity.v	452	Theorem	zk_soundness_composition
domains/ZKSTARKSecurity.v	462	Theorem	riina_zk_soundness
domains/ZKSTARKSecurity.v	475	Theorem	completeness_requires_honest_prover
domains/ZKSTARKSecurity.v	484	Theorem	completeness_requires_starks
domains/ZKSTARKSecurity.v	493	Theorem	completeness_implies_acceptance
domains/ZKSTARKSecurity.v	501	Theorem	riina_complete_interaction
domains/ZKSTARKSecurity.v	505	Theorem	honest_prover_property
domains/ZKSTARKSecurity.v	508	Theorem	honest_verifier_property
domains/ZKSTARKSecurity.v	515	Theorem	fri_completeness_requires_prover
domains/ZKSTARKSecurity.v	523	Theorem	riina_fri_complete
domains/ZKSTARKSecurity.v	536	Theorem	pq_implies_stark_pq
domains/ZKSTARKSecurity.v	544	Theorem	pq_implies_ext_resistant
domains/ZKSTARKSecurity.v	552	Theorem	riina_post_quantum
domains/ZKSTARKSecurity.v	560	Theorem	hash_security_pq
domains/ZKSTARKSecurity.v	568	Theorem	hash_security_binding
domains/ZKSTARKSecurity.v	576	Theorem	riina_hash_security
domains/ZKSTARKSecurity.v	580	Theorem	transparency_enables_pq
domains/ZKSTARKSecurity.v	602	Theorem	transparency_no_setup
domains/ZKSTARKSecurity.v	610	Theorem	transparency_fiat_shamir
domains/ZKSTARKSecurity.v	618	Theorem	riina_fully_transparent
domains/ZKSTARKSecurity.v	627	Theorem	public_verify_transparent
domains/ZKSTARKSecurity.v	636	Theorem	public_verify_sound
domains/ZKSTARKSecurity.v	644	Theorem	riina_publicly_verifiable
domains/ZKSTARKSecurity.v	648	Theorem	extended_implies_base
domains/ZKSTARKSecurity.v	663	Theorem	extended_implies_fri
domains/ZKSTARKSecurity.v	674	Theorem	extended_implies_simulation
domains/ZKSTARKSecurity.v	684	Theorem	extended_implies_extraction
domains/ZKSTARKSecurity.v	693	Theorem	extended_implies_quantum
domains/ZKSTARKSecurity.v	701	Theorem	riina_extended_secure
domains/ZKSTARKSecurity.v	713	Theorem	extraction_implies_ext
domains/ZKSTARKSecurity.v	722	Theorem	extraction_implies_fri_sound
domains/ZKSTARKSecurity.v	731	Theorem	extraction_implies_query_bound
domains/ZKSTARKSecurity.v	739	Theorem	riina_extraction_secure
domains/ZKSTARKSecurity.v	743	Theorem	air_algebraic_required
domains/ZKSTARKSecurity.v	756	Theorem	air_low_degree_required
domains/ZKSTARKSecurity.v	765	Theorem	air_fri_required
domains/ZKSTARKSecurity.v	777	Theorem	riina_air_fri_connection
domains/ZKSTARKSecurity.v	788	Theorem	modular_implies_stark
domains/ZKSTARKSecurity.v	797	Theorem	modular_implies_fri
domains/ZKSTARKSecurity.v	806	Theorem	modular_implies_sim
domains/ZKSTARKSecurity.v	814	Theorem	riina_modular_stark
domains/ZKSTARKSecurity.v	823	Theorem	full_security_modular
domains/ZKSTARKSecurity.v	831	Theorem	full_security_extended
domains/ZKSTARKSecurity.v	839	Theorem	riina_full_security
domains/ZKSTARKSecurity.v	843	Theorem	STARK_MASTER_SECURITY
domains/ZKSTARKSecurity.v	909	Theorem	riina_master_security
domains/ZKSTARKSecurity.v	925	Theorem	stark_security_equivalence
domains/ZKSTARKSecurity.v	957	Theorem	fri_security_equivalence
domains/ZKSTARKSecurity.v	973	Theorem	stark_props_secure_dec
domains/ZKSTARKSecurity.v	980	Theorem	air_secure_dec
domains/ZKSTARKSecurity.v	986	Theorem	fri_secure_dec
domains/ZKSTARKSecurity.v	992	Theorem	stark_fully_secure_dec
domains/ZKSTARKSecurity.v	998	Theorem	extended_secure_dec
domains/mobile_os/AnimationSystem.v	82	Lemma	nth_error_In_bounds
domains/mobile_os/AnimationSystem.v	101	Theorem	spring_physics_accurate
domains/mobile_os/AnimationSystem.v	115	Theorem	animation_mathematically_smooth
domains/mobile_os/AnimationSystem.v	128	Theorem	spring_has_valid_duration
domains/mobile_os/AnimationSystem.v	144	Theorem	position_velocity_match
domains/mobile_os/AnimationSystem.v	157	Lemma	nth_error_Some_length
domains/mobile_os/AnimationSystem.v	281	Theorem	animation_frame_budget_met
domains/mobile_os/AnimationSystem.v	291	Theorem	implicit_animation_smooth
domains/mobile_os/AnimationSystem.v	301	Theorem	explicit_animation_controllable
domains/mobile_os/AnimationSystem.v	313	Theorem	animation_group_synchronized
domains/mobile_os/AnimationSystem.v	323	Theorem	layer_animation_gpu_accelerated
domains/mobile_os/AnimationSystem.v	333	Theorem	animation_timing_precise
domains/mobile_os/AnimationSystem.v	343	Theorem	keyframe_values_interpolated
domains/mobile_os/AnimationSystem.v	356	Theorem	spring_animation_converges
domains/mobile_os/AnimationSystem.v	366	Theorem	transition_animation_reversible
domains/mobile_os/AnimationSystem.v	375	Theorem	animation_delegate_notified
domains/mobile_os/AnimationSystem.v	384	Theorem	animation_removed_cleanly
domains/mobile_os/AnimationSystem.v	393	Theorem	animation_speed_adjustable
domains/mobile_os/AnimationSystem.v	404	Theorem	animation_fill_mode_correct
domains/mobile_os/AnimationSystem.v	414	Theorem	animation_autoreverses_symmetric
domains/mobile_os/AnimationSystem.v	426	Theorem	animation_repeat_count_honored
domains/mobile_os/AnimationSystem.v	436	Theorem	animation_group_non_empty
domains/mobile_os/AppDistribution.v	120	Theorem	store_malware_free
domains/mobile_os/AppDistribution.v	137	Theorem	security_scan_complete
domains/mobile_os/AppDistribution.v	149	Theorem	update_is_atomic
domains/mobile_os/AppDistribution.v	164	Theorem	update_rollback_available
domains/mobile_os/AppDistribution.v	176	Theorem	no_version_downgrade
domains/mobile_os/AppDistribution.v	188	Theorem	signature_required_for_store
domains/mobile_os/AppDistribution.v	202	Theorem	failed_install_no_corruption
domains/mobile_os/AppDistribution.v	393	Theorem	app_signature_verified_thm
domains/mobile_os/AppDistribution.v	407	Theorem	code_integrity_checked_thm
domains/mobile_os/AppDistribution.v	419	Theorem	entitlements_validated_thm
domains/mobile_os/AppDistribution.v	431	Theorem	provisioning_profile_valid_thm
domains/mobile_os/AppDistribution.v	443	Theorem	app_review_required_thm
domains/mobile_os/AppDistribution.v	456	Theorem	binary_size_reported_thm
domains/mobile_os/AppDistribution.v	468	Theorem	app_version_monotonic_thm
domains/mobile_os/AppDistribution.v	480	Theorem	minimum_os_version_enforced_thm
domains/mobile_os/AppDistribution.v	493	Theorem	deprecated_api_flagged_thm
domains/mobile_os/AppDistribution.v	506	Theorem	privacy_manifest_required_thm
domains/mobile_os/AppDistribution.v	518	Theorem	data_collection_declared_thm
domains/mobile_os/AppDistribution.v	530	Theorem	app_clip_size_bounded_thm
domains/mobile_os/AppDistribution.v	541	Theorem	testflight_expiry_enforced_thm
domains/mobile_os/AppDistribution.v	553	Theorem	enterprise_certificate_validated_thm
domains/mobile_os/AppDistribution.v	564	Theorem	notarization_required_thm
domains/mobile_os/AppDistribution.v	576	Theorem	provisioning_profile_not_expired
domains/mobile_os/AppDistribution.v	588	Theorem	entitlements_granted_bounded
domains/mobile_os/AppDistribution.v	600	Theorem	enterprise_cert_not_revoked
domains/mobile_os/AppDistribution.v	612	Theorem	notarization_ticket_stapled
domains/mobile_os/AppDistribution.v	624	Theorem	app_signature_has_timestamp
domains/mobile_os/ApplicationLifecycle.v	102	Theorem	app_state_consistent
domains/mobile_os/ApplicationLifecycle.v	115	Theorem	state_restoration_complete
domains/mobile_os/ApplicationLifecycle.v	129	Theorem	save_restore_preserves_state
domains/mobile_os/ApplicationLifecycle.v	140	Theorem	not_running_can_launch
domains/mobile_os/ApplicationLifecycle.v	147	Theorem	foreground_can_background
domains/mobile_os/ApplicationLifecycle.v	154	Theorem	background_can_foreground
domains/mobile_os/ApplicationLifecycle.v	161	Theorem	save_captures_current_state
domains/mobile_os/ApplicationLifecycle.v	242	Theorem	app_state_transition_valid
domains/mobile_os/ApplicationLifecycle.v	251	Theorem	background_to_foreground_clean
domains/mobile_os/ApplicationLifecycle.v	262	Theorem	state_saved_on_background
domains/mobile_os/ApplicationLifecycle.v	272	Theorem	state_restored_on_foreground
domains/mobile_os/ApplicationLifecycle.v	282	Theorem	app_termination_notified
domains/mobile_os/ApplicationLifecycle.v	295	Theorem	low_memory_warning_delivered
domains/mobile_os/ApplicationLifecycle.v	305	Theorem	background_execution_time_limited
domains/mobile_os/ApplicationLifecycle.v	317	Theorem	url_scheme_validated
domains/mobile_os/ApplicationLifecycle.v	326	Theorem	deep_link_sanitized
domains/mobile_os/ApplicationLifecycle.v	336	Theorem	app_extension_sandboxed
domains/mobile_os/ApplicationLifecycle.v	345	Theorem	widget_update_throttled
domains/mobile_os/ApplicationLifecycle.v	354	Theorem	share_extension_data_typed
domains/mobile_os/ApplicationLifecycle.v	366	Theorem	app_group_access_controlled
domains/mobile_os/ApplicationLifecycle.v	375	Theorem	scene_lifecycle_managed
domains/mobile_os/ApplicationLifecycle.v	385	Theorem	app_activation_idempotent
domains/mobile_os/BiometricSystem.v	68	Theorem	biometric_false_acceptance_bounded
domains/mobile_os/BiometricSystem.v	84	Theorem	liveness_detection_accurate
domains/mobile_os/BiometricSystem.v	98	Theorem	accepted_requires_high_score
domains/mobile_os/BiometricSystem.v	112	Theorem	accepted_requires_liveness
domains/mobile_os/BiometricSystem.v	130	Theorem	spoof_not_accepted
domains/mobile_os/BiometricSystem.v	241	Theorem	biometric_data_never_exported_thm
domains/mobile_os/BiometricSystem.v	254	Theorem	false_acceptance_rate_bounded
domains/mobile_os/BiometricSystem.v	266	Theorem	false_rejection_rate_bounded
domains/mobile_os/BiometricSystem.v	277	Theorem	biometric_template_encrypted
domains/mobile_os/BiometricSystem.v	288	Theorem	liveness_detection_active
domains/mobile_os/BiometricSystem.v	299	Theorem	biometric_fallback_available
domains/mobile_os/BiometricSystem.v	310	Theorem	enrollment_requires_auth
domains/mobile_os/BiometricSystem.v	321	Theorem	biometric_timeout_enforced
domains/mobile_os/BiometricSystem.v	332	Theorem	anti_spoofing_active
domains/mobile_os/BiometricSystem.v	343	Theorem	biometric_data_on_device_only
domains/mobile_os/BiometricSystem.v	354	Theorem	multi_factor_supported
domains/mobile_os/BiometricSystem.v	365	Theorem	biometric_revocable_thm
domains/mobile_os/BiometricSystem.v	376	Theorem	presentation_attack_detected
domains/mobile_os/BiometricSystem.v	388	Theorem	template_update_secure_thm
domains/mobile_os/BiometricSystem.v	398	Theorem	biometric_not_sole_factor
domains/mobile_os/CameraAudioSystem.v	84	Theorem	raw_capture_lossless
domains/mobile_os/CameraAudioSystem.v	98	Theorem	video_no_frame_drop
domains/mobile_os/CameraAudioSystem.v	109	Theorem	audio_latency_bounded
domains/mobile_os/CameraAudioSystem.v	120	Theorem	capture_preserves_identity
domains/mobile_os/CameraAudioSystem.v	135	Theorem	empty_video_zero_frames
domains/mobile_os/CameraAudioSystem.v	148	Theorem	audio_latency_nonnegative
domains/mobile_os/CameraAudioSystem.v	238	Theorem	camera_access_indicator_visible
domains/mobile_os/CameraAudioSystem.v	250	Theorem	microphone_access_indicator_visible
domains/mobile_os/CameraAudioSystem.v	263	Theorem	recording_indicator_persistent
domains/mobile_os/CameraAudioSystem.v	275	Theorem	no_silent_recording
domains/mobile_os/CameraAudioSystem.v	289	Theorem	camera_preview_matches_capture
domains/mobile_os/CameraAudioSystem.v	300	Theorem	audio_sample_rate_valid
domains/mobile_os/CameraAudioSystem.v	312	Theorem	video_frame_rate_bounded
domains/mobile_os/CameraAudioSystem.v	324	Theorem	photo_metadata_strippable
domains/mobile_os/CameraAudioSystem.v	334	Theorem	audio_level_bounded
domains/mobile_os/CameraAudioSystem.v	346	Theorem	camera_permission_per_session
domains/mobile_os/CameraAudioSystem.v	357	Theorem	background_camera_blocked
domains/mobile_os/CameraAudioSystem.v	369	Theorem	camera_interrupt_handled
domains/mobile_os/CameraAudioSystem.v	381	Theorem	audio_route_change_handled
domains/mobile_os/CameraAudioSystem.v	394	Theorem	video_stabilization_bounded
domains/mobile_os/CameraAudioSystem.v	406	Theorem	capture_resolution_bounded
domains/mobile_os/CellularStack.v	71	Theorem	baseband_isolation
domains/mobile_os/CellularStack.v	88	Theorem	call_handoff_is_seamless
domains/mobile_os/CellularStack.v	102	Theorem	isolation_preserves_separation
domains/mobile_os/CellularStack.v	116	Theorem	baseband_isolation_contrapositive
domains/mobile_os/CellularStack.v	306	Theorem	imsi_protected_thm
domains/mobile_os/CellularStack.v	320	Theorem	baseband_isolated_thm
domains/mobile_os/CellularStack.v	332	Theorem	sim_authentication_complete_thm
domains/mobile_os/CellularStack.v	344	Theorem	data_roaming_permission
domains/mobile_os/CellularStack.v	357	Theorem	cellular_encryption_enforced_thm
domains/mobile_os/CellularStack.v	369	Theorem	stingray_detection_thm
domains/mobile_os/CellularStack.v	382	Theorem	sms_encryption_available_thm
domains/mobile_os/CellularStack.v	395	Theorem	volte_quality_guaranteed_thm
domains/mobile_os/CellularStack.v	407	Theorem	esim_activation_secure_thm
domains/mobile_os/CellularStack.v	419	Theorem	carrier_settings_validated_thm
domains/mobile_os/CellularStack.v	431	Theorem	data_usage_tracked_thm
domains/mobile_os/CellularStack.v	443	Theorem	cellular_failover_handled_thm
domains/mobile_os/CellularStack.v	454	Theorem	signal_strength_accurate_thm
domains/mobile_os/CellularStack.v	466	Theorem	emergency_call_always_available_thm
domains/mobile_os/CellularStack.v	478	Theorem	carrier_lock_enforced_thm
domains/mobile_os/CellularStack.v	491	Theorem	imsi_not_exposed
domains/mobile_os/CellularStack.v	503	Theorem	baseband_dma_blocked
domains/mobile_os/CellularStack.v	515	Theorem	sim_mutual_auth_thm
domains/mobile_os/CellularStack.v	527	Theorem	emergency_call_any_network
domains/mobile_os/CellularStack.v	539	Theorem	esim_activation_code_valid_thm
domains/mobile_os/ComputerVision.v	65	Theorem	object_detection_bounded
domains/mobile_os/ComputerVision.v	79	Theorem	detection_latency_bounded
domains/mobile_os/ComputerVision.v	91	Theorem	valid_detection_min_confidence
domains/mobile_os/ComputerVision.v	103	Theorem	cv_stays_on_device
domains/mobile_os/ComputerVision.v	114	Theorem	empty_result_bounded
domains/mobile_os/ComputerVision.v	292	Theorem	face_detection_privacy_preserving
domains/mobile_os/ComputerVision.v	306	Theorem	ocr_accuracy_bounded
domains/mobile_os/ComputerVision.v	317	Theorem	object_detection_confidence_reported
domains/mobile_os/ComputerVision.v	329	Theorem	image_classification_deterministic
domains/mobile_os/ComputerVision.v	340	Theorem	barcode_format_validated
domains/mobile_os/ComputerVision.v	352	Theorem	face_data_on_device_preserved
domains/mobile_os/ComputerVision.v	364	Theorem	photo_analysis_permission_required
domains/mobile_os/ComputerVision.v	375	Theorem	depth_estimation_bounded
domains/mobile_os/ComputerVision.v	386	Theorem	pose_estimation_stable
domains/mobile_os/ComputerVision.v	398	Theorem	scene_classification_consistent
domains/mobile_os/ComputerVision.v	409	Theorem	text_recognition_language_supported
domains/mobile_os/ComputerVision.v	421	Theorem	vision_request_cancellable
domains/mobile_os/ComputerVision.v	434	Theorem	image_similarity_symmetric
domains/mobile_os/ComputerVision.v	447	Theorem	vision_pipeline_ordered
domains/mobile_os/ComputerVision.v	459	Theorem	frame_analysis_rate_limited
domains/mobile_os/ComputerVision.v	470	Theorem	object_detection_confidence_bounded
domains/mobile_os/ComputerVision.v	482	Theorem	depth_estimation_lower_bound
domains/mobile_os/ComputerVision.v	494	Theorem	pose_estimation_min_frames
domains/mobile_os/ComputerVision.v	506	Theorem	language_in_supported_list
domains/mobile_os/ComputerVision.v	518	Theorem	empty_detections_always_bounded
domains/mobile_os/ConcurrencyFramework.v	82	Theorem	no_deadlock
domains/mobile_os/ConcurrencyFramework.v	97	Theorem	no_data_race
domains/mobile_os/ConcurrencyFramework.v	110	Theorem	actor_isolation_complete
domains/mobile_os/ConcurrencyFramework.v	123	Theorem	ownership_exclusive
domains/mobile_os/ConcurrencyFramework.v	136	Theorem	well_typed_all_annotated
domains/mobile_os/ConcurrencyFramework.v	147	Theorem	lock_order_no_cycles
domains/mobile_os/ConcurrencyFramework.v	260	Theorem	deadlock_free
domains/mobile_os/ConcurrencyFramework.v	271	Theorem	priority_inversion_prevented
domains/mobile_os/ConcurrencyFramework.v	280	Theorem	thread_pool_bounded
domains/mobile_os/ConcurrencyFramework.v	290	Theorem	async_task_cancellable
domains/mobile_os/ConcurrencyFramework.v	300	Theorem	atomic_operation_linearizable
domains/mobile_os/ConcurrencyFramework.v	309	Theorem	lock_ordering_enforced
domains/mobile_os/ConcurrencyFramework.v	318	Theorem	semaphore_count_non_negative
domains/mobile_os/ConcurrencyFramework.v	326	Theorem	barrier_synchronization_complete
domains/mobile_os/ConcurrencyFramework.v	338	Theorem	future_resolved_once
domains/mobile_os/ConcurrencyFramework.v	348	Theorem	actor_message_ordered
domains/mobile_os/ConcurrencyFramework.v	360	Theorem	channel_bounded
domains/mobile_os/ConcurrencyFramework.v	370	Theorem	work_stealing_fair
domains/mobile_os/ConcurrencyFramework.v	380	Theorem	thread_safe_collection
domains/mobile_os/ConcurrencyFramework.v	389	Theorem	concurrent_modification_detected
domains/mobile_os/ConcurrencyFramework.v	404	Theorem	future_has_value_when_resolved
domains/mobile_os/DataPersistence.v	77	Theorem	migration_lossless
domains/mobile_os/DataPersistence.v	91	Theorem	migration_preserves_existing_fields
domains/mobile_os/DataPersistence.v	107	Theorem	migration_increases_version
domains/mobile_os/DataPersistence.v	119	Theorem	sync_after_resolution
domains/mobile_os/DataPersistence.v	131	Theorem	empty_db_no_loss
domains/mobile_os/DataPersistence.v	268	Theorem	data_encrypted_at_rest
domains/mobile_os/DataPersistence.v	281	Theorem	backup_encrypted_thm
domains/mobile_os/DataPersistence.v	292	Theorem	migration_atomic
domains/mobile_os/DataPersistence.v	303	Theorem	schema_version_tracked
domains/mobile_os/DataPersistence.v	314	Theorem	corruption_detected
domains/mobile_os/DataPersistence.v	325	Theorem	data_integrity_verified
domains/mobile_os/DataPersistence.v	336	Theorem	transaction_acid_compliant
domains/mobile_os/DataPersistence.v	347	Theorem	concurrent_access_safe
domains/mobile_os/DataPersistence.v	358	Theorem	data_deletion_complete
domains/mobile_os/DataPersistence.v	369	Theorem	index_consistent
domains/mobile_os/DataPersistence.v	380	Theorem	cache_invalidation_correct_thm
domains/mobile_os/DataPersistence.v	391	Theorem	serialization_safe
domains/mobile_os/DataPersistence.v	402	Theorem	deserialization_validated
domains/mobile_os/DataPersistence.v	413	Theorem	storage_quota_respected_thm
domains/mobile_os/DataPersistence.v	424	Theorem	data_export_sanitized_thm
domains/mobile_os/EncryptionSystem.v	109	Theorem	e2e_encryption_verified
domains/mobile_os/EncryptionSystem.v	124	Theorem	private_keys_in_secure_enclave
domains/mobile_os/EncryptionSystem.v	137	Theorem	e2e_channel_provides_security
domains/mobile_os/EncryptionSystem.v	151	Theorem	forward_secrecy_maintained
domains/mobile_os/EncryptionSystem.v	163	Theorem	strong_encryption_minimum_bits
domains/mobile_os/EncryptionSystem.v	175	Theorem	decryption_verifies_integrity
domains/mobile_os/EncryptionSystem.v	187	Theorem	key_derivation_preserves_strength
domains/mobile_os/EncryptionSystem.v	309	Theorem	encryption_decryption_inverse
domains/mobile_os/EncryptionSystem.v	328	Theorem	key_generation_random
domains/mobile_os/EncryptionSystem.v	338	Theorem	key_length_sufficient
domains/mobile_os/EncryptionSystem.v	348	Theorem	iv_never_reused_thm
domains/mobile_os/EncryptionSystem.v	358	Theorem	aead_authentication_verified
domains/mobile_os/EncryptionSystem.v	369	Theorem	key_derivation_deterministic
domains/mobile_os/EncryptionSystem.v	382	Theorem	password_hash_one_way_thm
domains/mobile_os/EncryptionSystem.v	393	Theorem	salt_unique_per_password
domains/mobile_os/EncryptionSystem.v	404	Theorem	key_rotation_seamless_thm
domains/mobile_os/EncryptionSystem.v	415	Theorem	encrypted_data_indistinguishable_thm
domains/mobile_os/EncryptionSystem.v	427	Theorem	padding_oracle_prevented_thm
domains/mobile_os/EncryptionSystem.v	438	Theorem	timing_attack_prevented_thm
domains/mobile_os/EncryptionSystem.v	449	Theorem	key_zeroization_complete_thm
domains/mobile_os/EncryptionSystem.v	460	Theorem	hardware_key_storage
domains/mobile_os/EncryptionSystem.v	471	Theorem	encryption_algorithm_approved_thm
domains/mobile_os/FileSystem.v	87	Theorem	filesystem_integrity
domains/mobile_os/FileSystem.v	100	Theorem	write_maintains_integrity
domains/mobile_os/FileSystem.v	111	Theorem	power_loss_safe
domains/mobile_os/FileSystem.v	130	Theorem	journal_write_preserves_base_consistency
domains/mobile_os/FileSystem.v	142	Theorem	commit_establishes_consistency
domains/mobile_os/FileSystem.v	252	Theorem	file_permissions_enforced
domains/mobile_os/FileSystem.v	268	Theorem	directory_traversal_prevented
domains/mobile_os/FileSystem.v	279	Theorem	symlink_attack_prevented
domains/mobile_os/FileSystem.v	290	Theorem	file_lock_exclusive_thm
domains/mobile_os/FileSystem.v	301	Theorem	atomic_rename
domains/mobile_os/FileSystem.v	314	Theorem	fsync_durability
domains/mobile_os/FileSystem.v	324	Theorem	no_partial_write
domains/mobile_os/FileSystem.v	333	Theorem	path_canonicalization
domains/mobile_os/FileSystem.v	344	Theorem	file_descriptor_bounded
domains/mobile_os/FileSystem.v	355	Theorem	inode_reference_count_correct
domains/mobile_os/FileSystem.v	366	Theorem	journal_recovery_correct
domains/mobile_os/FileSystem.v	379	Theorem	quota_enforced
domains/mobile_os/FileSystem.v	390	Theorem	temp_file_cleanup
domains/mobile_os/FileSystem.v	400	Theorem	file_type_validated
domains/mobile_os/FileSystem.v	410	Theorem	access_time_updated
domains/mobile_os/GraphicsEngine.v	74	Theorem	frame_rate_120hz_guaranteed
domains/mobile_os/GraphicsEngine.v	89	Theorem	no_frame_drops
domains/mobile_os/GraphicsEngine.v	106	Theorem	well_formed_renders_all
domains/mobile_os/GraphicsEngine.v	138	Theorem	render_pipeline_complete
domains/mobile_os/GraphicsEngine.v	147	Theorem	pipeline_starts_geometry
domains/mobile_os/GraphicsEngine.v	156	Theorem	pipeline_ends_display
domains/mobile_os/GraphicsEngine.v	271	Theorem	render_pipeline_has_all_stages
domains/mobile_os/GraphicsEngine.v	283	Theorem	shader_compilation_validated
domains/mobile_os/GraphicsEngine.v	293	Theorem	texture_memory_bounded
domains/mobile_os/GraphicsEngine.v	304	Theorem	draw_call_batched
domains/mobile_os/GraphicsEngine.v	314	Theorem	vsync_synchronized
domains/mobile_os/GraphicsEngine.v	324	Theorem	frame_buffer_double_buffered
domains/mobile_os/GraphicsEngine.v	334	Theorem	gpu_memory_tracked
domains/mobile_os/GraphicsEngine.v	344	Theorem	overdraw_minimized
domains/mobile_os/GraphicsEngine.v	354	Theorem	culling_correct
domains/mobile_os/GraphicsEngine.v	366	Theorem	z_buffer_precise
domains/mobile_os/GraphicsEngine.v	376	Theorem	anti_aliasing_applied
domains/mobile_os/GraphicsEngine.v	385	Theorem	color_space_correct
domains/mobile_os/GraphicsEngine.v	398	Theorem	hdr_tone_mapped
domains/mobile_os/GraphicsEngine.v	407	Theorem	gpu_timeout_handled
domains/mobile_os/GraphicsEngine.v	417	Theorem	render_thread_priority
domains/mobile_os/LocationServices.v	70	Theorem	location_accuracy_bounded
domains/mobile_os/LocationServices.v	85	Theorem	geofence_accurate
domains/mobile_os/LocationServices.v	96	Theorem	inside_within_radius
domains/mobile_os/LocationServices.v	107	Theorem	distance_symmetric
domains/mobile_os/LocationServices.v	121	Theorem	distance_self_zero
domains/mobile_os/LocationServices.v	135	Theorem	at_center_always_inside
domains/mobile_os/LocationServices.v	195	Theorem	location_permission_explicit
domains/mobile_os/LocationServices.v	206	Theorem	location_precision_adjustable
domains/mobile_os/LocationServices.v	217	Theorem	background_location_limited
domains/mobile_os/LocationServices.v	237	Theorem	background_location_limited
domains/mobile_os/LocationServices.v	249	Theorem	geofence_battery_efficient
domains/mobile_os/LocationServices.v	258	Theorem	location_data_encrypted
domains/mobile_os/LocationServices.v	268	Theorem	no_location_tracking_without_consent
domains/mobile_os/LocationServices.v	280	Theorem	location_cache_expiry
domains/mobile_os/LocationServices.v	291	Theorem	altitude_accuracy_bounded
domains/mobile_os/LocationServices.v	300	Theorem	heading_accuracy_bounded
domains/mobile_os/LocationServices.v	310	Theorem	speed_non_negative
domains/mobile_os/LocationServices.v	318	Theorem	coordinate_range_valid
domains/mobile_os/LocationServices.v	329	Theorem	location_update_frequency_bounded
domains/mobile_os/LocationServices.v	341	Theorem	significant_change_threshold
domains/mobile_os/LocationServices.v	353	Theorem	location_history_deletable
domains/mobile_os/LocationServices.v	362	Theorem	mock_location_detectable
domains/mobile_os/LocationServices.v	371	Theorem	distance_triangle_inequality
domains/mobile_os/MemoryManagement.v	78	Theorem	memory_compression_lossless
domains/mobile_os/MemoryManagement.v	92	Theorem	compression_preserves_id
domains/mobile_os/MemoryManagement.v	103	Theorem	compression_preserves_owner
domains/mobile_os/MemoryManagement.v	114	Theorem	no_system_oom_from_app
domains/mobile_os/MemoryManagement.v	134	Theorem	memory_isolation_sound
domains/mobile_os/MemoryManagement.v	147	Theorem	decompress_compress_contents
domains/mobile_os/MemoryManagement.v	257	Theorem	allocation_always_bounded
domains/mobile_os/MemoryManagement.v	270	Theorem	deallocation_complete
domains/mobile_os/MemoryManagement.v	281	Theorem	no_double_free
domains/mobile_os/MemoryManagement.v	294	Theorem	no_use_after_free
domains/mobile_os/MemoryManagement.v	306	Theorem	memory_leak_impossible
domains/mobile_os/MemoryManagement.v	320	Theorem	stack_overflow_prevented
domains/mobile_os/MemoryManagement.v	331	Theorem	heap_fragmentation_bounded
domains/mobile_os/MemoryManagement.v	342	Theorem	memory_pressure_handled
domains/mobile_os/MemoryManagement.v	353	Theorem	oom_graceful_recovery
domains/mobile_os/MemoryManagement.v	364	Theorem	virtual_memory_page_aligned
domains/mobile_os/MemoryManagement.v	374	Theorem	memory_mapping_non_overlapping
domains/mobile_os/MemoryManagement.v	388	Theorem	shared_memory_synchronized
domains/mobile_os/MemoryManagement.v	400	Theorem	cache_coherent
domains/mobile_os/MemoryManagement.v	411	Theorem	dma_buffer_protected
domains/mobile_os/MemoryManagement.v	422	Theorem	memory_zeroed_on_free
domains/mobile_os/MultiDeviceContinuity.v	65	Theorem	cross_device_handoff_complete
domains/mobile_os/MultiDeviceContinuity.v	78	Theorem	handoff_requires_auth
domains/mobile_os/MultiDeviceContinuity.v	90	Theorem	handoff_requires_pairing
domains/mobile_os/MultiDeviceContinuity.v	102	Theorem	complete_handoff_encrypted
domains/mobile_os/MultiDeviceContinuity.v	114	Theorem	only_enabled_apps_handoff
domains/mobile_os/MultiDeviceContinuity.v	286	Theorem	handoff_data_encrypted_thm
domains/mobile_os/MultiDeviceContinuity.v	300	Theorem	clipboard_sync_encrypted
domains/mobile_os/MultiDeviceContinuity.v	311	Theorem	device_trust_verified_thm
domains/mobile_os/MultiDeviceContinuity.v	323	Theorem	proximity_required_thm
domains/mobile_os/MultiDeviceContinuity.v	335	Theorem	continuity_permission_explicit_thm
domains/mobile_os/MultiDeviceContinuity.v	347	Theorem	shared_clipboard_expiry
domains/mobile_os/MultiDeviceContinuity.v	359	Theorem	universal_link_validated_thm
domains/mobile_os/MultiDeviceContinuity.v	370	Theorem	device_pairing_authenticated_thm
domains/mobile_os/MultiDeviceContinuity.v	382	Theorem	sync_conflict_resolved_thm
domains/mobile_os/MultiDeviceContinuity.v	393	Theorem	continuity_fallback_available_thm
domains/mobile_os/MultiDeviceContinuity.v	405	Theorem	shared_keychain_access_controlled_thm
domains/mobile_os/MultiDeviceContinuity.v	417	Theorem	nearby_interaction_consent
domains/mobile_os/MultiDeviceContinuity.v	428	Theorem	device_discovery_limited_thm
domains/mobile_os/MultiDeviceContinuity.v	439	Theorem	relay_traffic_encrypted_thm
domains/mobile_os/MultiDeviceContinuity.v	450	Theorem	continuity_session_timeout
domains/mobile_os/MultiDeviceContinuity.v	463	Theorem	device_pairing_key_exchange
domains/mobile_os/MultiDeviceContinuity.v	475	Theorem	continuity_permission_revocable
domains/mobile_os/MultiDeviceContinuity.v	487	Theorem	clipboard_expiry_within_max
domains/mobile_os/MultiDeviceContinuity.v	499	Theorem	shared_keychain_has_group
domains/mobile_os/MultiDeviceContinuity.v	511	Theorem	handoff_data_integrity_checked
domains/mobile_os/NetworkSecurity.v	69	Theorem	vpn_verified
domains/mobile_os/NetworkSecurity.v	83	Theorem	vpn_min_version
domains/mobile_os/NetworkSecurity.v	95	Theorem	no_downgrade_attack
domains/mobile_os/NetworkSecurity.v	124	Theorem	secure_negotiation_highest_common
domains/mobile_os/NetworkSecurity.v	140	Theorem	minimum_version_enforced
domains/mobile_os/NetworkSecurity.v	259	Theorem	packet_inspection_complete
domains/mobile_os/NetworkSecurity.v	272	Theorem	malicious_payload_blocked
domains/mobile_os/NetworkSecurity.v	283	Theorem	rate_limiting_enforced
domains/mobile_os/NetworkSecurity.v	294	Theorem	ddos_mitigation_active
domains/mobile_os/NetworkSecurity.v	304	Theorem	man_in_middle_detected
domains/mobile_os/NetworkSecurity.v	315	Theorem	replay_attack_prevented
domains/mobile_os/NetworkSecurity.v	327	Theorem	session_hijacking_prevented
domains/mobile_os/NetworkSecurity.v	338	Theorem	ssl_stripping_prevented_thm
domains/mobile_os/NetworkSecurity.v	349	Theorem	dns_poisoning_detected_thm
domains/mobile_os/NetworkSecurity.v	360	Theorem	arp_spoofing_detected
domains/mobile_os/NetworkSecurity.v	372	Theorem	port_scanning_limited
domains/mobile_os/NetworkSecurity.v	383	Theorem	connection_limit_per_ip
domains/mobile_os/NetworkSecurity.v	394	Theorem	ssl_version_minimum
domains/mobile_os/NetworkSecurity.v	405	Theorem	cipher_suite_strong
domains/mobile_os/NetworkSecurity.v	416	Theorem	certificate_revocation_checked
domains/mobile_os/NetworkingStack.v	93	Theorem	network_all_encrypted
domains/mobile_os/NetworkingStack.v	108	Theorem	cert_validation_correct
domains/mobile_os/NetworkingStack.v	119	Theorem	expired_cert_rejected
domains/mobile_os/NetworkingStack.v	135	Theorem	revoked_cert_rejected
domains/mobile_os/NetworkingStack.v	148	Theorem	invalid_chain_rejected
domains/mobile_os/NetworkingStack.v	161	Theorem	secure_conn_valid_cert
domains/mobile_os/NetworkingStack.v	274	Theorem	tls_required_for_external
domains/mobile_os/NetworkingStack.v	287	Theorem	certificate_validation_complete
domains/mobile_os/NetworkingStack.v	298	Theorem	dns_resolution_validated
domains/mobile_os/NetworkingStack.v	309	Theorem	no_plaintext_passwords
domains/mobile_os/NetworkingStack.v	320	Theorem	connection_timeout_enforced
domains/mobile_os/NetworkingStack.v	331	Theorem	socket_cleanup_complete
domains/mobile_os/NetworkingStack.v	342	Theorem	bandwidth_throttled
domains/mobile_os/NetworkingStack.v	352	Theorem	no_ip_spoofing
domains/mobile_os/NetworkingStack.v	362	Theorem	firewall_rules_applied
domains/mobile_os/NetworkingStack.v	372	Theorem	vpn_traffic_encrypted
domains/mobile_os/NetworkingStack.v	383	Theorem	http_strict_transport_thm
domains/mobile_os/NetworkingStack.v	394	Theorem	cors_policy_enforced
domains/mobile_os/NetworkingStack.v	405	Theorem	websocket_origin_validated
domains/mobile_os/NetworkingStack.v	416	Theorem	certificate_pinning_enforced
domains/mobile_os/NetworkingStack.v	427	Theorem	network_change_notified
domains/mobile_os/NotificationSystem.v	91	Theorem	notification_delivery_guaranteed
domains/mobile_os/NotificationSystem.v	106	Theorem	delivered_implies_sent
domains/mobile_os/NotificationSystem.v	120	Theorem	critical_passes_priority_filter
domains/mobile_os/NotificationSystem.v	132	Theorem	critical_passes_critical_filter
domains/mobile_os/NotificationSystem.v	144	Theorem	dnd_blocks_all
domains/mobile_os/NotificationSystem.v	154	Theorem	all_mode_passes_all
domains/mobile_os/NotificationSystem.v	242	Theorem	notification_permission_explicit
domains/mobile_os/NotificationSystem.v	253	Theorem	notification_content_sanitized
domains/mobile_os/NotificationSystem.v	263	Theorem	no_notification_spam
domains/mobile_os/NotificationSystem.v	274	Theorem	notification_priority_respected
domains/mobile_os/NotificationSystem.v	286	Theorem	do_not_disturb_enforced
domains/mobile_os/NotificationSystem.v	294	Theorem	notification_grouping_correct
domains/mobile_os/NotificationSystem.v	306	Theorem	notification_action_validated
domains/mobile_os/NotificationSystem.v	315	Theorem	notification_sound_bounded
domains/mobile_os/NotificationSystem.v	325	Theorem	notification_badge_accurate
domains/mobile_os/NotificationSystem.v	334	Theorem	notification_expiry_enforced
domains/mobile_os/NotificationSystem.v	343	Theorem	notification_channel_configurable
domains/mobile_os/NotificationSystem.v	354	Theorem	silent_notification_limited
domains/mobile_os/NotificationSystem.v	366	Theorem	notification_delivery_confirmed
domains/mobile_os/NotificationSystem.v	378	Theorem	notification_history_available
domains/mobile_os/NotificationSystem.v	388	Theorem	notification_dismiss_tracked
domains/mobile_os/NotificationSystem.v	397	Theorem	high_priority_passes_filter
domains/mobile_os/OnDeviceML.v	61	Theorem	ml_inference_deterministic
domains/mobile_os/OnDeviceML.v	72	Theorem	inference_same_input_same_output
domains/mobile_os/OnDeviceML.v	83	Theorem	ml_data_private
domains/mobile_os/OnDeviceML.v	96	Theorem	inference_preserves_shape
domains/mobile_os/OnDeviceML.v	107	Theorem	different_model_version_matters
domains/mobile_os/OnDeviceML.v	291	Theorem	model_input_validated
domains/mobile_os/OnDeviceML.v	304	Theorem	model_output_bounded
domains/mobile_os/OnDeviceML.v	315	Theorem	inference_latency_bounded
domains/mobile_os/OnDeviceML.v	326	Theorem	model_size_within_memory
domains/mobile_os/OnDeviceML.v	337	Theorem	model_update_atomic
domains/mobile_os/OnDeviceML.v	348	Theorem	differential_privacy_guaranteed
domains/mobile_os/OnDeviceML.v	359	Theorem	model_version_tracked
domains/mobile_os/OnDeviceML.v	370	Theorem	feature_extraction_deterministic
domains/mobile_os/OnDeviceML.v	381	Theorem	prediction_confidence_calibrated
domains/mobile_os/OnDeviceML.v	393	Theorem	model_not_exported
domains/mobile_os/OnDeviceML.v	405	Theorem	training_data_anonymized
domains/mobile_os/OnDeviceML.v	416	Theorem	adversarial_input_detected
domains/mobile_os/OnDeviceML.v	428	Theorem	model_fallback_available
domains/mobile_os/OnDeviceML.v	441	Theorem	batch_inference_ordered
domains/mobile_os/OnDeviceML.v	453	Theorem	model_quantization_bounded_error
domains/mobile_os/OnDeviceML.v	465	Theorem	on_device_only_preserves_privacy
domains/mobile_os/OnDeviceML.v	477	Theorem	adversarial_implies_high_perturbation
domains/mobile_os/OnDeviceML.v	489	Theorem	batch_length_consistency
domains/mobile_os/OnDeviceML.v	501	Theorem	privacy_budget_epsilon_bounded
domains/mobile_os/OnDeviceML.v	513	Theorem	failed_update_preserves_version
domains/mobile_os/PowerManagement.v	91	Theorem	thermal_bounds_enforced
domains/mobile_os/PowerManagement.v	105	Theorem	throttling_activation_correct
domains/mobile_os/PowerManagement.v	121	Theorem	power_transition_fullpower_balanced
domains/mobile_os/PowerManagement.v	129	Theorem	any_state_can_suspend
domains/mobile_os/PowerManagement.v	139	Theorem	suspended_can_resume
domains/mobile_os/PowerManagement.v	149	Theorem	low_power_optimizes_budget
domains/mobile_os/PowerManagement.v	236	Theorem	battery_level_accurate
domains/mobile_os/PowerManagement.v	246	Theorem	low_power_mode_reduces_usage
domains/mobile_os/PowerManagement.v	259	Theorem	thermal_throttling_safe
domains/mobile_os/PowerManagement.v	271	Theorem	charging_state_reported
domains/mobile_os/PowerManagement.v	282	Theorem	battery_health_tracked
domains/mobile_os/PowerManagement.v	292	Theorem	wake_lock_timeout_enforced
domains/mobile_os/PowerManagement.v	304	Theorem	background_power_limited
domains/mobile_os/PowerManagement.v	316	Theorem	cpu_frequency_bounded
domains/mobile_os/PowerManagement.v	326	Theorem	screen_brightness_adaptive
domains/mobile_os/PowerManagement.v	336	Theorem	idle_power_minimized
domains/mobile_os/PowerManagement.v	347	Theorem	power_event_notified
domains/mobile_os/PowerManagement.v	356	Theorem	battery_temperature_safe
domains/mobile_os/PowerManagement.v	366	Theorem	charge_rate_safe
domains/mobile_os/PowerManagement.v	376	Theorem	discharge_rate_bounded
domains/mobile_os/PowerManagement.v	386	Theorem	power_budget_per_app
domains/mobile_os/SystemApps.v	112	Theorem	system_apps_verified_correct
domains/mobile_os/SystemApps.v	126	Theorem	system_app_data_encrypted
domains/mobile_os/SystemApps.v	140	Theorem	state_transition_valid
domains/mobile_os/SystemApps.v	152	Theorem	sync_preserves_data
domains/mobile_os/SystemApps.v	165	Theorem	system_apps_sandboxed
domains/mobile_os/SystemApps.v	177	Theorem	minimal_permissions_enforced
domains/mobile_os/SystemApps.v	189	Theorem	system_app_response_correct
domains/mobile_os/SystemApps.v	200	Theorem	security_apps_encrypted
domains/mobile_os/SystemApps.v	283	Theorem	app_sandbox_enforced
domains/mobile_os/SystemApps.v	293	Theorem	no_cross_app_data_access
domains/mobile_os/SystemApps.v	304	Theorem	app_permission_checked_at_runtime
domains/mobile_os/SystemApps.v	315	Theorem	background_app_limited
domains/mobile_os/SystemApps.v	326	Theorem	foreground_app_priority
domains/mobile_os/SystemApps.v	337	Theorem	app_install_verified
domains/mobile_os/SystemApps.v	348	Theorem	app_update_atomic
domains/mobile_os/SystemApps.v	359	Theorem	app_uninstall_complete
domains/mobile_os/SystemApps.v	370	Theorem	app_data_encrypted_at_rest
domains/mobile_os/SystemApps.v	380	Theorem	app_network_permission_required
domains/mobile_os/SystemApps.v	391	Theorem	clipboard_access_notified
domains/mobile_os/SystemApps.v	402	Theorem	camera_access_indicator
domains/mobile_os/SystemApps.v	415	Theorem	microphone_access_indicator
domains/mobile_os/SystemApps.v	428	Theorem	location_access_indicator
domains/mobile_os/SystemApps.v	441	Theorem	notification_permission_explicit
domains/mobile_os/SystemApps.v	452	Theorem	check_app_security_correct
domains/mobile_os/SystemArchitecture.v	86	Theorem	boot_time_bounded
domains/mobile_os/SystemArchitecture.v	100	Theorem	ota_update_atomic
domains/mobile_os/SystemArchitecture.v	122	Theorem	no_boot_loop
domains/mobile_os/SystemArchitecture.v	152	Theorem	process_isolation_sound
domains/mobile_os/SystemArchitecture.v	261	Theorem	process_isolation_enforced
domains/mobile_os/SystemArchitecture.v	273	Theorem	memory_space_disjoint
domains/mobile_os/SystemArchitecture.v	286	Theorem	syscall_validation_complete
domains/mobile_os/SystemArchitecture.v	296	Theorem	privilege_escalation_impossible
domains/mobile_os/SystemArchitecture.v	309	Theorem	kernel_memory_protected
domains/mobile_os/SystemArchitecture.v	322	Theorem	user_space_bounded
domains/mobile_os/SystemArchitecture.v	333	Theorem	ipc_channels_typed
domains/mobile_os/SystemArchitecture.v	344	Theorem	resource_limits_enforced
domains/mobile_os/SystemArchitecture.v	355	Theorem	process_termination_clean
domains/mobile_os/SystemArchitecture.v	365	Theorem	zombie_process_impossible
domains/mobile_os/SystemArchitecture.v	379	Theorem	init_process_always_running
domains/mobile_os/SystemArchitecture.v	390	Theorem	pid_uniqueness
domains/mobile_os/SystemArchitecture.v	401	Theorem	scheduler_fairness
domains/mobile_os/SystemArchitecture.v	413	Theorem	context_switch_atomic
domains/mobile_os/SystemArchitecture.v	424	Theorem	signal_delivery_guaranteed
domains/mobile_os/SystemArchitecture.v	437	Theorem	supervisor_cannot_kernel
domains/mobile_os/SystemArchitecture.v	450	Theorem	user_kernel_memory_separation
domains/mobile_os/SystemArchitecture.v	463	Theorem	resource_usage_bounded
domains/mobile_os/TouchGestureSystem.v	88	Theorem	touch_latency_bounded
domains/mobile_os/TouchGestureSystem.v	104	Theorem	touch_registration_complete
domains/mobile_os/TouchGestureSystem.v	118	Theorem	no_ghost_touches
domains/mobile_os/TouchGestureSystem.v	132	Theorem	gesture_recognition_tap
domains/mobile_os/TouchGestureSystem.v	150	Theorem	touch_physical_registered_equiv
domains/mobile_os/TouchGestureSystem.v	244	Theorem	touch_event_ordered
domains/mobile_os/TouchGestureSystem.v	258	Theorem	multi_touch_tracked
domains/mobile_os/TouchGestureSystem.v	271	Theorem	touch_cancel_handled
domains/mobile_os/TouchGestureSystem.v	283	Theorem	gesture_priority_defined
domains/mobile_os/TouchGestureSystem.v	293	Theorem	touch_area_at_least_minimum
domains/mobile_os/TouchGestureSystem.v	303	Theorem	touch_pressure_bounded
domains/mobile_os/TouchGestureSystem.v	314	Theorem	touch_latency_bounded_16ms
domains/mobile_os/TouchGestureSystem.v	325	Theorem	hover_event_supported
domains/mobile_os/TouchGestureSystem.v	339	Theorem	stylus_pressure_sensitive
domains/mobile_os/TouchGestureSystem.v	353	Theorem	touch_coalescing_correct
domains/mobile_os/TouchGestureSystem.v	364	Theorem	touch_prediction_bounded
domains/mobile_os/TouchGestureSystem.v	375	Theorem	edge_touch_distinguished
domains/mobile_os/TouchGestureSystem.v	390	Theorem	accidental_touch_rejected
domains/mobile_os/TouchGestureSystem.v	404	Theorem	touch_event_timestamp_monotonic_single
domains/mobile_os/TouchGestureSystem.v	412	Theorem	simultaneous_gesture_resolution
domains/mobile_os/TouchGestureSystem.v	422	Theorem	unknown_gesture_lowest_priority
domains/mobile_os/TrackingPrevention.v	90	Theorem	no_tracking_without_consent
domains/mobile_os/TrackingPrevention.v	105	Theorem	tracking_requires_transparency_prompt
domains/mobile_os/TrackingPrevention.v	121	Theorem	denied_tracking_not_approved
domains/mobile_os/TrackingPrevention.v	156	Theorem	consent_revocation_effective
domains/mobile_os/TrackingPrevention.v	176	Theorem	no_consent_no_data
domains/mobile_os/TrackingPrevention.v	359	Theorem	cross_site_tracking_blocked_thm
domains/mobile_os/TrackingPrevention.v	374	Theorem	fingerprinting_prevented_thm
domains/mobile_os/TrackingPrevention.v	387	Theorem	third_party_cookies_blocked_thm
domains/mobile_os/TrackingPrevention.v	400	Theorem	tracking_pixel_detected_thm
domains/mobile_os/TrackingPrevention.v	413	Theorem	advertising_id_resettable_thm
domains/mobile_os/TrackingPrevention.v	424	Theorem	app_tracking_permission_required_thm
domains/mobile_os/TrackingPrevention.v	437	Theorem	link_decoration_stripped_thm
domains/mobile_os/TrackingPrevention.v	450	Theorem	bounce_tracking_prevented_thm
domains/mobile_os/TrackingPrevention.v	463	Theorem	cname_cloaking_detected_thm
domains/mobile_os/TrackingPrevention.v	476	Theorem	storage_access_partitioned_thm
domains/mobile_os/TrackingPrevention.v	489	Theorem	referrer_policy_strict_thm
domains/mobile_os/TrackingPrevention.v	501	Theorem	ip_address_masked_thm
domains/mobile_os/TrackingPrevention.v	512	Theorem	device_graph_prevented_thm
domains/mobile_os/TrackingPrevention.v	525	Theorem	tracker_list_updated_thm
domains/mobile_os/TrackingPrevention.v	537	Theorem	tracking_report_available_thm
domains/mobile_os/TrackingPrevention.v	548	Theorem	referrer_policy_options
domains/mobile_os/TrackingPrevention.v	560	Theorem	tracker_list_non_empty
domains/mobile_os/TrackingPrevention.v	572	Theorem	no_tracking_without_permission_request
domains/mobile_os/TrackingPrevention.v	589	Theorem	revocation_prevents_future_tracking
domains/mobile_os/TrackingPrevention.v	604	Theorem	ip_masked_via_relay
domains/mobile_os/UIComponents.v	99	Theorem	accessibility_complete
domains/mobile_os/UIComponents.v	114	Theorem	ui_state_valid
domains/mobile_os/UIComponents.v	132	Theorem	loading_to_ready_valid
domains/mobile_os/UIComponents.v	140	Theorem	active_to_ready_valid
domains/mobile_os/UIComponents.v	148	Theorem	error_recovery_valid
domains/mobile_os/UIComponents.v	156	Theorem	invalid_transition_preserves_state
domains/mobile_os/UIComponents.v	356	Theorem	button_state_valid_thm
domains/mobile_os/UIComponents.v	372	Theorem	text_field_input_sanitized_thm
domains/mobile_os/UIComponents.v	384	Theorem	list_view_recycling_correct_thm
domains/mobile_os/UIComponents.v	396	Theorem	scroll_view_bounds_checked_thm
domains/mobile_os/UIComponents.v	408	Theorem	image_view_loading_handled_thm
domains/mobile_os/UIComponents.v	420	Theorem	switch_toggle_atomic_thm
domains/mobile_os/UIComponents.v	432	Theorem	slider_value_bounded_thm
domains/mobile_os/UIComponents.v	443	Theorem	progress_bar_monotonic_thm
domains/mobile_os/UIComponents.v	455	Theorem	tab_bar_selection_exclusive_thm
domains/mobile_os/UIComponents.v	467	Theorem	navigation_stack_valid_thm
domains/mobile_os/UIComponents.v	479	Theorem	alert_dialog_modal_thm
domains/mobile_os/UIComponents.v	491	Theorem	action_sheet_dismissible_thm
domains/mobile_os/UIComponents.v	503	Theorem	date_picker_range_valid_thm
domains/mobile_os/UIComponents.v	515	Theorem	color_picker_gamut_valid_thm
domains/mobile_os/UIComponents.v	527	Theorem	search_bar_input_debounced_thm
domains/mobile_os/UIComponents.v	538	Theorem	alert_dialog_blocks_input
domains/mobile_os/UIComponents.v	550	Theorem	progress_bar_within_max
domains/mobile_os/UIComponents.v	562	Theorem	tab_bar_index_in_range
domains/mobile_os/UIComponents.v	574	Theorem	action_sheet_has_cancel
domains/mobile_os/UIComponents.v	586	Theorem	text_field_length_bounded
domains/mobile_os/VoiceAssistant.v	57	Theorem	voice_recognition_accurate
domains/mobile_os/VoiceAssistant.v	71	Theorem	voice_data_stays_local
domains/mobile_os/VoiceAssistant.v	84	Theorem	local_processing_preserves_privacy
domains/mobile_os/VoiceAssistant.v	95	Theorem	recognition_reflects_locality
domains/mobile_os/VoiceAssistant.v	271	Theorem	voice_data_processed_locally_thm
domains/mobile_os/VoiceAssistant.v	285	Theorem	wake_word_detection_on_device
domains/mobile_os/VoiceAssistant.v	296	Theorem	no_always_listening
domains/mobile_os/VoiceAssistant.v	308	Theorem	audio_deleted_after_processing_thm
domains/mobile_os/VoiceAssistant.v	321	Theorem	voice_command_intent_validated_thm
domains/mobile_os/VoiceAssistant.v	333	Theorem	speech_recognition_language_supported_thm
domains/mobile_os/VoiceAssistant.v	345	Theorem	voice_feedback_appropriate_thm
domains/mobile_os/VoiceAssistant.v	357	Theorem	voice_permission_explicit_thm
domains/mobile_os/VoiceAssistant.v	369	Theorem	conversation_context_bounded_thm
domains/mobile_os/VoiceAssistant.v	381	Theorem	voice_authentication_secure_thm
domains/mobile_os/VoiceAssistant.v	393	Theorem	noise_cancellation_bounded_thm
domains/mobile_os/VoiceAssistant.v	405	Theorem	voice_synthesis_quality_bounded_thm
domains/mobile_os/VoiceAssistant.v	417	Theorem	voice_command_undo_available_thm
domains/mobile_os/VoiceAssistant.v	429	Theorem	accessibility_voice_control_complete_thm
domains/mobile_os/VoiceAssistant.v	441	Theorem	dictation_privacy_mode_thm
domains/mobile_os/VoiceAssistant.v	453	Theorem	voice_data_not_sent_to_server
domains/mobile_os/VoiceAssistant.v	465	Theorem	voice_permission_requires_microphone
domains/mobile_os/VoiceAssistant.v	477	Theorem	voice_command_known_intent
domains/mobile_os/VoiceAssistant.v	489	Theorem	voice_undo_window_positive
domains/mobile_os/VoiceAssistant.v	501	Theorem	accessibility_labels_complete
domains/mobile_os/WirelessProtocols.v	61	Theorem	wifi_requires_wpa
domains/mobile_os/WirelessProtocols.v	76	Theorem	secure_protocol_encrypted
domains/mobile_os/WirelessProtocols.v	91	Theorem	secure_protocol_authenticated
domains/mobile_os/WirelessProtocols.v	106	Theorem	bluetooth_uses_secure_ble
domains/mobile_os/WirelessProtocols.v	119	Theorem	nfc_uses_secure_nfc
domains/mobile_os/WirelessProtocols.v	282	Theorem	bluetooth_pairing_authenticated
domains/mobile_os/WirelessProtocols.v	296	Theorem	wifi_connection_encrypted_thm
domains/mobile_os/WirelessProtocols.v	308	Theorem	nfc_range_limited_thm
domains/mobile_os/WirelessProtocols.v	320	Theorem	uwb_distance_accurate_thm
domains/mobile_os/WirelessProtocols.v	331	Theorem	bluetooth_data_encrypted
domains/mobile_os/WirelessProtocols.v	342	Theorem	wifi_password_not_stored_plaintext
domains/mobile_os/WirelessProtocols.v	353	Theorem	airdrop_permission_required
domains/mobile_os/WirelessProtocols.v	365	Theorem	bluetooth_service_discovery_bounded
domains/mobile_os/WirelessProtocols.v	376	Theorem	wifi_scanning_throttled
domains/mobile_os/WirelessProtocols.v	387	Theorem	nfc_transaction_atomic_thm
domains/mobile_os/WirelessProtocols.v	398	Theorem	uwb_anchor_validated
domains/mobile_os/WirelessProtocols.v	410	Theorem	bluetooth_connection_timeout
domains/mobile_os/WirelessProtocols.v	422	Theorem	wifi_roaming_seamless
domains/mobile_os/WirelessProtocols.v	434	Theorem	nfc_emulation_authorized
domains/mobile_os/WirelessProtocols.v	446	Theorem	wireless_coexistence_managed
domains/mobile_os/WirelessProtocols.v	458	Theorem	uwb_uses_secure_uwb
domains/mobile_os/WirelessProtocols.v	471	Theorem	airdrop_is_encrypted
domains/mobile_os/WirelessProtocols.v	483	Theorem	bluetooth_connection_timeout_positive
domains/mobile_os/WirelessProtocols.v	495	Theorem	wifi_roaming_preserves_encryption
domains/mobile_os/WirelessProtocols.v	507	Theorem	coexistence_interference_bounded
domains/security_foundation/BootVerification.v	176	Theorem	boot_chain_verified
domains/security_foundation/BootVerification.v	197	Theorem	boot_tampering_detected
domains/security_foundation/BootVerification.v	210	Theorem	failed_verification_no_boot
domains/security_foundation/BootVerification.v	226	Theorem	hardware_root_verified
domains/security_foundation/BootVerification.v	236	Theorem	boot_requires_verification
domains/security_foundation/BootVerification.v	245	Theorem	verification_preserves_previous
domains/security_foundation/BootVerification.v	275	Theorem	each_stage_verifies_next
domains/security_foundation/BootVerification.v	290	Theorem	root_of_trust_immutable
domains/security_foundation/BootVerification.v	297	Theorem	firmware_rollback_prevented
domains/security_foundation/BootVerification.v	315	Theorem	boot_log_only_grows
domains/security_foundation/BootVerification.v	327	Theorem	hash_mismatch_detected
domains/security_foundation/BootVerification.v	341	Theorem	recovery_mode_requires_hash
domains/security_foundation/BootVerification.v	356	Theorem	boot_stage_deterministic
domains/security_foundation/BootVerification.v	364	Theorem	config_table_validated
domains/security_foundation/BootVerification.v	383	Theorem	kernel_signature_checked
domains/security_foundation/BootVerification.v	395	Theorem	bootloader_follows_root
domains/security_foundation/BootVerification.v	402	Theorem	second_stage_follows_bootloader
domains/security_foundation/BootVerification.v	408	Theorem	kernel_follows_second_stage
domains/security_foundation/BootVerification.v	414	Theorem	initramfs_follows_kernel
domains/security_foundation/BootVerification.v	420	Theorem	hardware_root_self_previous
domains/security_foundation/BootVerification.v	427	Theorem	complete_boot_sets_success
domains/security_foundation/BootVerification.v	435	Theorem	complete_boot_preserves_verified
domains/security_foundation/DisplayDriver.v	91	Theorem	display_buffer_isolated
domains/security_foundation/DisplayDriver.v	119	Theorem	screen_capture_requires_permission
domains/security_foundation/DisplayDriver.v	132	Theorem	protected_buffer_access
domains/security_foundation/DisplayDriver.v	152	Theorem	no_permission_no_capture
domains/security_foundation/DisplayDriver.v	166	Theorem	buffer_ownership_exclusive
domains/security_foundation/DisplayDriver.v	195	Theorem	overlay_requires_permission
domains/security_foundation/DisplayDriver.v	206	Theorem	no_overlay_without_permission
domains/security_foundation/DisplayDriver.v	222	Theorem	display_output_integrity
domains/security_foundation/DisplayDriver.v	237	Theorem	valid_fb_positive_pixels
domains/security_foundation/DisplayDriver.v	252	Theorem	no_capture_perm_blocks_all_frames
domains/security_foundation/DisplayDriver.v	264	Theorem	protected_buffer_blocks_non_owner
domains/security_foundation/DisplayDriver.v	278	Theorem	read_requires_ownership_or_capture
domains/security_foundation/DisplayDriver.v	290	Theorem	capture_perm_reads_all
domains/security_foundation/DisplayDriver.v	300	Theorem	owner_reads_unprotected
domains/security_foundation/DisplayDriver.v	311	Theorem	overlay_state_consistent
domains/security_foundation/DisplayDriver.v	320	Theorem	no_overlay_no_app
domains/security_foundation/DisplayDriver.v	329	Theorem	fb_id_determines_buffer
domains/security_foundation/DisplayDriver.v	343	Theorem	display_isolation_symmetric
domains/security_foundation/DisplayDriver.v	358	Theorem	capture_overlay_independent
domains/security_foundation/DisplayDriver.v	371	Theorem	dual_perm_app
domains/security_foundation/DisplayDriver.v	388	Theorem	no_perm_app
domains/security_foundation/DisplayDriver.v	401	Theorem	empty_display_no_read
domains/security_foundation/DisplayDriver.v	412	Theorem	frame_timestamp_order
domains/security_foundation/GarbageCollector.v	109	Theorem	gc_preserves_live_objects
domains/security_foundation/GarbageCollector.v	125	Theorem	gc_collects_garbage
domains/security_foundation/GarbageCollector.v	139	Theorem	roots_reachable
domains/security_foundation/GarbageCollector.v	154	Theorem	references_reachable
domains/security_foundation/GarbageCollector.v	172	Theorem	empty_roots_gc
domains/security_foundation/GarbageCollector.v	198	Theorem	gc_preserves_root_set
domains/security_foundation/GarbageCollector.v	211	Theorem	unreachable_heap_cleared
domains/security_foundation/GarbageCollector.v	223	Theorem	gc_safety
domains/security_foundation/GarbageCollector.v	234	Theorem	root_reachable_subset
domains/security_foundation/GarbageCollector.v	245	Theorem	reachability_transitive
domains/security_foundation/GarbageCollector.v	259	Theorem	gc_idempotent
domains/security_foundation/GarbageCollector.v	271	Theorem	empty_heap_gc_safe
domains/security_foundation/GarbageCollector.v	286	Theorem	no_refs_no_children
domains/security_foundation/GarbageCollector.v	296	Theorem	gc_preserves_deterministic
domains/security_foundation/GarbageCollector.v	307	Theorem	single_root_survives
domains/security_foundation/GarbageCollector.v	325	Theorem	heap_utilization_nonneg
domains/security_foundation/GarbageCollector.v	333	Theorem	empty_heap_zero_utilization
domains/security_foundation/GarbageCollector.v	342	Theorem	object_id_eq_refl
domains/security_foundation/GarbageCollector.v	355	Theorem	reachable_implies_exists
domains/security_foundation/GarbageCollector.v	367	Theorem	valid_gc_reflects_reachability
domains/security_foundation/HardwareRootOfTrust.v	174	Theorem	root_of_trust_hardware
domains/security_foundation/HardwareRootOfTrust.v	191	Theorem	trust_extension_preserves_root
domains/security_foundation/HardwareRootOfTrust.v	208	Theorem	extended_component_trusted
domains/security_foundation/HardwareRootOfTrust.v	224	Theorem	untrusted_cannot_extend
domains/security_foundation/HardwareRootOfTrust.v	236	Theorem	root_key_is_protected
domains/security_foundation/HardwareRootOfTrust.v	247	Theorem	pcr_record_preserved
domains/security_foundation/HardwareRootOfTrust.v	258	Theorem	hw_root_always_trusted
domains/security_foundation/HardwareRootOfTrust.v	278	Theorem	attestation_key_present_initial
domains/security_foundation/HardwareRootOfTrust.v	286	Theorem	hardware_initialized_initial
domains/security_foundation/HardwareRootOfTrust.v	294	Theorem	trust_extension_preserves_attestation
domains/security_foundation/HardwareRootOfTrust.v	305	Theorem	trust_extension_preserves_root_key
domains/security_foundation/HardwareRootOfTrust.v	316	Theorem	trust_extension_preserves_init
domains/security_foundation/HardwareRootOfTrust.v	327	Theorem	pcr_preserves_trust_chain
domains/security_foundation/HardwareRootOfTrust.v	335	Theorem	pcr_preserves_root_key
domains/security_foundation/HardwareRootOfTrust.v	343	Theorem	pcr_values_grow
domains/security_foundation/HardwareRootOfTrust.v	353	Theorem	trust_chain_grows
domains/security_foundation/HardwareRootOfTrust.v	364	Theorem	extended_chain_has_component
domains/security_foundation/HardwareRootOfTrust.v	375	Theorem	hsm_type_invariant_extend
domains/security_foundation/HardwareRootOfTrust.v	385	Theorem	hsm_type_invariant_pcr
domains/security_foundation/HardwareRootOfTrust.v	392	Theorem	root_key_protection_preserved
domains/security_foundation/HardwareRootOfTrust.v	405	Theorem	root_key_protection_preserved_pcr
domains/security_foundation/IOMMUProtection.v	122	Theorem	dma_isolation
domains/security_foundation/IOMMUProtection.v	140	Theorem	iommu_config_protected
domains/security_foundation/IOMMUProtection.v	153	Theorem	iommu_config_protected_v2
domains/security_foundation/IOMMUProtection.v	163	Theorem	dma_requires_iommu_enabled
domains/security_foundation/IOMMUProtection.v	181	Theorem	unconfigured_device_no_dma
domains/security_foundation/IOMMUProtection.v	195	Theorem	out_of_range_dma_blocked
domains/security_foundation/IOMMUProtection.v	212	Theorem	iommu_lockdown_effective
domains/security_foundation/IOMMUProtection.v	229	Theorem	dma_isolation_enforced
domains/security_foundation/IOMMUProtection.v	241	Theorem	device_address_bounded
domains/security_foundation/IOMMUProtection.v	255	Theorem	mapping_table_consistent
domains/security_foundation/IOMMUProtection.v	270	Theorem	no_dma_to_kernel
domains/security_foundation/IOMMUProtection.v	283	Theorem	iommu_bypass_impossible
domains/security_foundation/IOMMUProtection.v	297	Theorem	address_range_lower_bound
domains/security_foundation/IOMMUProtection.v	309	Theorem	address_range_upper_bound
domains/security_foundation/IOMMUProtection.v	321	Theorem	device_identity_verified
domains/security_foundation/IOMMUProtection.v	334	Theorem	empty_config_denies_all
domains/security_foundation/IOMMUProtection.v	347	Theorem	disabled_iommu_denies_all
domains/security_foundation/IOMMUProtection.v	360	Theorem	locked_config_invariant
domains/security_foundation/IOMMUProtection.v	373	Theorem	zero_size_config_denies
domains/security_foundation/IOMMUProtection.v	387	Theorem	find_device_config_none_not_in
domains/security_foundation/IOMMUProtection.v	405	Theorem	find_device_config_some_matches
domains/security_foundation/IOMMUProtection.v	421	Theorem	independent_device_configs
domains/security_foundation/InterruptVirtualization.v	102	Theorem	interrupt_injection_authorized
domains/security_foundation/InterruptVirtualization.v	119	Theorem	interrupt_isolation
domains/security_foundation/InterruptVirtualization.v	148	Theorem	device_irq_unique_owner
domains/security_foundation/InterruptVirtualization.v	161	Theorem	timer_interrupt_local
domains/security_foundation/InterruptVirtualization.v	171	Theorem	ipi_requires_authorization
domains/security_foundation/InterruptVirtualization.v	182	Theorem	unauthorized_ipi_blocked
domains/security_foundation/InterruptVirtualization.v	196	Theorem	self_injection_allowed
domains/security_foundation/InterruptVirtualization.v	241	Theorem	masked_irq_not_deliverable
domains/security_foundation/InterruptVirtualization.v	255	Theorem	disabled_irq_not_deliverable
domains/security_foundation/InterruptVirtualization.v	269	Theorem	non_pending_irq_not_deliverable
domains/security_foundation/InterruptVirtualization.v	283	Theorem	unknown_irq_not_deliverable
domains/security_foundation/InterruptVirtualization.v	295	Theorem	no_auth_no_injection
domains/security_foundation/InterruptVirtualization.v	306	Theorem	device_irq_requires_ownership
domains/security_foundation/InterruptVirtualization.v	317	Theorem	cross_vm_requires_ipi
domains/security_foundation/InterruptVirtualization.v	331	Theorem	ipi_authorization_directional
domains/security_foundation/InterruptVirtualization.v	346	Theorem	empty_ipi_blocks_cross_vm
domains/security_foundation/InterruptVirtualization.v	361	Theorem	empty_assignments_blocks_device_irqs
domains/security_foundation/InterruptVirtualization.v	374	Theorem	irq_assignment_deterministic
domains/security_foundation/InterruptVirtualization.v	385	Theorem	timer_injection_always_succeeds
domains/security_foundation/InterruptVirtualization.v	395	Theorem	self_ipi_possible
domains/security_foundation/InterruptVirtualization.v	406	Theorem	injection_source_valid
domains/security_foundation/MemoryVirtualization.v	109	Theorem	ept_integrity
domains/security_foundation/MemoryVirtualization.v	126	Theorem	vm_creation_authorized
domains/security_foundation/MemoryVirtualization.v	154	Theorem	translation_deterministic
domains/security_foundation/MemoryVirtualization.v	167	Theorem	invalid_gpa_no_translation
domains/security_foundation/MemoryVirtualization.v	191	Theorem	ept_vm_isolation
domains/security_foundation/MemoryVirtualization.v	226	Theorem	no_cap_no_vm_creation
domains/security_foundation/MemoryVirtualization.v	255	Theorem	page_table_permission_enforced
domains/security_foundation/MemoryVirtualization.v	268	Theorem	kernel_pages_non_writable_from_user
domains/security_foundation/MemoryVirtualization.v	278	Theorem	page_fault_handler_safe
domains/security_foundation/MemoryVirtualization.v	295	Theorem	copy_on_write_correct
domains/security_foundation/MemoryVirtualization.v	305	Theorem	virtual_address_canonical
domains/security_foundation/MemoryVirtualization.v	317	Theorem	guest_cannot_modify_any_ept
domains/security_foundation/MemoryVirtualization.v	325	Theorem	hypervisor_owns_all_epts
domains/security_foundation/MemoryVirtualization.v	333	Theorem	find_ept_deterministic
domains/security_foundation/MemoryVirtualization.v	344	Theorem	no_ept_no_mapping
domains/security_foundation/MemoryVirtualization.v	361	Theorem	vm_creation_records_creator
domains/security_foundation/MemoryVirtualization.v	372	Theorem	empty_ept_no_translations
domains/security_foundation/MemoryVirtualization.v	382	Theorem	gpa_in_ept_translation_exists
domains/security_foundation/MemoryVirtualization.v	397	Theorem	different_vms_different_epts
domains/security_foundation/MemoryVirtualization.v	428	Theorem	write_protect_enforced
domains/security_foundation/MemoryVirtualization.v	442	Theorem	execute_disable_respected
domains/security_foundation/NetworkDriver.v	68	Theorem	network_isolation
domains/security_foundation/NetworkDriver.v	89	Theorem	socket_ownership_exclusive
domains/security_foundation/NetworkDriver.v	110	Theorem	unbound_socket_not_usable
domains/security_foundation/NetworkDriver.v	174	Theorem	send_requires_network_permission
domains/security_foundation/NetworkDriver.v	185	Theorem	receive_requires_network_permission
domains/security_foundation/NetworkDriver.v	196	Theorem	no_perm_blocks_send
domains/security_foundation/NetworkDriver.v	208	Theorem	no_perm_blocks_receive
domains/security_foundation/NetworkDriver.v	220	Theorem	unbound_blocks_send
domains/security_foundation/NetworkDriver.v	231	Theorem	unbound_blocks_receive
domains/security_foundation/NetworkDriver.v	242	Theorem	default_deny_firewall
domains/security_foundation/NetworkDriver.v	250	Theorem	cross_app_socket_impossible
domains/security_foundation/NetworkDriver.v	263	Theorem	cross_app_receive_impossible
domains/security_foundation/NetworkDriver.v	276	Theorem	send_implies_bound
domains/security_foundation/NetworkDriver.v	287	Theorem	receive_implies_bound
domains/security_foundation/NetworkDriver.v	298	Theorem	socket_isolation_by_owner
domains/security_foundation/NetworkDriver.v	311	Theorem	access_control_consistent
domains/security_foundation/NetworkDriver.v	322	Theorem	network_perm_required_both_directions
domains/security_foundation/NetworkDriver.v	333	Theorem	full_network_isolation
domains/security_foundation/NetworkDriver.v	345	Theorem	bound_implies_usable
domains/security_foundation/NetworkDriver.v	353	Theorem	firewall_protects
domains/security_foundation/NetworkDriver.v	361	Theorem	socket_port_nonneg
domains/security_foundation/RollbackProtection.v	163	Theorem	rollback_protection
domains/security_foundation/RollbackProtection.v	184	Theorem	old_version_cannot_boot
domains/security_foundation/RollbackProtection.v	199	Theorem	current_or_newer_allowed
domains/security_foundation/RollbackProtection.v	216	Theorem	min_version_monotonic
domains/security_foundation/RollbackProtection.v	233	Theorem	no_minimum_any_allowed
domains/security_foundation/RollbackProtection.v	246	Theorem	disabled_rollback_allows_all
domains/security_foundation/RollbackProtection.v	267	Theorem	version_lt_irreflexive
domains/security_foundation/RollbackProtection.v	280	Theorem	same_version_always_allowed
domains/security_foundation/RollbackProtection.v	293	Theorem	update_stores_new_min
domains/security_foundation/RollbackProtection.v	305	Theorem	record_preserves_anti_rollback
domains/security_foundation/RollbackProtection.v	313	Theorem	record_preserves_minimums
domains/security_foundation/RollbackProtection.v	321	Theorem	update_preserves_anti_rollback
domains/security_foundation/RollbackProtection.v	329	Theorem	advance_preserves_anti_rollback
domains/security_foundation/RollbackProtection.v	340	Theorem	equal_version_not_rollback
domains/security_foundation/RollbackProtection.v	351	Theorem	initial_state_allows_all
domains/security_foundation/RollbackProtection.v	360	Theorem	initial_state_no_minimums
domains/security_foundation/RollbackProtection.v	368	Theorem	initial_state_no_current
domains/security_foundation/RollbackProtection.v	376	Theorem	enforced_detects_rollback
domains/security_foundation/RollbackProtection.v	388	Theorem	hardware_stored_minimum_recorded
domains/security_foundation/RollbackProtection.v	398	Theorem	advance_missing_current_identity
domains/security_foundation/RollbackProtection.v	408	Theorem	independent_component_minimums
domains/security_foundation/SensorDrivers.v	84	Theorem	sensor_access_controlled
domains/security_foundation/SensorDrivers.v	101	Theorem	recording_indicator_mandatory
domains/security_foundation/SensorDrivers.v	118	Theorem	no_permission_no_sensor
domains/security_foundation/SensorDrivers.v	134	Theorem	camera_requires_camera_perm
domains/security_foundation/SensorDrivers.v	149	Theorem	gps_requires_location_perm
domains/security_foundation/SensorDrivers.v	185	Theorem	rate_limit_blocks_excess
domains/security_foundation/SensorDrivers.v	196	Theorem	microphone_requires_mic_perm
domains/security_foundation/SensorDrivers.v	209	Theorem	accelerometer_requires_motion_perm
domains/security_foundation/SensorDrivers.v	222	Theorem	gyroscope_requires_motion_perm
domains/security_foundation/SensorDrivers.v	235	Theorem	no_permissions_no_sensors
domains/security_foundation/SensorDrivers.v	255	Theorem	indicators_independent
domains/security_foundation/SensorDrivers.v	267	Theorem	mic_indicator_when_active
domains/security_foundation/SensorDrivers.v	278	Theorem	cam_indicator_when_active
domains/security_foundation/SensorDrivers.v	289	Theorem	both_sensors_both_indicators
domains/security_foundation/SensorDrivers.v	303	Theorem	no_active_no_indicator_required
domains/security_foundation/SensorDrivers.v	314	Theorem	sensor_perm_type_specific
domains/security_foundation/SensorDrivers.v	325	Theorem	camera_perm_not_mic
domains/security_foundation/SensorDrivers.v	340	Theorem	motion_perm_covers_both
domains/security_foundation/SensorDrivers.v	354	Theorem	sensor_reading_valid
domains/security_foundation/SensorDrivers.v	387	Theorem	bounded_sensor_rate_valid
domains/security_foundation/SensorDrivers.v	395	Theorem	revoke_all_blocks_all_types
domains/security_foundation/SensorDrivers.v	414	Theorem	gps_independent_of_camera
domains/security_foundation/VerifiedCrypto.v	99	Theorem	key_never_plaintext
domains/security_foundation/VerifiedCrypto.v	117	Theorem	crypto_constant_time
domains/security_foundation/VerifiedCrypto.v	130	Theorem	wrapped_key_protected
domains/security_foundation/VerifiedCrypto.v	145	Theorem	secure_memory_protects_key
domains/security_foundation/VerifiedCrypto.v	156	Theorem	constant_time_prevents_timing_attack
domains/security_foundation/VerifiedCrypto.v	167	Theorem	non_constant_time_vulnerable
domains/security_foundation/VerifiedCrypto.v	196	Theorem	key_never_exposed
domains/security_foundation/VerifiedCrypto.v	207	Theorem	weak_key_detected
domains/security_foundation/VerifiedCrypto.v	217	Theorem	strong_key_sufficient
domains/security_foundation/VerifiedCrypto.v	227	Theorem	encrypt_decrypt_equal_time
domains/security_foundation/VerifiedCrypto.v	237	Theorem	sign_verify_equal_time
domains/security_foundation/VerifiedCrypto.v	247	Theorem	hash_fastest_operation
domains/security_foundation/VerifiedCrypto.v	258	Theorem	key_derive_slowest
domains/security_foundation/VerifiedCrypto.v	269	Theorem	secure_storage_implies_protected
domains/security_foundation/VerifiedCrypto.v	279	Theorem	unprotected_key_vulnerable
domains/security_foundation/VerifiedCrypto.v	290	Theorem	protection_complementary
domains/security_foundation/VerifiedCrypto.v	299	Theorem	no_protection_potential_exposure
domains/security_foundation/VerifiedCrypto.v	315	Theorem	fully_hardened_context
domains/security_foundation/VerifiedCrypto.v	325	Theorem	operation_time_positive
domains/security_foundation/VerifiedCrypto.v	336	Theorem	encrypt_faster_than_sign
domains/security_foundation/VerifiedCrypto.v	346	Theorem	crypto_execution_deterministic
domains/uiux/AnimationEngine.v	62	Theorem	animation_120fps_guaranteed
domains/uiux/AnimationEngine.v	77	Theorem	spring_physics_initial_condition
domains/uiux/AnimationEngine.v	91	Theorem	animation_interruption_velocity_continuous
domains/uiux/AnimationEngine.v	102	Lemma	frame_budget_positive
domains/uiux/AnimationEngine.v	111	Lemma	exp_positive
domains/uiux/AnimationEngine.v	195	Theorem	animation_frame_positive
domains/uiux/AnimationEngine.v	206	Theorem	jank_free_guarantee
domains/uiux/AnimationEngine.v	218	Theorem	spring_converges_to_target
domains/uiux/AnimationEngine.v	247	Theorem	spring_position_continuous
domains/uiux/AnimationEngine.v	261	Theorem	animation_energy_decreasing
domains/uiux/AnimationEngine.v	275	Theorem	frame_rate_stable
domains/uiux/AnimationEngine.v	288	Theorem	animation_cancellable
domains/uiux/AnimationEngine.v	296	Theorem	cancelled_animation_preserves_position
domains/uiux/AnimationEngine.v	308	Theorem	cancelled_animation_value_well_defined
domains/uiux/AnimationEngine.v	319	Theorem	parallel_animations_independent
domains/uiux/AnimationEngine.v	333	Theorem	keyframe_interpolation_bounded
domains/uiux/AnimationEngine.v	351	Theorem	bezier_curve_bounded_start
domains/uiux/AnimationEngine.v	362	Theorem	bezier_curve_bounded_end
domains/uiux/AnimationEngine.v	372	Theorem	animation_state_machine_valid
domains/uiux/AnimationEngine.v	384	Theorem	animation_state_machine_invalid_idle_complete
domains/uiux/AnimationEngine.v	392	Theorem	animation_completion_callback_fired
domains/uiux/AnimationEngine.v	405	Theorem	overdamped_no_oscillation
domains/uiux/AnimationEngine.v	432	Theorem	animation_queue_fifo
domains/uiux/AnimationEngine.v	454	Theorem	animation_queue_fifo_sorted
domains/uiux/AnimationEngine.v	465	Theorem	spring_position_between
domains/uiux/AnimationEngine.v	499	Theorem	frame_time_in_operating_range
domains/uiux/CognitiveAccessibility.v	100	Theorem	ui_behavior_predictable
domains/uiux/CognitiveAccessibility.v	113	Theorem	ui_behavior_predictable_direct
domains/uiux/CognitiveAccessibility.v	123	Lemma	interaction_type_decidable
domains/uiux/CognitiveAccessibility.v	134	Lemma	outcome_type_decidable
domains/uiux/CognitiveAccessibility.v	141	Lemma	outcome_eq_reflexive
domains/uiux/CognitiveAccessibility.v	149	Lemma	outcome_eq_symmetric
domains/uiux/CognitiveAccessibility.v	157	Lemma	expected_outcome_deterministic
domains/uiux/CognitiveAccessibility.v	167	Lemma	outcome_matches_interaction_type
domains/uiux/CognitiveAccessibility.v	176	Lemma	context_preserved
domains/uiux/CognitiveAccessibility.v	185	Lemma	interaction_type_exhaustive
domains/uiux/CognitiveAccessibility.v	194	Lemma	outcome_type_exhaustive
domains/uiux/CognitiveAccessibility.v	241	Theorem	information_density_bounded
domains/uiux/CognitiveAccessibility.v	276	Theorem	progressive_disclosure
domains/uiux/CognitiveAccessibility.v	305	Theorem	choice_overload_prevention
domains/uiux/CognitiveAccessibility.v	316	Corollary	choice_overload_concrete
domains/uiux/CognitiveAccessibility.v	350	Theorem	consistent_navigation
domains/uiux/CognitiveAccessibility.v	380	Theorem	breadcrumb_always_available
domains/uiux/CognitiveAccessibility.v	390	Corollary	nested_page_has_breadcrumb
domains/uiux/CognitiveAccessibility.v	416	Theorem	loading_state_always_shown
domains/uiux/CognitiveAccessibility.v	445	Theorem	undo_always_available
domains/uiux/CognitiveAccessibility.v	455	Lemma	undo_edit_swaps
domains/uiux/CognitiveAccessibility.v	484	Theorem	confirmation_for_destructive
domains/uiux/CognitiveAccessibility.v	495	Corollary	delete_requires_confirmation
domains/uiux/CognitiveAccessibility.v	552	Theorem	inline_validation
domains/uiux/CognitiveAccessibility.v	564	Theorem	error_message_specific
domains/uiux/CognitiveAccessibility.v	601	Theorem	auto_save_prevents_loss
domains/uiux/CognitiveAccessibility.v	628	Lemma	min_error_idx_nonempty
domains/uiux/CognitiveAccessibility.v	639	Lemma	min_error_idx_le_head
domains/uiux/CognitiveAccessibility.v	652	Lemma	min_error_idx_le_all
domains/uiux/CognitiveAccessibility.v	676	Theorem	scroll_to_first_error
domains/uiux/CognitiveAccessibility.v	702	Theorem	error_count_visible
domains/uiux/CognitiveAccessibility.v	717	Lemma	error_count_monotone
domains/uiux/CognitiveAccessibility.v	752	Theorem	error_fixable
domains/uiux/CognitiveAccessibility.v	785	Theorem	animation_duration_bounded
domains/uiux/CognitiveAccessibility.v	803	Lemma	action_class_eq_dec
domains/uiux/CognitiveAccessibility.v	825	Theorem	easing_consistent_nil
domains/uiux/CognitiveAccessibility.v	832	Theorem	easing_consistent_singleton
domains/uiux/CognitiveAccessibility.v	867	Theorem	no_layout_shift
domains/uiux/CognitiveAccessibility.v	876	Corollary	no_layout_shift_nth
domains/uiux/CognitiveAccessibility.v	900	Theorem	feedback_immediate
domains/uiux/CognitiveAccessibility.v	931	Theorem	transition_reversible
domains/uiux/CognitiveAccessibility.v	943	Lemma	reverse_swaps_endpoints
domains/uiux/CognitiveAccessibility.v	952	Lemma	reverse_preserves_anim_style
domains/uiux/CognitiveAccessibility.v	1006	Theorem	same_input_same_output
domains/uiux/CognitiveAccessibility.v	1022	Lemma	handle_ui_event_deterministic
domains/uiux/CognitiveAccessibility.v	1041	Theorem	no_surprise_popups
domains/uiux/CognitiveAccessibility.v	1050	Corollary	timer_cannot_trigger_dialog
domains/uiux/CognitiveAccessibility.v	1060	Corollary	network_cannot_trigger_dialog
domains/uiux/CognitiveAccessibility.v	1096	Theorem	button_does_what_it_says
domains/uiux/CognitiveAccessibility.v	1105	Lemma	label_to_effect_injective
domains/uiux/CognitiveAccessibility.v	1131	Theorem	back_button_goes_back
domains/uiux/CognitiveAccessibility.v	1140	Lemma	nav_push_grows
domains/uiux/CognitiveAccessibility.v	1148	Lemma	nav_pop_shrinks
domains/uiux/CognitiveAccessibility.v	1169	Theorem	link_destination_visible
domains/uiux/CognitiveAccessibility.v	1191	Theorem	no_auto_redirect
domains/uiux/CognitiveAccessibility.v	1201	Corollary	no_timer_redirect
domains/uiux/CognitiveAccessibility.v	1211	Corollary	no_network_redirect
domains/uiux/GestureSystem.v	76	Theorem	gesture_disambiguation_unique
domains/uiux/GestureSystem.v	101	Theorem	tap_latency_no_unnecessary_delay
domains/uiux/GestureSystem.v	116	Theorem	swipe_velocity_matches_physics
domains/uiux/GestureSystem.v	146	Theorem	multi_touch_always_synchronized
domains/uiux/GestureSystem.v	174	Theorem	gesture_type_decidable
domains/uiux/GestureSystem.v	185	Theorem	confidence_above_threshold
domains/uiux/GestureSystem.v	196	Theorem	single_tap_fast
domains/uiux/GestureSystem.v	224	Theorem	swipe_direction_deterministic
domains/uiux/GestureSystem.v	246	Theorem	pinch_center_invariant
domains/uiux/GestureSystem.v	264	Theorem	rotation_angle_bounded
domains/uiux/GestureSystem.v	287	Theorem	gesture_recognizer_total
domains/uiux/GestureSystem.v	297	Theorem	gesture_recognizer_always_classifies
domains/uiux/GestureSystem.v	318	Theorem	no_ghost_touches
domains/uiux/GestureSystem.v	339	Theorem	multi_touch_sorted_head
domains/uiux/GestureSystem.v	350	Theorem	multi_touch_sorted_tail
domains/uiux/GestureSystem.v	371	Theorem	gesture_cancel_safe
domains/uiux/GestureSystem.v	393	Theorem	edge_swipe_distinguishable
domains/uiux/GestureSystem.v	414	Theorem	three_d_touch_pressure_monotonic
domains/uiux/GestureSystem.v	437	Theorem	palm_rejection_correct
domains/uiux/GestureSystem.v	456	Theorem	gesture_exclusive
domains/uiux/GestureSystem.v	479	Theorem	velocity_tracker_accurate
domains/uiux/GestureSystem.v	491	Theorem	velocity_magnitude_non_negative
domains/uiux/GestureSystem.v	520	Theorem	gesture_confidence_high
domains/uiux/MotorAccessibility.v	115	Theorem	switch_control_complete
domains/uiux/MotorAccessibility.v	128	Theorem	voice_control_complete
domains/uiux/MotorAccessibility.v	137	Lemma	switch_command_exists
domains/uiux/MotorAccessibility.v	149	Lemma	speakable_command_positive
domains/uiux/MotorAccessibility.v	157	Lemma	switch_command_decidable
domains/uiux/MotorAccessibility.v	164	Lemma	action_type_decidable
domains/uiux/MotorAccessibility.v	171	Lemma	all_actions_switch_accessible
domains/uiux/MotorAccessibility.v	180	Lemma	all_actions_voice_accessible
domains/uiux/MotorAccessibility.v	189	Lemma	action_type_exhaustive
domains/uiux/MotorAccessibility.v	290	Theorem	touch_target_minimum_width
domains/uiux/MotorAccessibility.v	302	Theorem	touch_target_minimum_height
domains/uiux/MotorAccessibility.v	314	Theorem	touch_target_spacing
domains/uiux/MotorAccessibility.v	329	Theorem	touch_target_not_overlapping
domains/uiux/MotorAccessibility.v	344	Theorem	close_button_reachable
domains/uiux/MotorAccessibility.v	359	Theorem	corner_targets_enlarged
domains/uiux/MotorAccessibility.v	374	Theorem	nested_targets_resolved
domains/uiux/MotorAccessibility.v	386	Lemma	corner_size_exceeds_minimum
domains/uiux/MotorAccessibility.v	484	Theorem	all_interactive_keyboard_accessible
domains/uiux/MotorAccessibility.v	495	Theorem	no_keyboard_trap
domains/uiux/MotorAccessibility.v	506	Theorem	visible_focus_indicator
domains/uiux/MotorAccessibility.v	518	Theorem	skip_navigation_available
domains/uiux/MotorAccessibility.v	530	Theorem	shortcut_keys_not_conflicting
domains/uiux/MotorAccessibility.v	546	Theorem	escape_closes_modal
domains/uiux/MotorAccessibility.v	617	Theorem	time_limits_extendable
domains/uiux/MotorAccessibility.v	631	Theorem	no_auto_timeout
domains/uiux/MotorAccessibility.v	645	Theorem	timeout_warning
domains/uiux/MotorAccessibility.v	658	Theorem	progress_saved_on_timeout
domains/uiux/MotorAccessibility.v	672	Theorem	timeout_extension_sufficient
domains/uiux/MotorAccessibility.v	686	Theorem	untimed_alternative_available
domains/uiux/MotorAccessibility.v	745	Lemma	input_method_in_correct
domains/uiux/MotorAccessibility.v	796	Theorem	voice_input_supported
domains/uiux/MotorAccessibility.v	808	Theorem	eye_tracking_supported
domains/uiux/MotorAccessibility.v	819	Theorem	head_switch_supported
domains/uiux/MotorAccessibility.v	830	Theorem	single_switch_operable
domains/uiux/MotorAccessibility.v	841	Theorem	dwell_activation_available
domains/uiux/MotorAccessibility.v	852	Theorem	gesture_alternatives_available
domains/uiux/MotorAccessibility.v	864	Theorem	motor_complete_system_composable
domains/uiux/MotorAccessibility.v	897	Theorem	alt_input_covers_standard
domains/uiux/MotorAccessibility.v	915	Theorem	timing_safety_total
domains/uiux/MotorAccessibility.v	936	Theorem	touch_and_keyboard_covered
domains/uiux/MotorAccessibility.v	960	Theorem	timed_action_doubles_at_minimum
domains/uiux/MotorAccessibility.v	977	Theorem	no_action_left_behind
domains/uiux/MotorAccessibility.v	991	Theorem	dwell_implies_no_forced_click
domains/uiux/MotorAccessibility.v	1004	Theorem	focus_and_skip_coexist
domains/uiux/MotorAccessibility.v	1020	Theorem	complete_alt_input_guarantee
domains/uiux/ScrollPhysics.v	40	Theorem	deceleration_initial_velocity
domains/uiux/ScrollPhysics.v	57	Theorem	paging_exact_boundary
domains/uiux/ScrollPhysics.v	68	Lemma	velocity_decays
domains/uiux/ScrollPhysics.v	90	Lemma	page_width_positive_lemma
domains/uiux/ScrollPhysics.v	176	Theorem	velocity_always_positive_direction
domains/uiux/ScrollPhysics.v	190	Theorem	velocity_negative_stays_negative
domains/uiux/ScrollPhysics.v	205	Theorem	scroll_position_bounded
domains/uiux/ScrollPhysics.v	217	Theorem	rubber_band_returns
domains/uiux/ScrollPhysics.v	242	Theorem	rubber_band_resistance_increases
domains/uiux/ScrollPhysics.v	270	Theorem	momentum_scroll_continuous
domains/uiux/ScrollPhysics.v	289	Theorem	scroll_snapping_lands_exactly
domains/uiux/ScrollPhysics.v	302	Theorem	nested_scroll_disambiguation
domains/uiux/ScrollPhysics.v	315	Theorem	scroll_indicator_accurate
domains/uiux/ScrollPhysics.v	326	Theorem	content_offset_non_negative
domains/uiux/ScrollPhysics.v	337	Theorem	scroll_to_top_works
domains/uiux/ScrollPhysics.v	351	Theorem	pull_to_refresh_threshold
domains/uiux/ScrollPhysics.v	364	Theorem	infinite_scroll_loads
domains/uiux/ScrollPhysics.v	377	Theorem	scroll_restoration
domains/uiux/ScrollPhysics.v	388	Theorem	velocity_zero_at_rest
domains/uiux/ScrollPhysics.v	414	Theorem	friction_positive_definite
domains/uiux/ScrollPhysics.v	425	Theorem	velocity_strictly_decreasing
domains/uiux/ScrollPhysics.v	441	Theorem	paging_page_zero_offset
domains/uiux/Transitions.v	60	Theorem	shared_element_at_zero_is_source
domains/uiux/Transitions.v	76	Theorem	shared_element_at_one_is_dest
domains/uiux/Transitions.v	89	Theorem	transition_context_preserved
domains/uiux/Transitions.v	100	Theorem	hero_element_always_matched
domains/uiux/Transitions.v	111	Lemma	lerp_monotonic_x
domains/uiux/Transitions.v	133	Lemma	progress_bounds_valid
domains/uiux/Transitions.v	245	Theorem	lerp_at_midpoint
domains/uiux/Transitions.v	255	Theorem	lerp_within_bounds
domains/uiux/Transitions.v	272	Theorem	transition_duration_bounded
domains/uiux/Transitions.v	283	Theorem	shared_element_continuous
domains/uiux/Transitions.v	300	Theorem	back_transition_reverse
domains/uiux/Transitions.v	311	Theorem	transition_interruptible
domains/uiux/Transitions.v	322	Theorem	interrupted_transition_smooth
domains/uiux/Transitions.v	341	Theorem	crossfade_opacity_sum_one
domains/uiux/Transitions.v	352	Theorem	staggered_timing_ordered
domains/uiux/Transitions.v	365	Theorem	transition_preserves_identity
domains/uiux/Transitions.v	376	Theorem	no_z_fighting
domains/uiux/Transitions.v	387	Theorem	z_index_assignable
domains/uiux/Transitions.v	399	Theorem	transition_completes
domains/uiux/Transitions.v	412	Theorem	transition_idle_zero
domains/uiux/Transitions.v	425	Theorem	parallel_transitions_synchronized
domains/uiux/Transitions.v	435	Theorem	parallel_group_duration
domains/uiux/Transitions.v	445	Theorem	transition_easing_monotonic
domains/uiux/Transitions.v	457	Theorem	easing_boundary_zero
domains/uiux/Transitions.v	468	Theorem	easing_boundary_one
domains/uiux/Transitions.v	478	Theorem	spring_transition_settles
domains/uiux/Transitions.v	505	Theorem	lerp_at_zero
domains/uiux/Transitions.v	512	Theorem	lerp_at_one
domains/uiux/Transitions.v	518	Theorem	crossfade_outgoing_valid
domains/uiux/Transitions.v	528	Theorem	crossfade_incoming_valid
domains/uiux/VisualAccessibility.v	101	Theorem	voiceover_complete_coverage
domains/uiux/VisualAccessibility.v	116	Theorem	dynamic_type_universal
domains/uiux/VisualAccessibility.v	125	Theorem	reduce_motion_complete
domains/uiux/VisualAccessibility.v	140	Lemma	visible_decidable
domains/uiux/VisualAccessibility.v	154	Lemma	voiceover_accessible_decidable
domains/uiux/VisualAccessibility.v	164	Lemma	dynamic_type_size_decidable
domains/uiux/VisualAccessibility.v	171	Lemma	readable_at_current_size
domains/uiux/VisualAccessibility.v	179	Lemma	essential_animations_can_play
domains/uiux/VisualAccessibility.v	188	Lemma	plays_implies_active
domains/uiux/VisualAccessibility.v	195	Lemma	plays_implies_nonessential
domains/uiux/VisualAccessibility.v	278	Theorem	all_visible_elements_in_tree
domains/uiux/VisualAccessibility.v	290	Theorem	no_orphan_nodes
domains/uiux/VisualAccessibility.v	302	Theorem	role_always_set
domains/uiux/VisualAccessibility.v	314	Theorem	label_always_nonempty
domains/uiux/VisualAccessibility.v	337	Lemma	collect_ids_complete
domains/uiux/VisualAccessibility.v	348	Theorem	tree_traversal_complete
domains/uiux/VisualAccessibility.v	377	Lemma	focus_order_from_interactive
domains/uiux/VisualAccessibility.v	387	Theorem	focus_order_matches_tree
domains/uiux/VisualAccessibility.v	432	Theorem	live_regions_announced
domains/uiux/VisualAccessibility.v	496	Theorem	information_not_color_only
domains/uiux/VisualAccessibility.v	507	Theorem	link_not_color_only
domains/uiux/VisualAccessibility.v	518	Theorem	error_not_color_only
domains/uiux/VisualAccessibility.v	530	Theorem	success_not_color_only
domains/uiux/VisualAccessibility.v	541	Theorem	chart_patterns_available
domains/uiux/VisualAccessibility.v	552	Theorem	status_indicators_labeled
domains/uiux/VisualAccessibility.v	619	Theorem	text_scales_to_200_percent
domains/uiux/VisualAccessibility.v	632	Theorem	no_text_truncation
domains/uiux/VisualAccessibility.v	645	Theorem	line_height_proportional
domains/uiux/VisualAccessibility.v	655	Theorem	container_expands_with_text
domains/uiux/VisualAccessibility.v	668	Theorem	text_reflow
domains/uiux/VisualAccessibility.v	679	Theorem	minimum_font_size
domains/uiux/VisualAccessibility.v	753	Theorem	parallax_disableable
domains/uiux/VisualAccessibility.v	764	Theorem	auto_play_disableable
domains/uiux/VisualAccessibility.v	776	Theorem	flash_rate_safe
domains/uiux/VisualAccessibility.v	787	Theorem	carousel_controllable
domains/uiux/VisualAccessibility.v	799	Theorem	video_controllable
domains/uiux/VisualAccessibility.v	811	Theorem	animation_not_required
domains/uiux/VisualAccessibility.v	823	Theorem	color_independence_implies_screen_reader_friendly
domains/uiux/VisualAccessibility.v	840	Theorem	error_signals_doubly_redundant
domains/uiux/VisualAccessibility.v	852	Theorem	scaled_text_still_reflows
domains/uiux/VisualAccessibility.v	864	Theorem	motion_safe_and_controllable
domains/uiux/VisualAccessibility.v	877	Theorem	interactive_nodes_fully_accessible
effects/EffectAlgebra.v	19	Lemma	effect_leq_refl
effects/EffectAlgebra.v	26	Lemma	effect_leq_trans
effects/EffectAlgebra.v	33	Lemma	effect_leq_antisym
effects/EffectAlgebra.v	42	Lemma	effect_join_comm
effects/EffectAlgebra.v	64	Lemma	effect_level_join
effects/EffectAlgebra.v	73	Lemma	effect_join_assoc
effects/EffectAlgebra.v	80	Lemma	effect_join_ub_l
effects/EffectAlgebra.v	88	Lemma	effect_join_ub_r
effects/EffectAlgebra.v	96	Lemma	effect_join_lub
effects/EffectGate.v	45	Theorem	pure_performs_any
effects/EffectGate.v	63	Theorem	pure_full_performs_any
effects/EffectGate.v	75	Theorem	grant_no_escalation
effects/EffectGate.v	92	Theorem	grant_effect_transparent
effects/EffectGate.v	99	Corollary	grant_effect_iff
effects/EffectGate.v	108	Theorem	grant_preserves_bound
effects/EffectGate.v	117	Lemma	handle_body_bound
effects/EffectGate.v	131	Lemma	handle_handler_bound
effects/EffectGate.v	139	Lemma	handle_bound_combine
effects/EffectGate.v	148	Theorem	perform_requires_license
effects/EffectGate.v	168	Lemma	nonpure_level_pos
effects/EffectGate.v	178	Corollary	nonpure_perform_blocked
effects/EffectGate.v	188	Theorem	pure_perform_is_pure
effects/EffectGate.v	215	Theorem	closed_pure_no_effects
effects/EffectGate.v	230	Theorem	gate_enforcement
effects/EffectGate.v	252	Theorem	lambda_is_syntactic_gate
effects/EffectGate.v	277	Theorem	gate_weakening
effects/EffectGate.v	310	Theorem	effect_sound_after_step
effects/EffectGate.v	338	Theorem	effect_sound_multi_step
effects/EffectGate.v	363	Theorem	capability_lexical_scope
effects/EffectGate.v	376	Theorem	require_effect_additive
effects/EffectGate.v	389	Theorem	app_joins_effects
effects/EffectGate.v	403	Theorem	let_joins_effects
effects/EffectSystem.v	25	Lemma	effect_leq_pure
effects/EffectSystem.v	64	Lemma	performs_within_mono
effects/EffectSystem.v	95	Lemma	effect_leq_join_ub_l_trans
effects/EffectSystem.v	108	Lemma	effect_leq_join_ub_r_trans
effects/EffectSystem.v	117	Lemma	core_effects_within
effects/EffectSystem.v	266	Theorem	effect_safety
foundations/Semantics.v	49	Lemma	store_lookup_above_max
foundations/Semantics.v	69	Lemma	store_lookup_fresh
foundations/Semantics.v	282	Lemma	value_not_step
foundations/Semantics.v	304	Lemma	value_does_not_step
foundations/Semantics.v	376	Theorem	step_deterministic_cfg
foundations/Semantics.v	478	Theorem	step_deterministic
foundations/Semantics.v	488	Lemma	store_update_lookup_eq
foundations/Semantics.v	502	Lemma	store_update_lookup_neq
foundations/Semantics.v	528	Lemma	store_has_values_empty
foundations/Semantics.v	534	Lemma	store_update_preserves_values
foundations/Semantics.v	548	Lemma	step_preserves_store_values_aux
foundations/Semantics.v	561	Lemma	step_preserves_store_values
foundations/Semantics.v	572	Lemma	multi_step_preserves_store_values
foundations/Syntax.v	144	Lemma	effect_join_pure_l
foundations/Syntax.v	150	Lemma	effect_join_pure_r
foundations/Syntax.v	520	Lemma	value_subst
foundations/Syntax.v	540	Lemma	declass_ok_subst
foundations/Syntax.v	552	Lemma	value_not_stuck
foundations/Typing.v	231	Lemma	type_uniqueness
foundations/Typing.v	476	Lemma	canonical_forms_unit
foundations/Typing.v	495	Lemma	canonical_forms_bool
foundations/Typing.v	506	Lemma	canonical_forms_int
foundations/Typing.v	517	Lemma	canonical_forms_string
foundations/Typing.v	528	Lemma	canonical_forms_fn
foundations/Typing.v	539	Lemma	canonical_forms_prod
foundations/Typing.v	550	Lemma	canonical_forms_sum
foundations/Typing.v	565	Lemma	canonical_forms_ref
foundations/Typing.v	576	Lemma	canonical_forms_secret
foundations/Typing.v	587	Lemma	canonical_forms_proof
foundations/Typing.v	598	Lemma	canonical_forms
properties/AhmedStyleTest.v	214	Lemma	sval_rel_tower_0
properties/AhmedStyleTest.v	218	Lemma	sval_rel_tower_S
properties/AhmedStyleTest.v	235	Lemma	sval_rel_tower_mono
properties/AhmedStyleTest.v	274	Lemma	sval_rel_tower_fn_apply
properties/AhmedStyleTest.v	286	Lemma	ahmed_tower_ft_works
properties/AhmedStyleTest.v	308	Lemma	sval_rel_tower_step_up_unit
properties/AhmedStyleTest.v	319	Lemma	sval_rel_tower_step_up_bool
properties/ClosedValueLemmas.v	21	Lemma	value_typed_closed
properties/ClosedValueLemmas.v	33	Lemma	closed_pair_cv
properties/ClosedValueLemmas.v	44	Lemma	closed_inl_cv
properties/ClosedValueLemmas.v	52	Lemma	closed_inr_cv
properties/ClosedValueLemmas.v	60	Lemma	closed_app_cv
properties/ClosedValueLemmas.v	70	Lemma	closed_unit_cv
properties/ClosedValueLemmas.v	74	Lemma	closed_bool_cv
properties/ClosedValueLemmas.v	77	Lemma	closed_int_cv
properties/ClosedValueLemmas.v	80	Lemma	closed_string_cv
properties/ClosedValueLemmas.v	83	Lemma	closed_loc_cv
properties/ClosedValueLemmas.v	86	Lemma	closed_lam_body_cv
properties/Composition.v	15	Lemma	val_rel_pair
properties/Composition.v	34	Lemma	val_rel_inl
properties/Composition.v	47	Lemma	val_rel_inr
properties/Composition.v	60	Lemma	exp_rel_pair_values
properties/Composition.v	76	Lemma	exp_rel_inl_values
properties/Composition.v	85	Lemma	exp_rel_inr_values
properties/CumulativeMonotone.v	34	Theorem	val_rel_le_mono_step
properties/CumulativeMonotone.v	53	Lemma	val_rel_le_mono_store
properties/CumulativeMonotone.v	95	Theorem	val_rel_le_mono
properties/CumulativeMonotone.v	108	Lemma	val_rel_le_step_down
properties/CumulativeMonotone.v	117	Lemma	store_rel_le_mono_step
properties/CumulativeRelation.v	165	Lemma	val_rel_le_0_unfold
properties/CumulativeRelation.v	172	Lemma	val_rel_le_S_unfold
properties/CumulativeRelation.v	178	Lemma	val_rel_le_at_zero
properties/CumulativeRelation.v	187	Lemma	val_rel_le_cumulative
properties/CumulativeRelation.v	196	Lemma	val_rel_le_value_left
properties/CumulativeRelation.v	209	Lemma	val_rel_le_value_right
properties/CumulativeRelation.v	221	Lemma	val_rel_le_closed_left
properties/CumulativeRelation.v	234	Lemma	val_rel_le_closed_right
properties/CumulativeRelation.v	246	Lemma	val_rel_le_mono_step_fo
properties/CumulativeRelation.v	337	Lemma	val_rel_le_extract_fo
properties/CumulativeRelation.v	417	Lemma	val_rel_le_construct_fo
properties/CumulativeRelation.v	504	Lemma	val_rel_le_fo_step_independent
properties/CumulativeRelation.v	530	Corollary	val_rel_le_fo_step_independent_primitive
properties/CumulativeRelation.v	558	Lemma	store_ty_extends_trans
properties/CumulativeRelation.v	571	Lemma	store_ty_extends_refl
properties/Declassification.v	44	Lemma	val_rel_le_secret_trivial
properties/Declassification.v	85	Lemma	declassify_eval
properties/Declassification.v	106	Lemma	logical_relation_declassify_proven
properties/Declassification.v	152	Lemma	value_multi_step_refl_decl
properties/Declassification.v	172	Lemma	eval_deterministic_cfg
properties/Declassification.v	203	Lemma	eval_deterministic
properties/Declassification.v	215	Lemma	declassify_policy_safe
properties/Declassification.v	250	Theorem	declassification_zero_admits
properties/FirstOrderComplete.v	34	Lemma	first_order_subtype
properties/FirstOrderComplete.v	68	Lemma	first_order_subtypes_fo
properties/FirstOrderComplete.v	122	Lemma	base_type_first_order
properties/FirstOrderComplete.v	130	Lemma	base_type_size_one
properties/FirstOrderComplete.v	148	Lemma	first_order_value_structure
properties/FirstOrderComplete.v	192	Lemma	first_order_induction_simple
properties/FirstOrderComplete.v	322	Lemma	ty_eqb_refl
properties/KripkeProperties.v	44	Lemma	store_ty_extends_preorder
properties/KripkeProperties.v	63	Lemma	val_rel_le_build_unit
properties/KripkeProperties.v	91	Lemma	val_rel_le_step_up_unit
properties/KripkeProperties.v	105	Lemma	val_rel_le_build_bool
properties/KripkeProperties.v	121	Lemma	val_rel_le_step_up_bool
properties/KripkeProperties.v	135	Lemma	val_rel_le_build_int
properties/KripkeProperties.v	151	Lemma	val_rel_le_step_up_int
properties/KripkeProperties.v	165	Lemma	val_rel_le_build_string
properties/KripkeProperties.v	181	Lemma	val_rel_le_step_up_string
properties/KripkeProperties.v	195	Lemma	val_rel_le_build_bytes
properties/KripkeProperties.v	207	Lemma	val_rel_le_step_up_bytes
properties/KripkeProperties.v	221	Lemma	val_rel_le_build_secret
properties/KripkeProperties.v	234	Lemma	val_rel_le_step_up_secret
properties/KripkeProperties.v	248	Lemma	val_rel_le_kripke_mono
properties/KripkeProperties.v	264	Lemma	val_rel_le_store_preserves_step
properties/KripkeProperties.v	274	Lemma	store_rel_le_kripke_step
properties/KripkeProperties.v	298	Lemma	val_rel_le_includes_at
properties/KripkeProperties.v	309	Lemma	val_rel_at_to_le
properties/KripkeProperties.v	319	Lemma	val_rel_le_build_indist
properties/KripkeProperties.v	356	Lemma	val_rel_le_step_up_fo
properties/KripkeProperties.v	370	Lemma	val_rel_le_base_permanent
properties/KripkeProperties.v	412	Lemma	val_rel_le_unit_eq
properties/KripkeProperties.v	429	Lemma	val_rel_le_bool_eq
properties/KripkeProperties.v	444	Lemma	store_ty_lookup_update_neq
properties/KripkeProperties.v	480	Lemma	store_ty_extends_add
properties/LexOrder.v	38	Theorem	lex_lt_wf
properties/LexOrder.v	61	Theorem	lex_induction
properties/LexOrder.v	79	Lemma	lex_lt_left
properties/LexOrder.v	87	Lemma	lex_lt_right
properties/LexOrder.v	104	Theorem	step_ty_lt_wf
properties/LexOrder.v	125	Theorem	step_ty_induction
properties/LexOrder.v	142	Lemma	step_ty_lt_step
properties/LexOrder.v	151	Lemma	step_ty_lt_ty
properties/LexOrder.v	159	Lemma	step_ty_lt_fn_arg
properties/LexOrder.v	166	Lemma	step_ty_lt_fn_res
properties/LexOrder.v	173	Lemma	step_ty_lt_prod_left
properties/LexOrder.v	180	Lemma	step_ty_lt_prod_right
properties/LexOrder.v	186	Lemma	step_ty_lt_sum_left
properties/LexOrder.v	193	Lemma	step_ty_lt_sum_right
properties/LexOrder.v	199	Lemma	step_ty_lt_step_any
properties/LexOrder.v	220	Theorem	triple_lt_wf
properties/MaximumAxiomElimination.v	43	Lemma	label_leq_refl
properties/MaximumAxiomElimination.v	46	Lemma	label_leq_trans
properties/MaximumAxiomElimination.v	55	Lemma	label_leq_antisym
properties/MaximumAxiomElimination.v	84	Lemma	ty_size_pos
properties/MaximumAxiomElimination.v	87	Lemma	ty_size_prod_left
properties/MaximumAxiomElimination.v	91	Lemma	ty_size_prod_right
properties/MaximumAxiomElimination.v	95	Lemma	ty_size_sum_left
properties/MaximumAxiomElimination.v	99	Lemma	ty_size_sum_right
properties/MaximumAxiomElimination.v	180	Lemma	store_update_lookup_eq
properties/MaximumAxiomElimination.v	188	Lemma	store_update_lookup_neq
properties/MaximumAxiomElimination.v	198	Lemma	store_ty_update_lookup_eq
properties/MaximumAxiomElimination.v	205	Lemma	store_ty_update_lookup_neq
properties/MaximumAxiomElimination.v	221	Lemma	store_ty_extends_refl
properties/MaximumAxiomElimination.v	225	Lemma	store_ty_extends_trans
properties/MaximumAxiomElimination.v	273	Lemma	val_rel_n_zero
properties/MaximumAxiomElimination.v	282	Lemma	val_rel_n_unit
properties/MaximumAxiomElimination.v	296	Lemma	val_rel_n_bool
properties/MaximumAxiomElimination.v	311	Lemma	val_rel_n_nat
properties/MaximumAxiomElimination.v	326	Lemma	val_rel_n_ref
properties/MaximumAxiomElimination.v	342	Lemma	val_rel_n_ref_same_loc
properties/MaximumAxiomElimination.v	355	Lemma	val_rel_n_cumulative
properties/MaximumAxiomElimination.v	364	Lemma	val_rel_n_step_down
properties/MaximumAxiomElimination.v	390	Lemma	val_rel_n_value_left
properties/MaximumAxiomElimination.v	401	Lemma	val_rel_n_value_right
properties/MaximumAxiomElimination.v	412	Lemma	val_rel_n_prod
properties/MaximumAxiomElimination.v	434	Lemma	val_rel_n_inl
properties/MaximumAxiomElimination.v	453	Lemma	val_rel_n_inr
properties/MaximumAxiomElimination.v	472	Lemma	val_rel_n_lam
properties/MaximumAxiomElimination.v	488	Lemma	val_rel_n_fo_step_independent
properties/MaximumAxiomElimination.v	578	Lemma	store_rel_n_zero
properties/MaximumAxiomElimination.v	592	Lemma	store_rel_n_step_down
properties/MaximumAxiomElimination.v	605	Lemma	store_rel_n_empty
properties/MaximumAxiomElimination.v	614	Lemma	store_update_preserves_rel
properties/MaximumAxiomElimination.v	636	Lemma	store_ty_extends_antisym
properties/MaximumAxiomElimination.v	652	Lemma	store_ty_update_extends
properties/MaximumAxiomElimination.v	666	Lemma	store_lookup_deterministic
properties/MaximumAxiomElimination.v	676	Lemma	store_ty_lookup_deterministic
properties/MaximumAxiomElimination.v	686	Lemma	store_update_idem
properties/MaximumAxiomElimination.v	696	Lemma	store_update_comm
properties/MaximumAxiomElimination.v	717	Lemma	exp_rel_n_zero
properties/MaximumAxiomElimination.v	727	Lemma	exp_rel_n_unit_expr
properties/MaximumAxiomElimination.v	738	Lemma	exp_rel_n_step_down
properties/MaximumAxiomElimination.v	750	Lemma	val_rel_implies_exp_rel
properties/MaximumAxiomElimination.v	762	Lemma	exp_rel_n_bool_expr
properties/MaximumAxiomElimination.v	785	Lemma	label_join_comm
properties/MaximumAxiomElimination.v	789	Lemma	label_join_assoc
properties/MaximumAxiomElimination.v	793	Lemma	label_join_idem
properties/MaximumAxiomElimination.v	797	Lemma	ty_eq_dec
properties/MaximumAxiomElimination.v	803	Lemma	val_eq_unit
properties/MaximumAxiomElimination.v	822	Lemma	first_order_prod_components
properties/MaximumAxiomElimination.v	831	Lemma	first_order_sum_components
properties/MaximumAxiomElimination.v	839	Lemma	fo_depth_prod
properties/MaximumAxiomElimination.v	844	Lemma	fo_depth_sum
properties/MaximumAxiomElimination.v	848	Lemma	fo_depth_primitive
properties/NonInterference_v2.v	51	Lemma	is_low_dec_correct
properties/NonInterference_v2.v	64	Lemma	typing_nil_implies_closed
properties/NonInterference_v2.v	161	Lemma	val_rel_at_type_fo_refl
properties/NonInterference_v2.v	245	Lemma	val_rel_at_type_fo_trivial
properties/NonInterference_v2.v	403	Lemma	val_rel_at_type_n_S
properties/NonInterference_v2.v	476	Lemma	val_rel_n_0_unfold
properties/NonInterference_v2.v	488	Lemma	val_rel_n_S_unfold
properties/NonInterference_v2.v	497	Lemma	val_rel_n_SS_unfold
properties/NonInterference_v2.v	508	Lemma	store_rel_n_0_unfold
properties/NonInterference_v2.v	512	Lemma	store_rel_n_S_unfold
properties/NonInterference_v2.v	528	Lemma	val_rel_at_type_fo_equiv
properties/NonInterference_v2.v	587	Lemma	val_rel_n_to_0
properties/NonInterference_v2.v	625	Lemma	val_rel_n_fo_extract
properties/NonInterference_v2.v	641	Lemma	val_rel_n_step_up_fo
properties/NonInterference_v2.v	666	Lemma	val_rel_n_mono_fo
properties/NonInterference_v2.v	732	Lemma	val_rel_n_fo_equiv
properties/NonInterference_v2.v	752	Lemma	val_rel_n_value
properties/NonInterference_v2.v	776	Lemma	val_rel_n_closed
properties/NonInterference_v2.v	787	Lemma	val_rel_n_typing
properties/NonInterference_v2.v	800	Lemma	val_rel_n_prod_structure
properties/NonInterference_v2.v	822	Lemma	val_rel_n_bool_structure
properties/NonInterference_v2.v	832	Lemma	val_rel_n_sum_structure
properties/NonInterference_v2.v	855	Lemma	val_rel_n_mono
properties/NonInterference_v2.v	903	Lemma	store_rel_n_mono
properties/NonInterference_v2.v	932	Lemma	pair_typing_pure_inv
properties/NonInterference_v2.v	954	Lemma	exp_rel_step1_fst
properties/NonInterference_v2.v	1018	Lemma	exp_rel_step1_snd
properties/NonInterference_v2.v	1089	Lemma	exp_rel_step1_if
properties/NonInterference_v2.v	1128	Lemma	exp_rel_step1_case
properties/NonInterference_v2.v	1169	Lemma	exp_rel_step1_let
properties/NonInterference_v2.v	1194	Lemma	exp_rel_step1_handle
properties/NonInterference_v2.v	1219	Lemma	exp_rel_step1_app
properties/NonInterference_v2.v	1264	Lemma	preservation_store_wf
properties/NonInterference_v2.v	1286	Lemma	store_wf_to_has_values
properties/NonInterference_v2.v	1298	Lemma	preservation_store_has_values
properties/NonInterference_v2.v	1311	Lemma	val_rel_at_type_fo_step_invariant
properties/NonInterference_v2.v	1360	Lemma	val_rel_at_type_step_up_with_IH
properties/NonInterference_v2.v	1485	Lemma	store_vals_rel_mono
properties/NonInterference_v2.v	1540	Lemma	store_rel_n_step_up
properties/NonInterference_v2.v	1594	Lemma	store_vals_rel_step_up
properties/NonInterference_v2.v	1610	Lemma	store_rel_n_step_up_from_val
properties/NonInterference_v2.v	1649	Lemma	store_vals_rel_step_up_from_val
properties/NonInterference_v2.v	1670	Lemma	store_rel_n_step_up_0
properties/NonInterference_v2.v	1753	Lemma	exp_rel_n_base
properties/NonInterference_v2.v	1774	Lemma	val_rel_n_0_unit
properties/NonInterference_v2.v	1794	Lemma	val_rel_n_unit
properties/NonInterference_v2.v	1827	Lemma	exp_rel_n_unit
properties/NonInterference_v2_LogicalRelation.v	35	Lemma	closed_expr_lam
properties/NonInterference_v2_LogicalRelation.v	44	Lemma	closed_expr_pair
properties/NonInterference_v2_LogicalRelation.v	55	Lemma	closed_expr_pair_inv
properties/NonInterference_v2_LogicalRelation.v	64	Lemma	closed_expr_inl
properties/NonInterference_v2_LogicalRelation.v	72	Lemma	closed_expr_inr
properties/NonInterference_v2_LogicalRelation.v	80	Lemma	val_rel_closed_left_n
properties/NonInterference_v2_LogicalRelation.v	90	Lemma	val_rel_closed_right_n
properties/NonInterference_v2_LogicalRelation.v	100	Lemma	val_rel_value_left_n
properties/NonInterference_v2_LogicalRelation.v	110	Lemma	val_rel_value_right_n
properties/NonInterference_v2_LogicalRelation.v	120	Lemma	val_rel_closed_left
properties/NonInterference_v2_LogicalRelation.v	128	Lemma	val_rel_closed_right
properties/NonInterference_v2_LogicalRelation.v	136	Lemma	val_rel_value_left
properties/NonInterference_v2_LogicalRelation.v	144	Lemma	val_rel_value_right
properties/NonInterference_v2_LogicalRelation.v	192	Lemma	free_in_subst_rho
properties/NonInterference_v2_LogicalRelation.v	317	Lemma	env_rel_n_mono_store
properties/NonInterference_v2_LogicalRelation.v	329	Lemma	env_rel_mono_store
properties/NonInterference_v2_LogicalRelation.v	360	Lemma	env_typed_lookup
properties/NonInterference_v2_LogicalRelation.v	369	Lemma	typing_nil_closed
properties/NonInterference_v2_LogicalRelation.v	379	Lemma	env_typed_closed
properties/NonInterference_v2_LogicalRelation.v	389	Lemma	env_typed_extend
properties/NonInterference_v2_LogicalRelation.v	405	Lemma	value_subst_rho
properties/NonInterference_v2_LogicalRelation.v	457	Lemma	declass_ok_subst_rho
properties/NonInterference_v2_LogicalRelation.v	472	Lemma	subst_rho_typing_general
properties/NonInterference_v2_LogicalRelation.v	649	Lemma	subst_rho_preserves_typing
properties/NonInterference_v2_LogicalRelation.v	665	Lemma	env_rel_implies_env_typed
properties/NonInterference_v2_LogicalRelation.v	687	Lemma	lam_typing_from_env_rel
properties/NonInterference_v2_LogicalRelation.v	739	Lemma	val_rel_at_type_store_weaken
properties/NonInterference_v2_LogicalRelation.v	799	Lemma	val_rel_at_type_n_store_weaken
properties/NonInterference_v2_LogicalRelation.v	810	Lemma	val_rel_n_store_weaken
properties/NonInterference_v2_LogicalRelation.v	829	Lemma	closed_expr_unit_early
properties/NonInterference_v2_LogicalRelation.v	841	Lemma	closed_expr_loc_early
properties/NonInterference_v2_LogicalRelation.v	844	Lemma	val_rel_n_loc_general
properties/NonInterference_v2_LogicalRelation.v	875	Lemma	val_rel_n_unit_general
properties/NonInterference_v2_LogicalRelation.v	897	Lemma	store_max_update_single
properties/NonInterference_v2_LogicalRelation.v	911	Lemma	store_max_update_eq
properties/NonInterference_v2_LogicalRelation.v	920	Lemma	store_rel_n_alloc_fresh
properties/NonInterference_v2_LogicalRelation.v	986	Lemma	store_vals_rel_alloc_fresh
properties/NonInterference_v2_LogicalRelation.v	1013	Lemma	val_rel_n_fo_extract
properties/NonInterference_v2_LogicalRelation.v	1029	Lemma	stores_agree_low_fo_alloc_fresh
properties/NonInterference_v2_LogicalRelation.v	1051	Lemma	store_rel_n_update_existing
properties/NonInterference_v2_LogicalRelation.v	1101	Lemma	store_vals_rel_update_existing
properties/NonInterference_v2_LogicalRelation.v	1121	Lemma	stores_agree_low_fo_update_existing
properties/NonInterference_v2_LogicalRelation.v	1156	Lemma	val_rel_n_to_val_rel
properties/NonInterference_v2_LogicalRelation.v	1173	Lemma	val_rel_n_to_val_rel_any
properties/NonInterference_v2_LogicalRelation.v	1192	Lemma	env_rel_rho_closed
properties/NonInterference_v2_LogicalRelation.v	1213	Lemma	lam_closedness_contradiction
properties/NonInterference_v2_LogicalRelation.v	1244	Lemma	lam_closedness_contradiction2
properties/NonInterference_v2_LogicalRelation.v	1262	Lemma	rho_no_free_all_single
properties/NonInterference_v2_LogicalRelation.v	1273	Lemma	env_rel_closed_left
properties/NonInterference_v2_LogicalRelation.v	1283	Lemma	env_rel_closed_right
properties/NonInterference_v2_LogicalRelation.v	1293	Lemma	closed_except_subst_rho_shadow
properties/NonInterference_v2_LogicalRelation.v	1312	Lemma	subst_not_free
properties/NonInterference_v2_LogicalRelation.v	1375	Lemma	rho_shadow_id
properties/NonInterference_v2_LogicalRelation.v	1383	Lemma	rho_shadow_identity
properties/NonInterference_v2_LogicalRelation.v	1392	Lemma	subst_rho_identity
properties/NonInterference_v2_LogicalRelation.v	1432	Lemma	subst_rho_id
properties/NonInterference_v2_LogicalRelation.v	1440	Lemma	rho_shadow_single_eq
properties/NonInterference_v2_LogicalRelation.v	1456	Lemma	rho_shadow_single_id
properties/NonInterference_v2_LogicalRelation.v	1465	Lemma	subst_rho_single
properties/NonInterference_v2_LogicalRelation.v	1528	Lemma	rho_shadow_extend_same
properties/NonInterference_v2_LogicalRelation.v	1536	Lemma	rho_shadow_shadow_same
properties/NonInterference_v2_LogicalRelation.v	1544	Lemma	rho_shadow_shadow_comm
properties/NonInterference_v2_LogicalRelation.v	1556	Lemma	rho_shadow_extend_comm
properties/NonInterference_v2_LogicalRelation.v	1568	Lemma	rho_no_free_extend
properties/NonInterference_v2_LogicalRelation.v	1580	Lemma	rho_no_free_shadow
properties/NonInterference_v2_LogicalRelation.v	1591	Lemma	subst_rho_extend
properties/NonInterference_v2_LogicalRelation.v	1690	Lemma	env_rel_empty_n
properties/NonInterference_v2_LogicalRelation.v	1700	Lemma	env_rel_empty
properties/NonInterference_v2_LogicalRelation.v	1708	Lemma	env_rel_extend_n
properties/NonInterference_v2_LogicalRelation.v	1726	Lemma	env_rel_extend
properties/NonInterference_v2_LogicalRelation.v	1737	Lemma	multi_step_trans
properties/NonInterference_v2_LogicalRelation.v	1750	Lemma	multi_step_app1
properties/NonInterference_v2_LogicalRelation.v	1763	Lemma	multi_step_app2
properties/NonInterference_v2_LogicalRelation.v	1780	Lemma	multi_step_pair1
properties/NonInterference_v2_LogicalRelation.v	1793	Lemma	multi_step_pair2
properties/NonInterference_v2_LogicalRelation.v	1810	Lemma	multi_step_fst
properties/NonInterference_v2_LogicalRelation.v	1823	Lemma	multi_step_snd
properties/NonInterference_v2_LogicalRelation.v	1836	Lemma	multi_step_inl
properties/NonInterference_v2_LogicalRelation.v	1849	Lemma	multi_step_inr
properties/NonInterference_v2_LogicalRelation.v	1862	Lemma	multi_step_case
properties/NonInterference_v2_LogicalRelation.v	1875	Lemma	multi_step_if
properties/NonInterference_v2_LogicalRelation.v	1888	Lemma	multi_step_let
properties/NonInterference_v2_LogicalRelation.v	1901	Lemma	multi_step_classify
properties/NonInterference_v2_LogicalRelation.v	1914	Lemma	multi_step_prove
properties/NonInterference_v2_LogicalRelation.v	1927	Lemma	multi_step_require
properties/NonInterference_v2_LogicalRelation.v	1940	Lemma	multi_step_grant
properties/NonInterference_v2_LogicalRelation.v	1953	Lemma	multi_step_perform
properties/NonInterference_v2_LogicalRelation.v	1966	Lemma	multi_step_handle
properties/NonInterference_v2_LogicalRelation.v	1979	Lemma	multi_step_ref
properties/NonInterference_v2_LogicalRelation.v	1992	Lemma	multi_step_deref
properties/NonInterference_v2_LogicalRelation.v	2005	Lemma	multi_step_assign1
properties/NonInterference_v2_LogicalRelation.v	2018	Lemma	multi_step_assign2
properties/NonInterference_v2_LogicalRelation.v	2036	Lemma	exp_rel_of_val_rel
properties/NonInterference_v2_LogicalRelation.v	2069	Lemma	exp_rel_of_val_rel_step
properties/NonInterference_v2_LogicalRelation.v	2095	Lemma	exp_rel_of_val_rel_n
properties/NonInterference_v2_LogicalRelation.v	2116	Lemma	value_pair_inv
properties/NonInterference_v2_LogicalRelation.v	2127	Lemma	value_inl_inv
properties/NonInterference_v2_LogicalRelation.v	2133	Lemma	value_inr_inv
properties/NonInterference_v2_LogicalRelation.v	2139	Lemma	closed_expr_inl_inv
properties/NonInterference_v2_LogicalRelation.v	2145	Lemma	closed_expr_inr_inv
properties/NonInterference_v2_LogicalRelation.v	2151	Lemma	val_rel_n_prod_decompose
properties/NonInterference_v2_LogicalRelation.v	2187	Lemma	val_rel_n_of_first_order
properties/NonInterference_v2_LogicalRelation.v	2219	Lemma	val_rel_n_to_val_rel_fo
properties/NonInterference_v2_LogicalRelation.v	2233	Lemma	val_rel_at_type_to_val_rel_fo
properties/NonInterference_v2_LogicalRelation.v	2266	Lemma	has_type_pair_inv
properties/NonInterference_v2_LogicalRelation.v	2278	Lemma	val_rel_n_prod_fst
properties/NonInterference_v2_LogicalRelation.v	2318	Lemma	val_rel_n_prod_snd
properties/NonInterference_v2_LogicalRelation.v	2357	Lemma	val_rel_n_typing_ho
properties/NonInterference_v2_LogicalRelation.v	2374	Lemma	has_type_inl_inv
properties/NonInterference_v2_LogicalRelation.v	2384	Lemma	has_type_inr_inv
properties/NonInterference_v2_LogicalRelation.v	2393	Lemma	has_type_classify_inv
properties/NonInterference_v2_LogicalRelation.v	2402	Lemma	has_type_prove_inv
properties/NonInterference_v2_LogicalRelation.v	2411	Lemma	val_rel_n_prod_compose
properties/NonInterference_v2_LogicalRelation.v	2503	Lemma	val_rel_n_from_prod_fst
properties/NonInterference_v2_LogicalRelation.v	2579	Lemma	val_rel_n_from_prod_snd
properties/NonInterference_v2_LogicalRelation.v	2645	Lemma	val_rel_n_sum_inl
properties/NonInterference_v2_LogicalRelation.v	2695	Lemma	val_rel_n_sum_inr
properties/NonInterference_v2_LogicalRelation.v	2744	Lemma	val_rel_n_sum_decompose
properties/NonInterference_v2_LogicalRelation.v	2781	Lemma	val_rel_n_from_sum_inl
properties/NonInterference_v2_LogicalRelation.v	2834	Lemma	val_rel_n_from_sum_inr
properties/NonInterference_v2_LogicalRelation.v	2883	Lemma	val_rel_n_prod_fst_at
properties/NonInterference_v2_LogicalRelation.v	2906	Lemma	val_rel_n_prod_snd_at
properties/NonInterference_v2_LogicalRelation.v	2928	Lemma	closed_expr_unit
properties/NonInterference_v2_LogicalRelation.v	2932	Lemma	closed_expr_bool
properties/NonInterference_v2_LogicalRelation.v	2935	Lemma	closed_expr_int
properties/NonInterference_v2_LogicalRelation.v	2938	Lemma	closed_expr_string
properties/NonInterference_v2_LogicalRelation.v	2941	Lemma	closed_expr_loc
properties/NonInterference_v2_LogicalRelation.v	2944	Lemma	val_rel_unit
properties/NonInterference_v2_LogicalRelation.v	2960	Lemma	val_rel_bool
properties/NonInterference_v2_LogicalRelation.v	2975	Lemma	val_rel_n_bool_eq
properties/NonInterference_v2_LogicalRelation.v	2994	Lemma	val_rel_int
properties/NonInterference_v2_LogicalRelation.v	3009	Lemma	val_rel_n_classify
properties/NonInterference_v2_LogicalRelation.v	3039	Lemma	val_rel_n_prove
properties/NonInterference_v2_LogicalRelation.v	3070	Lemma	val_rel_string
properties/NonInterference_v2_LogicalRelation.v	3085	Lemma	val_rel_loc
properties/NonInterference_v2_LogicalRelation.v	3144	Lemma	fundamental_at_0
properties/NonInterference_v2_LogicalRelation.v	3151	Lemma	step_up_at_0
properties/NonInterference_v2_LogicalRelation.v	3158	Lemma	multi_step_preservation_aux
properties/NonInterference_v2_LogicalRelation.v	3196	Lemma	multi_step_preservation
properties/NonInterference_v2_LogicalRelation.v	3212	Lemma	has_type_level_irrelevant
properties/NonInterference_v2_LogicalRelation.v	3221	Lemma	store_wf_fresh_not_in_ty
properties/NonInterference_v2_LogicalRelation.v	3232	Lemma	store_rel_n_same_fresh
properties/NonInterference_v2_LogicalRelation.v	3252	Theorem	logical_relation
properties/NonInterference_v2_LogicalRelation.v	4877	Theorem	step_up_and_fundamental_mutual
properties/NonInterference_v2_LogicalRelation.v	4904	Corollary	val_rel_n_step_up_proven
properties/NonInterference_v2_LogicalRelation.v	4916	Corollary	fundamental_at_all_steps
properties/NonInterference_v2_LogicalRelation.v	4929	Lemma	val_rel_closed
properties/NonInterference_v2_LogicalRelation.v	4945	Lemma	env_rel_single
properties/NonInterference_v2_LogicalRelation.v	4964	Theorem	non_interference_stmt
properties/NonInterference_v2_LogicalRelation.v	4986	Lemma	subst_rho_declassify_dist
properties/NonInterference_v2_Monotone.v	33	Lemma	store_ty_extends_trans_early
properties/NonInterference_v2_Monotone.v	45	Lemma	val_rel_at_type_mono_store
properties/NonInterference_v2_Monotone.v	74	Lemma	first_order_decidable_local
properties/NonInterference_v2_Monotone.v	101	Lemma	val_rel_n_mono_store_fo
properties/NonInterference_v2_Monotone.v	131	Lemma	val_rel_n_mono_store
properties/ReferenceOps.v	45	Lemma	step_preserves_ctx_snd
properties/ReferenceOps.v	51	Lemma	step_preserves_ctx
properties/ReferenceOps.v	57	Lemma	multi_step_preserves_ctx
properties/ReferenceOps.v	73	Lemma	value_multi_step_refl
properties/ReferenceOps.v	80	Lemma	multi_step_ref_inversion
properties/ReferenceOps.v	121	Lemma	multi_step_deref_inversion
properties/ReferenceOps.v	166	Lemma	multi_step_assign_inversion
properties/ReferenceOps.v	218	Lemma	ref_same_location
properties/ReferenceOps.v	233	Lemma	logical_relation_ref_proven
properties/ReferenceOps.v	273	Lemma	exp_rel_le_ref
properties/ReferenceOps.v	317	Lemma	logical_relation_deref_proven
properties/ReferenceOps.v	343	Lemma	exp_rel_le_deref
properties/ReferenceOps.v	401	Lemma	logical_relation_assign_proven
properties/ReferenceOps.v	432	Lemma	exp_rel_le_assign
properties/ReferenceOps.v	502	Theorem	reference_ops_zero_admits
properties/SN_Closure.v	40	Lemma	SN_step
properties/SN_Closure.v	55	Lemma	value_not_step
properties/SN_Closure.v	67	Lemma	value_SN
properties/SN_Closure.v	78	Lemma	SN_all_reducts
properties/SN_Closure.v	103	Lemma	SN_app_value_left_aux
properties/SN_Closure.v	140	Lemma	SN_app_value_left
properties/SN_Closure.v	150	Lemma	SN_app_aux
properties/SN_Closure.v	175	Lemma	SN_app
properties/SN_Closure.v	206	Lemma	SN_app_value_left_direct_aux
properties/SN_Closure.v	229	Lemma	SN_app_value_left_direct
properties/SN_Closure.v	261	Lemma	family_lambda_SN_step
properties/SN_Closure.v	274	Lemma	SN_app_value_left_family_aux
properties/SN_Closure.v	296	Lemma	SN_app_family_aux
properties/SN_Closure.v	324	Lemma	SN_app_family
properties/SN_Closure.v	338	Lemma	SN_pair_value_left_aux
properties/SN_Closure.v	361	Lemma	SN_pair_value_left
properties/SN_Closure.v	370	Lemma	SN_pair_aux
properties/SN_Closure.v	391	Lemma	SN_pair
properties/SN_Closure.v	400	Lemma	SN_fst_aux
properties/SN_Closure.v	418	Lemma	SN_fst
properties/SN_Closure.v	421	Lemma	SN_snd_aux
properties/SN_Closure.v	435	Lemma	SN_snd
properties/SN_Closure.v	438	Lemma	SN_inl_aux
properties/SN_Closure.v	453	Lemma	SN_inl
properties/SN_Closure.v	456	Lemma	SN_inr_aux
properties/SN_Closure.v	467	Lemma	SN_inr
properties/SN_Closure.v	470	Lemma	SN_case_aux
properties/SN_Closure.v	491	Lemma	SN_case
properties/SN_Closure.v	498	Lemma	SN_if_aux
properties/SN_Closure.v	518	Lemma	SN_if
properties/SN_Closure.v	525	Lemma	SN_let_aux
properties/SN_Closure.v	543	Lemma	SN_let
properties/SN_Closure.v	549	Lemma	SN_ref_aux
properties/SN_Closure.v	566	Lemma	SN_ref
properties/SN_Closure.v	576	Lemma	store_wf_nil
properties/SN_Closure.v	582	Lemma	store_lookup_update_eq
properties/SN_Closure.v	593	Lemma	store_lookup_update_neq
properties/SN_Closure.v	607	Lemma	store_update_preserves_wf
properties/SN_Closure.v	624	Lemma	step_preserves_store_wf
properties/SN_Closure.v	640	Lemma	SN_deref_aux
properties/SN_Closure.v	655	Lemma	SN_deref
properties/SN_Closure.v	661	Lemma	SN_assign_value_left_aux
properties/SN_Closure.v	682	Lemma	SN_assign_aux
properties/SN_Closure.v	704	Lemma	SN_assign
properties/SN_Closure.v	713	Lemma	SN_handle_aux
properties/SN_Closure.v	731	Lemma	SN_handle
properties/SecurityProperties.v	15	Theorem	security_non_interference
properties/StoreRelation.v	43	Lemma	store_rel_simple_max
properties/StoreRelation.v	58	Lemma	store_rel_simple_fresh
properties/StoreRelation.v	69	Lemma	store_max_update_bound
properties/StoreRelation.v	103	Lemma	store_max_update_lower
properties/StoreRelation.v	122	Lemma	store_max_update_includes_l
properties/StoreRelation.v	141	Lemma	store_max_update_eq
properties/StoreRelation.v	164	Lemma	store_rel_simple_update
properties/StoreRelation.v	174	Lemma	store_lookup_update_eq
properties/StoreRelation.v	194	Lemma	store_lookup_update_neq
properties/StoreRelation.v	218	Lemma	store_ty_lookup_update_eq
properties/StoreRelation.v	236	Lemma	store_ty_lookup_update_neq
properties/StoreRelation.v	260	Lemma	store_rel_le_update
properties/StoreRelation.v	299	Lemma	store_lookup_fresh_none
properties/StoreRelation.v	313	Lemma	store_alloc_same
properties/StoreRelation.v	322	Lemma	store_rel_simple_alloc
properties/StoreRelation.v	336	Lemma	fresh_loc_not_in_store_ty
properties/StoreRelation.v	357	Lemma	store_ty_extends_alloc
properties/StoreRelation.v	373	Lemma	store_rel_le_alloc
properties/StoreRelation.v	447	Lemma	val_rel_le_ref_same_loc
properties/StoreRelation.v	468	Lemma	val_rel_le_build_ref
properties/StoreRelation.v	484	Lemma	store_rel_le_lookup
properties/StoreRelation.v	506	Lemma	val_rel_le_secret_always
properties/StoreRelation.v	522	Lemma	val_rel_le_secret_value_left
properties/StoreRelation.v	532	Lemma	val_rel_le_secret_value_right
properties/StoreRelation.v	541	Lemma	val_rel_le_unit
properties/StoreWfLemmas.v	18	Lemma	store_wf_lookup_value
properties/StoreWfLemmas.v	31	Lemma	store_wf_lookup_typed
properties/StoreWfLemmas.v	45	Lemma	store_wf_typed_loc_has_value
properties/StoreWfLemmas.v	58	Lemma	store_wf_typed_loc_gives_typed_value
properties/SubstitutionCommute.v	26	Lemma	extend_rho_sc_same
properties/SubstitutionCommute.v	37	Lemma	extend_rho_sc_diff
properties/SubstitutionCommute.v	46	Lemma	extend_rho_sc_shadow
properties/SubstitutionCommute.v	53	Lemma	extend_rho_sc_comm
properties/SubstitutionCommute.v	72	Lemma	subst_not_free_sc
properties/SubstitutionCommute.v	141	Lemma	subst_closed_sc
properties/SubstitutionCommute.v	147	Lemma	closed_unit_sub
properties/SubstitutionCommute.v	151	Lemma	closed_bool_sub
properties/SubstitutionCommute.v	154	Lemma	closed_int_sub
properties/SubstitutionCommute.v	157	Lemma	closed_string_sub
properties/SubstitutionCommute.v	160	Lemma	closed_loc_sub
properties/TypeMeasure.v	67	Lemma	ty_size_pos
properties/TypeMeasure.v	74	Lemma	ty_size_fn_arg
properties/TypeMeasure.v	83	Lemma	ty_size_fn_res
properties/TypeMeasure.v	91	Lemma	ty_size_prod_left
properties/TypeMeasure.v	98	Lemma	ty_size_prod_right
properties/TypeMeasure.v	106	Lemma	ty_size_sum_left
properties/TypeMeasure.v	113	Lemma	ty_size_sum_right
properties/TypeMeasure.v	121	Lemma	ty_size_ref_content
properties/TypeMeasure.v	128	Lemma	ty_size_secret_content
properties/TypeMeasure.v	135	Lemma	ty_size_proof_content
properties/TypeMeasure.v	151	Lemma	ty_size_lt_wf
properties/TypeMeasure.v	158	Lemma	ty_size_induction
properties/TypeMeasure.v	209	Lemma	first_order_no_fn
properties/TypeMeasure.v	218	Lemma	first_order_decidable
properties/TypeMeasure.v	225	Lemma	first_order_prod_inv
properties/TypeMeasure.v	234	Lemma	first_order_sum_inv
properties/TypeMeasure.v	242	Lemma	first_order_ref_inv
properties/TypeMeasure.v	249	Lemma	first_order_secret_inv
properties/TypeMeasure.v	256	Lemma	first_order_proof_inv
properties/TypeMeasure.v	285	Lemma	fo_compound_depth_prod
properties/TypeMeasure.v	292	Lemma	fo_compound_depth_sum
properties/TypeMeasure.v	299	Lemma	fo_compound_depth_prod_left
properties/TypeMeasure.v	306	Lemma	fo_compound_depth_prod_right
properties/TypeMeasure.v	312	Lemma	fo_compound_depth_sum_left
properties/TypeMeasure.v	318	Lemma	fo_compound_depth_sum_right
properties/TypeMeasure.v	324	Lemma	fo_compound_depth_primitive
properties/TypeMeasure.v	375	Lemma	ty_depth_fn_arg
properties/TypeMeasure.v	382	Lemma	ty_depth_fn_res
properties/TypeMeasure.v	388	Lemma	first_order_base_depth
properties/ValRelMonotone.v	20	Theorem	val_rel_le_monotone
properties/ValRelMonotone.v	47	Corollary	val_rel_le_zero
properties/ValRelMonotone.v	58	Lemma	val_rel_le_pred
properties/ValRelMonotone.v	73	Lemma	val_rel_le_trans_mono
properties/ValRelMonotone.v	92	Lemma	val_rel_le_max
properties/ValRelMonotone.v	110	Lemma	val_rel_le_from_max
properties/ValRelMonotone.v	125	Lemma	val_rel_le_to_min
properties/ValRelMonotone.v	140	Lemma	val_rel_le_to_min_r
properties/ValRelStepLimit_PROOF.v	32	Theorem	val_rel_n_to_val_rel_fo_proven
properties/ValRelStepLimit_PROOF.v	52	Lemma	val_rel_n_step_up_k
properties/ValRelStepLimit_PROOF.v	78	Theorem	val_rel_n_to_val_rel_with_typing
properties/ValRelStepLimit_PROOF.v	97	Lemma	val_rel_n_TFn_typing
properties/ValRelStepLimit_PROOF.v	129	Lemma	val_rel_n_composite_typing
properties/ValRelStepLimit_PROOF.v	145	Theorem	val_rel_n_to_val_rel_proven
properties/ValRelStepLimit_PROOF.v	185	Theorem	val_rel_step_limit_zero_admits
termination/Reducibility.v	47	Lemma	value_SN
termination/Reducibility.v	58	Lemma	SN_step
termination/Reducibility.v	69	Lemma	fst_typed_steps_to_value
termination/Reducibility.v	95	Lemma	snd_typed_steps_to_value
termination/Reducibility.v	115	Lemma	case_typed_steps_once
termination/Reducibility.v	139	Lemma	if_typed_steps_once
termination/Reducibility.v	155	Lemma	let_typed_steps_once
termination/Reducibility.v	170	Lemma	handle_typed_steps_once
termination/Reducibility.v	185	Lemma	app_typed_steps_once
termination/ReducibilityFull.v	58	Lemma	value_not_step
termination/ReducibilityFull.v	75	Lemma	value_SN
termination/ReducibilityFull.v	86	Lemma	SN_step
termination/ReducibilityFull.v	98	Lemma	SN_classify_aux
termination/ReducibilityFull.v	113	Lemma	SN_classify
termination/ReducibilityFull.v	121	Lemma	SN_prove_aux
termination/ReducibilityFull.v	136	Lemma	SN_prove
termination/ReducibilityFull.v	144	Lemma	SN_perform_aux
termination/ReducibilityFull.v	161	Lemma	SN_perform
termination/ReducibilityFull.v	169	Lemma	SN_require_aux
termination/ReducibilityFull.v	186	Lemma	SN_require
termination/ReducibilityFull.v	194	Lemma	SN_grant_aux
termination/ReducibilityFull.v	211	Lemma	SN_grant
termination/ReducibilityFull.v	219	Lemma	SN_declassify_value_left_aux
termination/ReducibilityFull.v	240	Lemma	SN_declassify_value_left
termination/ReducibilityFull.v	249	Lemma	SN_declassify_aux
termination/ReducibilityFull.v	272	Lemma	SN_declassify
termination/ReducibilityFull.v	347	Lemma	extend_rho_id
termination/ReducibilityFull.v	358	Lemma	subst_env_id
termination/ReducibilityFull.v	377	Lemma	subst_not_free_in
termination/ReducibilityFull.v	445	Lemma	free_in_var
termination/ReducibilityFull.v	457	Lemma	not_free_in_var_neq
termination/ReducibilityFull.v	466	Lemma	extend_rho_shadow
termination/ReducibilityFull.v	475	Lemma	extend_rho_commute
termination/ReducibilityFull.v	491	Lemma	subst_env_ext
termination/ReducibilityFull.v	552	Lemma	subst_subst_env_commute_gen
termination/ReducibilityFull.v	794	Lemma	subst_subst_env_commute
termination/ReducibilityFull.v	821	Lemma	CR1
termination/ReducibilityFull.v	832	Lemma	CR3_base
termination/ReducibilityFull.v	843	Lemma	unit_reducible
termination/ReducibilityFull.v	853	Lemma	bool_reducible
termination/ReducibilityFull.v	859	Lemma	int_reducible
termination/ReducibilityFull.v	865	Lemma	string_reducible
termination/ReducibilityFull.v	881	Lemma	env_reducible_nil
termination/ReducibilityFull.v	888	Lemma	env_reducible_cons
termination/ReducibilityFull.v	1007	Lemma	fundamental_reducibility
termination/ReducibilityFull.v	1180	Theorem	well_typed_SN
termination/ReducibilityFull.v	1200	Theorem	SN_app
termination/ReducibilityFull.v	1216	Lemma	SN_closed_step
termination/ReducibilityFull.v	1232	Lemma	SN_beta_value
termination/SizedTypes.v	102	Lemma	expr_size_pos
termination/SizedTypes.v	125	Lemma	value_prod_decompose
termination/SizedTypes.v	142	Lemma	value_sum_decompose
termination/SizedTypes.v	155	Lemma	value_bool_decompose
termination/SizedTypes.v	166	Lemma	value_fn_decompose
termination/SizedTypes.v	177	Lemma	fst_steps_once
termination/SizedTypes.v	191	Lemma	snd_steps_once
termination/SizedTypes.v	199	Lemma	case_inl_steps_once
termination/SizedTypes.v	207	Lemma	case_inr_steps_once
termination/SizedTypes.v	215	Lemma	if_true_steps_once
termination/SizedTypes.v	222	Lemma	if_false_steps_once
termination/SizedTypes.v	229	Lemma	let_value_steps_once
termination/SizedTypes.v	237	Lemma	handle_value_steps_once
termination/SizedTypes.v	245	Lemma	app_lam_steps_once
termination/SizedTypes.v	253	Lemma	step_to_multi
termination/SizedTypes.v	268	Lemma	multi_step_trans
termination/StrongNorm.v	30	Theorem	value_strongly_normalizing
termination/StrongNorm.v	42	Lemma	fst_terminates_to_value
termination/StrongNorm.v	62	Lemma	snd_terminates_to_value
termination/StrongNorm.v	77	Lemma	if_bool_terminates_once
termination/StrongNorm.v	102	Lemma	let_terminates_once
termination/StrongNorm.v	117	Lemma	handle_terminates_once
termination/StrongNorm.v	132	Lemma	app_lam_terminates_once
termination/StrongNorm.v	147	Lemma	store_ty_extends_refl
termination/TerminationLemmas.v	45	Lemma	exp_rel_step1_fst_typed
termination/TerminationLemmas.v	74	Lemma	exp_rel_step1_snd_typed
termination/TerminationLemmas.v	103	Lemma	exp_rel_step1_case_typed
termination/TerminationLemmas.v	186	Lemma	exp_rel_step1_if_typed
termination/TerminationLemmas.v	270	Lemma	exp_rel_step1_let_typed
termination/TerminationLemmas.v	302	Lemma	exp_rel_step1_handle_typed
termination/TerminationLemmas.v	334	Lemma	exp_rel_step1_app_typed
type_system/Preservation.v	41	Lemma	free_in_context
type_system/Preservation.v	178	Lemma	store_lookup_update_eq
type_system/Preservation.v	191	Lemma	store_lookup_update_neq
type_system/Preservation.v	209	Lemma	store_ty_lookup_update_eq
type_system/Preservation.v	219	Lemma	store_ty_lookup_update_neq
type_system/Preservation.v	237	Lemma	store_ty_extends_update_fresh
type_system/Preservation.v	257	Lemma	store_ty_extends_preserves_typing
type_system/Preservation.v	266	Lemma	store_ty_extends_refl
type_system/Preservation.v	271	Lemma	store_wf_update_existing
type_system/Preservation.v	299	Lemma	store_wf_update_fresh
type_system/Preservation.v	347	Lemma	store_ty_lookup_fresh_none
type_system/Preservation.v	357	Lemma	context_invariance
type_system/Preservation.v	488	Lemma	closed_typing_weakening
type_system/Preservation.v	505	Lemma	substitution_preserves_typing
type_system/Preservation.v	727	Lemma	value_has_pure_effect
type_system/Preservation.v	765	Lemma	preservation_helper
type_system/Preservation.v	1192	Theorem	preservation
type_system/Preservation.v	1200	Lemma	store_ty_extends_trans
type_system/Preservation.v	1212	Theorem	multi_step_preservation
type_system/Progress.v	26	Lemma	canonical_bool
type_system/Progress.v	38	Lemma	canonical_fn
type_system/Progress.v	48	Lemma	canonical_pair
type_system/Progress.v	58	Lemma	canonical_sum
type_system/Progress.v	70	Lemma	canonical_ref
type_system/Progress.v	80	Lemma	canonical_secret
type_system/Progress.v	90	Lemma	canonical_proof
type_system/Progress.v	100	Lemma	lookup_nil_contra
type_system/Progress.v	109	Theorem	progress
type_system/TypeSafety.v	26	Theorem	type_safety
type_system/TypeSafety.v	40	Theorem	multi_step_safety
